%line%,%seq%,%effect%,%music%,%bg%,%cg%,%ov%,%truename%,%name%,%voice%,%st0_name%,%st0_pos%,%st0_face%,%st1_name%,%st1_pos%,%st1_face%,%st2_name%,%st2_pos%,%st2_face%,%pageflag%,%text%
10000 ,@common_top,,,,,,,,,,,,,,,,,,,‹¤’Êƒp[ƒgæ“ª
10500 ,@000_CA00,,,,,,,,,,,,,,,,,,,
10800 ,,,15,33,,,,,,,,,,,,,,,,"When it comes to railways running east-west through the bedroom communities aiming for the city center, what probably comes to mind first is the scene of a crushingly packed rush-hour commute."
10900 ,,,,,,,,,,,,,,,,,,,,"However, if you ride that train in the opposite direction for just one hour, you'll find a landscape of mountains and greenery that doesn't seem like it's even within the city limits."
11000 ,,,,,,,,,,,,,,,,,,,,"And then, having completely entered the mountains, I got off at the terminal station and was shaken by a bus a little further in."
11100 ,,,,,,,,,,,,,,,,,,,,"Then, the houses in the residential area also start to rise and fall along the winding road, with several clusters of small, open spaces built on either side, creating such an atmosphere."
11200 ,,,,,,,,,,,,,,,,,,,,"If one side of the road drops steeply like a cliff, there is a stream that looks perfect for playing in the water flowing there."
11300 ,,,,,,,,,,,,,,,,,,,,"Even though it's within the same city, this place is already a proper ''countryside.''"
11400 ,,,,,,,,,,,,,,,,,,,,I came here to make my dreams come true. I quit my company early and saved up some money before moving to this countryside.
11500 ,,<s_fade time=""900"" type=""wipe"" param=""width=200&dir=right"">,,14,,,,,,,,,,,,,,,,"In such a place with nothing special, the new home I bought was a single private shop that still retains the atmosphere of the Showa era."
11600 ,,,,,,,,,,,,,,,,,,,,"The previous owner was an old lady, and after closing the shop many years ago, she started living with her son, but it seems she couldn't bear to demolish the shop she had run for so long and kept it as an abandoned house."
11700 ,,,,,,,,,,,,,,,,,,,,"Given those circumstances, the store was agreed to be given at a low price on the condition that I would run it."
11800 ,,,,,,,,,,,,,,,,,,,,This was exactly the condition we had been hoping for. It was like a godsend.
11900 ,,,,,,,,,,,,,,,,,,,,"And then, it's been about five months since the store opened."
12000 ,,<s_fade time=""900"" type=""wipe"" param=""width=200&dir=right"">,,23,,,,,,,,,,,,,,,,"As for business, it can hardly be said to be profitable."
12100 ,,,,,,,,,,,,,,,,,,,,"It's obvious. Even in such a rural area, there aren't that many customers."
12200 ,,,,,,,,,,,,,,,,,,,,"Besides, most of the products handled at the store are junk snacks... that is, my store is a junk food shop."
12300 ,,,,,,,,,,,,,,,,,,,,"When I was a kid, snacks that used to cost 10 yen are now 20 yen, but it's still a small business selling items for just a few dozen yen."
12400 ,,,,,,,,,,,,,,,,,,,,"For other products, too, like detergents and cigarettes I get on request from neighbors, or small household items."
12500 ,,,,,,,,,,,,,,,,,,,,There's no way this can be profitable.
12600 ,,,,,,,,,,,,,,,,,,,,But I have a dream.
12700 ,,,,,,,,,,,,,,,,,,,,"When I was little, I want to teach today's kids the taste of the snacks I used to eat and the fun of gathering at the candy stores."
12800 ,,,,,,,,,,,,,,,,,,,,"The joy of gazing at colorful snacks and thinking, ''What should I eat today...?''"
12900 ,,,,,,,,,,,,,,,,,,,,The joy of deciding how to spend your pocket money yourself.
13000 ,,,,,,,,,,,,,,,,,,,,"So, roughly summarized..."
13100 ,,,,,,,,,,,,,,,,,,,,I like girls. I like small and cute girls.
13200 ,,,,,,,,,,,,,,,,,,,,I wanted a reason to get close to kids like that.
13300 ,,,,,,,,,,,,,,,,,,,,"The only store next to the school, and because it's also a candy shop, students returning from school started to drop by as soon as it opened."
13400 ,,,,,,,,,,,,,,,,,,,,"These days, I remember most of my customers' names and treat them like friends."
13500 ,,,,,,,,,,,,,,,,,,,,Except for that kid who just moved in recently.
13600 ,,<s_fade time=""900"" type=""wipe"" param=""width=200&dir=right"">,,33,,,ålŒö,ƒ–¼„,,,,,,,,,,,,"Today, the snack you bought me... was just one, wasn't it?"
13700 ,,,,,,,,,,,,,,,,,,,,"From the trash can... no, from the treasure box, I picked up containers of cheap snacks that a cute girl had touched with her mouth and placed them on the desk."
13800 ,,,,,,,,,,,,,,,,,,,,It's a small yogurt dessert container and a spoon. Just thinking about a little girl putting her mouth to it makes my heart race.
13900 ,,,,,,,,,,,,,,,,,,,,The groin is also in a state of readiness for battle.
14000 ,,,,,,,ålŒö,ƒ–¼„,,,,,,,,,,,,"Since you went to the trouble of putting it in your mouth, the best answer is to lick it..."
14100 ,,,,,,,,,,,,,,,,,,,,But is that really the case?
14200 ,,,,,,,,,,,,,,,,,,,,"That way, your heart may be satisfied, but your dick won't feel good."
14300 ,,,,,,,,,,,,,,,,,,,,"If we prioritize making the penis feel good, what would happen?"
14400 ,,,,,,,,,,,,,,,,,,,,Doesn't using this container or spoon in that way essentially make it indirect fellatio?
14500 ,,,,,,,ålŒö,ƒ–¼„,,,,,,,,,,,,"Well, that's a good idea, isn't it?"
14600 ,,,,,,,,,,,,,,,,,,,,"Well, but if you end up pleasuring your dick like that, you can't just go ahead and put your mouth on it like an indirect kiss..."
14700 ,,,,,,,,,,,,,,,,,,,,It's more like an indirect self-fellatio with my dick rather than an indirect kiss with a girl.
14800 ,,,,,,,,,,,,,,,,,,,,"The part licked by the girl is licked slobberingly, which is a basic male action even without bringing out a soprano recorder. If you can't do that, maybe your heart won't be satisfied."
14900 ,,,,,,,ålŒö,ƒ–¼„,,,,,,,,,,,,'So you're supposed to carefully choose which one is better...'
15000 ,,,,,,,,,,,,,,,,,,,,This is a dilemma.
15100 ,,,,,,,ålŒö,ƒ–¼„,,,,,,,,,,,,No.
15200 ,,,,,,,,,,,,,,,,,,,,"The girl licked the yogurt container and the spoon, two in total. In other words, if she licked one and used the other to make her clitoris feel good, this problem would be solved."
15300 ,,,,,,,,,,,,,,,,,,,,But when will there be another chance to get my hands on a yogurt container and spoon?
15400 ,,,,,,,,,,,,,,,,,,,,"When you think about it, isn't it quite extravagant to use two such delicious ingredients at the same time?"
15500 ,,,,,,,,,,,,,,,,,,,,"If that's the case, using something that another girl used might be an option, but today everyone bought senbei and chocolates, so..."
15600 ,,,,,,,ålŒö,ƒ–¼„,,,,,,,,,,,,Burrr...... uuuh......
15700 ,,,,,,,,,,,,,,,,,,,,"It's troublesome, but if I don't decide soon, I'll have to deal with my hard-on in this state. I might catch a cold."
15800 ,,,,,,,ålŒö,ƒ–¼„,,,,,,,,,,,,"Okay, today I'll splurge and use both!"
15900 ,,,,,,,,,,,,,,,,,,,,"After deciding, I thought a bit more about which one to lick and which one to press against my dick, and then I decided to lick the spoon and press the container against my dick, and immediately started masturbating."
16000 ,,,,,,,ålŒö,ƒ–¼„,,,,,,,,,,,,"Ah... you licked this place, didn't you..."
16100 ,,,,,,,,,,,,,,,,,,,,"While holding a spoon, I imagine that country-girlish, simple and seemingly naive girl who visited the shop, and forcefully shove my little dick into the small yogurt container."
16200 ,,,,,,,ålŒö,ƒ–¼„,,,,,,,,,,,,It looks like you're trying to shove a little dick into my tiny mouth... ugh.
16300 ,,,,,,,,,,,,,,,,,,,,The yogurt stuck to the container of licked remains sends a slimy sensation to my little chinny-chin-chin.
16400 ,,,,,,,,,,,,,,,,,,,,"The sense of fulfillment from actually having something is no joke. While imagining that girl's tongue, I licked the spoon and rubbed the container against my dick."
16500 ,,,,,,,,,,,,,,,,,,,,"It's impossible for a fully erect dick to fit inside a small yogurt container, but looking at the slightly rough edge of the container and the part where it tightens up a bit,"
16600 ,,,,,,,,,,,,,,,,,,,,"It felt like the girl's vaginal opening, and the already rock-hard dick reached its climax in an instant with that imagination."
16800 ,,,,,,,ålŒö,ƒ–¼„,,,,,,,,,,,,"Deler-deler..., ugh!"
16900 ,,<!ef_shasei>,,,,,,,,,,,,,,,,,,"Chinchin twitches nervously. Seeing it about to overflow from the container, he quickly switches to holding it with a tissue and wraps it around his dick."
17000 ,,,,,,,,,,,,,,,,,,,,"By now, I'm used to this kind of reflexive behavior. My history of masturbation isn't exactly long."
17100 ,,,,,,,ålŒö,ƒ–¼„,,,,,,,,,,,,Hmm... it came out plenty.
17200 ,,,,,,,,,,,,,,,,,,,,"A white, sticky liquid has accumulated in the container."
17300 ,,,,,,,ålŒö,ƒ–¼„,,,,,,,,,,,,"It looks like you've just poured in some yogurt again. If only that kid would lick this, it would be perfect."
17400 ,,,,,,,,,,,,,,,,,,,,"I pushed it too hard, and along with the post-orgasm exhaustion, my eyelids started to feel heavy."
17500 ,,,,,,,,,,,,,,,,,,,,I was wiping my dick with a tissue and somehow fell asleep without realizing it.
17600 ,,,,,,,,,,,,,,,,,,,,I felt like I saw that girl in my dream...
17700 ,,<!Lend_night>,0,9000,,,,,,,,,,,,,,,,
17800 ,@001_CA01,,,,,,,,,,,,,,,,,,,"CG:SA00A,KA00A"
18000 ,,<hide><!se_inaka_semi_M>,,,,,,,,,,,,,,,,,,
18100 ,,<!Lbegin_morning>,5,11,,,ålŒö,ƒ–¼„,,,,,,,,,,,,Fwoooah...
18200 ,,,,,,,,,,,,,,,,,,,,"Yesterday, I fell asleep while still masturbating. Since I slept on the tatami mat, my body hurts."
18300 ,,,,,,,,,,,,,,,,,,,,"That said, from morning until noon, hardly any customers come by, so even if I oversleep a bit, it's no problem at all."
18400 ,,,,,,,,,,,,,,,,,,,,"I tapped my waist and stretched my back... hmm, the sun is strong."
18500 ,,,,,,,,,,,,,,,,,,,,"Maybe today, the usual kids will come, so I can look forward to it."
18600 ,,,,,,,,,,,,,,,,,,,,"The customers of this store visit here from around noon until the evening. If it's early, it might be about that time now."
18700 ,,,,,,,,,,,,,,,,,,,,"While preparing for opening, I wait for that time."
18800 ,,<se_stop id=""1"" fadeout=""8000""><!timepass_quick>,,,,,,,,,,,,,,,,,,"Soon enough, a small guest appeared."
18900 ,,,,,,,ålŒö,ƒ–¼„,,,,,,,,,,,,Oh!?
19000 ,,,,,,,,,,,,,,,,,,,,"Today, three little girls came together!"
19100 ,,,,,,,çŒb,çŒb,001_CA01_c_000.wav,"chie,private",,0,,,,,,,",'Hey, Uncle! Good afternoon!'"
19200 ,,,,,,,ålŒö,ƒ–¼„,,chie,,0,,,,,,,,Welcome! You seem to be in high spirits today!
19300 ,,,,,,,çŒb,çŒb,001_CA01_c_001.wav,chie,,21,,,,,,,,"Yeah, Uncle! Chi-chan is doing well!"
19400 ,,,,,,,,,,chie,,21,,,,,,,,Laugh without reservation. I'd love to take a picture of it.
19500 ,,,,,,,,,,chie,,21,,,,,,,,"This child is ''Sayama Chie'' (ƒ‹·R‚³‚â‚Ü„@ƒçŒb‚¿‚¦„). Everyone, including me, calls her ''Chi-chan'' as a nickname."
19600 ,,,,,,,,,,chie,,21,,,,,,,,"Since this shop opened, you've been a regular customer who keeps coming by, and we've become like friends."
19700 ,,,,,,,,,,chie,,21,,,,,,,,"It seems like they really love snacks, always sparkling their eyes as they look around the store, and honestly, they seem so happy buying snacks."
19800 ,,,,,,,,,,chie,,21,,,,,,,,"It always feels like your energy is overflowing from your body, and it's amazing."
19900 ,,,,,,,,,,chie,,21,,,,,,,,"It looks really affectionate and has a relaxed guard, especially in places like that."
20000 ,,,,,,,,,,chie,,21,,,,,,,,"I don't mind being called ''Oichan'' at all. In fact, it makes me happy."
20100 ,,,,,,,çŒb,çŒb,001_CA01_c_002.wav,chie,,1,,,,,,,,Eh heh heh!
20200 ,,,,,,,ålŒö,ƒ–¼„,,chie,,1,,,,,,,,Eh heh heh!
20300 ,,,,,,,,,,chie,,1,,,,,,,,"Looking at each other with smiles, the little girl holding chi-chan's hand turned her face toward me with a slightly wary expression."
20400 ,,,,,,,çŒb,çŒb,001_CA01_c_003.wav,chie,,0,,,,,,,,What's up with Komachan?
20500 ,,,,,,,ƒRƒ}ƒR,ƒRƒ}ƒR,001_CA01_k_000.wav,,,,"komako,private",,3,,,,",'No, it's nothing.'"
20600 ,,,,,,,,,,,,,komako,,3,,,,,"This child, whose facial features and hair color don't look Japanese, is ''Komachan,'' or ''Komako Semenovich.'' I call her Komako-chan."
20700 ,,,,,,,,,,,,,komako,,3,,,,,"From what I heard, it seems like they're half Russian father and Japanese mother."
20800 ,,,,,,,,,,,,,komako,,3,,,,,"The first time you came to my store, I panicked and said, ''W-well, I can only speak Japanese, y'know?!'' But it turns out you were born and have lived in Japan your whole life and speak Japanese fluently."
20900 ,,,,,,,,,,,,,komako,,3,,,,,This child also has been a regular customer at our store since we opened.
21000 ,,,,,,,,,,,,,komako,,3,,,,,"Even if you say so, he only comes with Chi-chan, and sometimes he seems to be avoiding me... but still, he's an important customer for me."
21100 ,,,,,,,çŒb,çŒb,001_CA01_c_004.wav,chie,,1,,,,,,,,"Hey, come here too, Tenka-chan!"
21200 ,,,,,,,,,,chie,,1,,,,,,,,"Chii-chan calls out to and beckons the slightly more mature-looking girl, the only one left."
21300 ,,,,,,,,,,chie,,1,,,,,,,,"The ''Komako-chan'' who is stuck together tightly is different, but this ''Tenka-chan'' over here is a bit farther away, huh."
21400 ,,,,,,,,,,chie,,1,,,,,,,,The last child is a child who has recently started coming to the store.
21500 ,,,,,,,,,,chie,,1,,,,,,,,A bit refined and a bit sophisticated feel.
21600 ,,,,,,,,,,chie,,1,,,,,,,,"By the way, the name... well, it sounds like a nickname, but it's the first time I've heard it."
21700 ,,,,,,,ålŒö,ƒ–¼„,,chie,,1,,,,,,,,Tenkachan?... Is this the second time you brought them here? Are they your friends?
21800 ,,,,,,,çŒb,çŒb,001_CA01_c_005.wav,chie,,20,,,,,,,,"Yeah! I just moved recently, you know?"
21900 ,,,,,,,ålŒö,ƒ–¼„,,chie,,20,,,,,,,,"That's so! / That's the way it is! / I see! / Oh, is that so!"
22000 ,,,,,,,,,,chie,,20,,,,,,,,"It feels like you haven't blended in, is that why?"
22100 ,,,,,,,çŒb,çŒb,001_CA01_c_006.wav,chie,,21,,,,,,,,"You came from the city, right?"
22200 ,,,,,,,,,,chie,,21,,,,,,,,"I got a little weirded out by how Chi-chan talks. She's a city kid, you know."
22300 ,,,,,,,,,,chie,,21,,,,,,,,"Do you even realize you're from the countryside? Compared to here, anywhere else is a city!"
22400 ,,,,,,,“[‰Ô,“[‰Ô,001_CA01_t_000.wav,chie,,21,"tenka,private",,15,,,,",Son'nan ja...... naishi......"
22500 ,,,,,,,,,,chie,,21,tenka,,15,,,,,"Tenkachan's side seems a bit off in delivery. Or rather, it looks like they're struggling with how to react."
22600 ,,,,,,,ålŒö,ƒ–¼„,,chie,,21,tenka,,15,,,,,"Tenkachan, if you find something you like, go ahead and buy it, okay?"
22700 ,,,,,,,çŒb,çŒb,001_CA01_c_007.wav,chie,,1,tenka,,15,,,,,"Today you'll find it, right\Tenka-chan. Come on, let's go inside!"
22800 ,,,,,,,ålŒö,ƒ–¼„,,chie,,1,tenka,,15,,,,,"Come in, please. Do come in."
23000 ,,,,,,,“[‰Ô,“[‰Ô,001_CA01_t_001.wav,chie,,1,tenka,,10,,,,,"Uh, I said it's fine... I mean, I..."
23100 ,,,,,,,,,,,,,,,,,,,,Chi-chan forcibly pulled Amanohana-chan's hand and dragged her into the store.
23200 ,,<!move_short>,,21,,,çŒb,çŒb,001_CA01_c_008.wav,chie,,21,,,,,,,,"Here, here! Look, Tenka-chan, you have a KGB card!"
23300 ,,,,,,,,,,chie,,21,,,,,,,,"The thing Chi-chan pointed at was a photo raffle for the idol ''KGB48,'' which is super popular among girls."
23400 ,,,,,,,,,,chie,,21,,,,,,,,It's the old type where you pull out a bag whose contents aren't visible and everyone waits to see who wins.
23500 ,,,,,,,,,,chie,,21,,,,,,,,"Well, it doesn't seem like they've properly obtained permission\it's cheap-looking, or rather, fake merchandise like printed copies of cut-outs from idol magazines."
23600 ,,,,,,,“[‰Ô,“[‰Ô,001_CA01_t_002.wav,chie,,21,tenka,,29,,,,,I don't need that kind of thing.
23700 ,,,,,,,çŒb,çŒb,001_CA01_c_009.wav,chie,,3,tenka,,29,,,,,"Huh? Do you hate the KGB, Tenka-chan?"
23800 ,,,,,,,ålŒö,ƒ–¼„,,chie,,3,tenka,,29,,,,,Is it also popular to have idols and trends among the Chi-chan group?
23900 ,,,,,,,çŒb,çŒb,001_CA01_c_010.wav,chie,,0,tenka,,29,,,,,"Yeah, we exchange them with everyone and collect cards of our favorite idols. There are also kids collecting cards from idol card games."
24000 ,,,,,,,,,,chie,,0,tenka,,29,,,,,"Yeah, I know quite a bit about that area too."
24100 ,,,,,,,,,,chie,,0,tenka,,29,,,,,"Since I'm doing a candy shop anyway, I even thought about putting in a machine for an idol-raising card game."
24200 ,,,,,,,,,,chie,,0,tenka,,29,,,,,"But it seems like that can only be introduced in places where you can sell a huge number of cards, so I gave up on it."
24300 ,,,,,,,,,,chie,,0,tenka,,29,,,,,"Besides, I don't want weird adult customers hanging around either."
24400 ,,,,,,,,,,chie,,0,tenka,,29,,,,,"Machines set up in urban electronics stores are obviously being occupied by an adult who isn't even their parent, just sitting alone in the booth."
24500 ,,,,,,,ålŒö,ƒ–¼„,,chie,,0,tenka,,29,,,,,Does Chee-chan like idols?
24600 ,,,,,,,çŒb,çŒb,001_CA01_c_011.wav,chie,,25,tenka,,29,,,,,"Chii-chan is... hmm, I don't know. Maybe a little bit?"
24700 ,,,,,,,ålŒö,ƒ–¼„,,chie,,25,tenka,,29,,,,,"I like sweets more, you know."
24800 ,,,,,,,çŒb,çŒb,001_CA01_c_012.wav,chie,,1,tenka,,29,,,,,Uun!!
24900 ,,,,,,,,,,chie,,1,tenka,,29,,,,,"Chii-chan answered with a beaming smile. Yeah, she's cute."
25000 ,,,,,,,çŒb,çŒb,001_CA01_c_013.wav,chie,,21,tenka,,29,,,,,"Hey, Tenka-chan, let's go buy some snacks! This snack is delicious, you know!"
25100 ,,,,,,,“[‰Ô,“[‰Ô,001_CA01_t_003.wav,chie,,21,tenka,,30,,,,,....................
25200 ,,,,,,,,,,chie,,21,tenka,,30,,,,,"It looks like Chii-chan is trying really hard to get Takanoka-chan's attention, but as usual, Takanoka-chan isn't in the mood."
25300 ,,,,,,,“[‰Ô,“[‰Ô,001_CA01_t_004.wav,chie,,21,tenka,,9,,,,,'.........I don't need that. There's delicious chocolate at home anyway.'
25400 ,,,,,,,,,,chie,,21,tenka,,9,,,,,The long-awaited reply was just as cold and dismissive as ever.
25500 ,,,,,,,çŒb,çŒb,001_CA01_c_014.wav,chie,,25,tenka,,9,,,,,"Oh, I see..."
25600 ,,,,,,,,,,,,,,,,,,,,Komako-chan looked at Chi-chan's unusually sad face with a worried expression.
25700 ,,,,,,,,,,,,,,,,,,,,"Still, you're not very good at keeping in touch, Amakura."
25800 ,,,,,,,,,,,,,,,,,,,,"But then again, for some reason, the two of them come to the candy store. They don't even like photo raffles, honestly."
25900 ,,,,,,,,,,,,,,,,,,,,"In the end, Amanohana-chan just can't be straightforward, I guess."
26000 ,,,,,,,,,,,,,,,,,,,,"As I thought about it, Chi-chan had already turned her attention to the sweets and was completely absorbed in them."
26100 ,,,,,,,çŒb,çŒb,001_CA01_c_015.wav,chie,,21,,,,,,,,What should I do now?
26200 ,,,,,,,,,,chie,,21,,,,,,,,"Now, how many minutes does Chi-chan spend choosing snacks today?"
26300 ,,,,,,,çŒb,çŒb,001_CA01_c_016.wav,chie,,14,,,,,,,,Umm... well...
26400 ,,,,,,,,,,chie,,14,,,,,,,,"Chii-chan, with sparkling eyes, looks around the shelves. Behind her, Komako-chan follows closely."
26500 ,,,,,,,,,,chie,,14,,,,,,,,"Huh? You've already decided, it seems. That was surprisingly fast."
26600 ,,,,,,,çŒb,çŒb,001_CA01_c_017.wav,"chieL,private",,0,,,,,,,",Here! Please take it!"
26700 ,,,,,,,ålŒö,ƒ–¼„,,chieL,,0,,,,,,,,"Oh yeah, Chi-chan really loves this, doesn't she? It's 30 yen."
26900 ,,,,,,,,,,chieL,,0,,,,,,,,"The one Chi-chan chose was a snack called ''Butt Choco,'' which is a biscuit topped with chocolate. It has a picture of a baseball bat drawn on it."
27000 ,,,,,,,,,,chieL,,0,,,,,,,,It's been a long-selling product since my childhood.
27100 ,,,,,,,,,,chieL,,0,,,,,,,,"Actually, it seems to be a seasonal product because chocolate melts... but in my candy store, it's kept in the juice fridge and sold chilled."
27200 ,,,,,,,,,,chieL,,0,,,,,,,,"I want you to try eating all kinds of snacks, too, because of that, and because Chi-chan likes them."
27300 ,,,,,,,çŒb,çŒb,001_CA01_c_018.wav,chieL,,21,,,,,,,,"One, two, three... that's thirty-four!"
27400 ,,,,,,,ålŒö,ƒ–¼„,,chieL,,21,,,,,,,,"Ah, as always!'' or ''Yes, as usual!"
27500 ,,,,,,,,,,chie,,21,,,,,,,,"It's only 30 yen, but for Chi-chan, it must be quite a sum of money. I find myself smiling at how carefully she counted and handed it over."
27600 ,,,,,,,ålŒö,ƒ–¼„,,chie,,21,,,,,,,,"You made your decision smoothly today, didn't you?"
27700 ,,,,,,,çŒb,çŒb,001_CA01_c_019.wav,chie,,0,,,,,,,,I wish I had done it this way last time.
27800 ,,,,,,,,,,chie,,0,,,,,,,,I see. / That makes sense. / That's right. / Got it.
27900 ,,,,,,,,,,chie,,0,,,,,,,,And then Chi-chan carefully opened the package without breaking the blacked-out part.
28000 ,,,,,,,,,,chie,,0,,,,,,,,"Well, it does come with a hit bonus. You get four ''Hit'' cards and one ''Home Run'' card, and you can get one more."
28100 ,,,,,,,,,,chie,,0,,,,,,,,"From what I've looked up online, it seems like there's only about one winner per box or something."
28200 ,,,,,,,,,,chie,,0,,,,,,,,"I also remember eating quite a bit as a child, but I don't remember ever hitting a ''home run.''"
28300 ,,,,,,,çŒb,çŒb,001_CA01_c_020.wav,chie,,4,,,,,,,,Uuuh............ aah! Hit!
28400 ,,,,,,,ƒRƒ}ƒR,ƒRƒ}ƒR,001_CA01_k_001.wav,chie,,4,komako,,24,,,,,Fuah......!
28500 ,,,,,,,,,,chie,,4,komako,,24,,,,,"Up until now, Komako-chan, who hadn't reacted much, spoke up."
28600 ,,,,,,,ƒRƒ}ƒR,ƒRƒ}ƒR,001_CA01_k_002.wav,chie,,4,komako,,1,,,,,"Wow, Nee-chan, you made it! Good for you!"
28700 ,,,,,,,çŒb,çŒb,001_CA01_c_021.wav,chie,,21,komako,,1,,,,,Yeah!
28800 ,,,,,,,ålŒö,ƒ–¼„,,chie,,21,komako,,1,,,,,"Congratulations, Chii-chan!"
28900 ,,,,,,,çŒb,çŒb,001_CA01_c_022.wav,chie,,0,,,,,,,,"Yattaa, chi-chan! First hit! Oi-chan, how many do you get for a hit?!"
29000 ,,,,,,,ålŒö,ƒ–¼„,,chie,,0,,,,,,,,"Uh, you need to collect four hits to exchange for one, right?"
29100 ,,,,,,,çŒb,çŒb,001_CA01_c_023.wav,chie,,5,,,,,,,,"Eh..., I'm not getting even one? I have to collect four of them..."
29200 ,,,,,,,,,,chie,,5,,,,,,,,A little disappointed-looking Chi-chan. I almost burst out laughing at the drop in her tension.
29300 ,,,,,,,,,,chie,,5,,,,,,,,"Now that I think about it, Chichan always seems to get the ones with the prizes attached."
29400 ,,,,,,,,,,chie,,5,,,,,,,,"It seems like you were planning to buy as many snacks as possible with your limited pocket money, aiming for the ones with raffle tickets attached."
29500 ,,,,,,,ålŒö,ƒ–¼„,,chie,,5,,,,,,,,"Well, maybe the next one will be a home run."
29600 ,,,,,,,çŒb,çŒb,001_CA01_c_024.wav,chie,,21,,,,,,,,Yeah! Next time I'll get it!
29700 ,,,,,,,,,,chie,,21,,,,,,,,"Don't give up, Chi-chan, huh? Yeah, you're really cute."
29800 ,,,,,,,çŒb,çŒb,001_CA01_c_025.wav,chie,,20,,,,,,,,"It's expensive, but it's delicious, right? I really wanted to eat it!"
29900 ,,,,,,,,,,chie,,20,,,,,,,,"Yeah, I understand. But as a grandfather, it's a shame that there won't be any containers or spoons left after chi-chan uses that candy."
30000 ,,,,,,,,,,chie,,20,,,,,,,,"If Chichi gets too absorbed in this snack for a while, she might be a little, well, quite disappointed, you know."
30100 ,,,,,,,çŒb,çŒb,001_CA01_c_026.wav,chie,,0,,,,,,,,Which one should Komachan choose?
30200 ,,,,,,,,,,chie,,0,,,,,,,,"Komako-chan finally separated from Chi-chan and was looking at the lined-up snacks. She seemed to be searching for something rather than just looking around... oh, she picked one."
30300 ,,,,,,,ƒRƒ}ƒR,ƒRƒ}ƒR,001_CA01_k_003.wav,,,,"komakoL,private",,20,,,,",Here. Please."
30400 ,,,,,,,,,,,,,komakoL,,20,,,,,"Komako-chan chose the squid tentacles skewered on a stick, whose sweet and savory flavor becomes even more intense the more you chew on them."
30500 ,,,,,,,,,,,,,komakoL,,20,,,,,"It might be a sour choice for a kid these days, but Komako-chan seems to love it, so she keeps buying it for me."
30600 ,,,,,,,,,,,,,komakoL,,20,,,,,"Komako-chan buys things like kinako sticks or *fu* snacks, which are pretty bitter and cheap snacks."
30700 ,,,,,,,ålŒö,ƒ–¼„,,,,,komakoL,,20,,,,,It's 20 yen.
30800 ,,,,,,,ƒRƒ}ƒR,ƒRƒ}ƒR,001_CA01_k_004.wav,,,,komakoL,,0,,,,,Yes.
30900 ,,,,,,,ålŒö,ƒ–¼„,,,,,komakoL,,0,,,,,"Ah, right on time, as usual!"
31000 ,,,,,,,,,,,,,komako,,0,,,,,"If it's vinegared squid, there'll be leftovers on the skewers... That's good, that's good."
31100 ,,,,,,,,,,,,,komako,,0,,,,,"Chichi-chan and Komako-chan, who had bought sweets, sat on a bench in front of the store and started eating them respectively."
31300 ,,,,,1000000,,çŒb,çŒb,001_CA01_c_027.wav,chie,,0,,,,,,,,I went home... *lick*
31400 ,,,,,1000000,,,,,,,,,,,,,,,Chii-chan took out about half of the snacks from the bag and then licked them up with a *pe-ro*. Ohhh!
31500 ,,,,,1000000,,,,,,,,,,,,,,,"The moment he did, his groin twitched upward."
31600 ,,,,,1000000,,,,,,,,,,,,,,,"Well, I guess I can enjoy this even if I can't get a spoon."
31700 ,,,,,1000000,,çŒb,çŒb,001_CA01_c_028.wav,chie,,0,,,,,,,,"Choco, it's delicious!"
31800 ,,,,,1000000,,,,,,,,,,,,,,,"Chii-chan is smiling brightly. The chocolate bar sticking out of the bag looks a little thin, but it really resembles a tiny penis."
31900 ,,,,,1000000,,,,,,,,,,,,,,,That beautiful young girl licking it deliciously...!!!
32000 ,,,,,1000000,,ålŒö,ƒ–¼„,,,,,,,,,,,,"Chii-chan, the chocolate looks delicious!"
32100 ,,,,,1000010,,çŒb,çŒb,001_CA01_c_029.wav,chie,,0,,,,,,,,"Yeah, the chocolate is delicious!"
32200 ,,,,,1000010,,,,,,,,,,,,,,,"In my brain, I replace the part of what chi-chan said about chocolate with ''chin-chin'' on my own. Chin-chin is delicious! It's the best!"
32400 ,,,,,1000010,,,,,,,,,,,,,,,"Chi-chan is in a great mood and licks the chocolate with a *pe-ro pe-ro* sound. She's not going to crunch it up, huh?"
32500 ,,,,,1000010,,ƒRƒ}ƒR,ƒRƒ}ƒR,001_CA01_k_005.wav,komako,,0,,,,,,,,"Chi-chan, why do you lick it like that?"
32600 ,,,,,1000000,,çŒb,çŒb,001_CA01_c_030.wav,chie,,0,,,,,,,,"Well, because after licking it, you can enjoy bread twice!"
32700 ,,,,,1000000,,ƒRƒ}ƒR,ƒRƒ}ƒR,001_CA01_k_006.wav,komako,,0,,,,,,,,"That's so! / That's the way it is! / I see! / Oh, is that so!"
32800 ,,,,,1000000,,,,,,,,,,,,,,,GJ! GJ-chan!
33000 ,,,,,2000000,,,,,,,,,,,,,,,"Meanwhile, Komako-chan, who bought the squid, is chewing on the tip."
33100 ,,,,,2000000,,ålŒö,ƒ–¼„,,,,,,,,,,,,"Koma-chan, do you like squid, right? What kind of flavor do you like? Is it delicious?"
33200 ,,,,,2000000,,ƒRƒ}ƒR,ƒRƒ}ƒR,001_CA01_k_007.wav,komako,,0,,,,,,,,It tastes like squid and is delicious.
33300 ,,,,,2000000,,ålŒö,ƒ–¼„,,,,,,,,,,,,......
33400 ,,,,,2000000,,,,,,,,,,,,,,,''Squid smells so delicious'' is probably the kind of girl who loves dicks too!
33500 ,,,,,2000000,,çŒb,çŒb,001_CA01_c_031.wav,chie,,0,,,,,,,,"Oh, by the way, summer vacation is coming up soon, isn't it?"
33600 ,,,,,2000010,,ƒRƒ}ƒR,ƒRƒ}ƒR,001_CA01_k_008.wav,komako,,0,,,,,,,,"Yeah, I see. / Yeah, that makes sense."
33700 ,,,,,2000010,,,,,,,,,,,,,,,"Two beautiful young girls standing side by side, one licking and the other chewing noisily while they talk."
33800 ,,,,,2000010,,,,,,,,,,,,,,,"Oh, summer vacation is coming soon, huh."
33900 ,,,,,2000010,,ålŒö,ƒ–¼„,,,,,,,,,,,,"Wow, summer vacation. Do you guys have any plans for summer vacation, Chi-chan?"
34000 ,,,,,1000000,,çŒb,çŒb,001_CA01_c_032.wav,chie,,0,,,,,,,,"Nn~n, it's not there~!"
34100 ,,,,,1000000,,,,,,,,,,,,,,,"What the hell? Well, if someone says something like, ''You're not coming, right? Oh, you're going on a trip, so you won't be there!'' then that's pretty shocking."
34200 ,,,,,1000010,,çŒb,çŒb,001_CA01_c_033.wav,chie,,0,,,,,,,,"During summer vacation, I can get a little more pocket money, you know! So, I'll come to Ojisan's place every day!"
34300 ,,,,,1000010,,,,,,,,,,,,,,,"Wow, really!?"
34400 ,,,,,1000010,,ålŒö,ƒ–¼„,,,,,,,,,,,,That's great! I'd love for you to come a lot!
34500 ,,,,,2000000,,ƒRƒ}ƒR,ƒRƒ}ƒR,001_CA01_k_009.wav,komako,,0,,,,,,,,It looks like there aren't many customers.
34600 ,,,,,2000000,,ålŒö,ƒ–¼„,,,,,,,,,,,,"Well... yeah, that's right, though..."
34700 ,,,,,2000000,,,,,,,,,,,,,,,"As ever, Komako-chan is so cold. It hurts, uncle."
34800 ,,,,,2000000,,,,,,,,,,,,,,,"......huh? Komako-chan, your shoulder strap is slipping... oh nooo!?"
34900 ,,,,,2000000,,,,,,,,,,,,,,,"I didn't notice, but maybe you accidentally showed your nipple, right!?"
35000 ,,,,,2000000,,,,,,,,,,,,,,,"That pink one is like that, right? If the shoulder strap could just shift a little more, it would look like it's about to slip off..."
35100 ,,,,,2000000,,,,,,,,,,,,,,,Just a little more like this... the angle...
35300 ,,,,,2000010,,ƒRƒ}ƒR,ƒRƒ}ƒR,001_CA01_k_010.wav,komako,,0,,,,,,,,H What's that?
35400 ,,,,,2000010,,ålŒö,ƒ–¼„,,,,,,,,,,,,"Huh? Well, I thought you were eating it deliciously, so\hehehe!"
35500 ,,,,,2000010,,ƒRƒ}ƒR,ƒRƒ}ƒR,001_CA01_k_011.wav,komako,,0,,,,,,,,"It's delicious, but..."
35600 ,,,,,2000010,,,,,,,,,,,,,,,"Komako-chan tilts her head with a ''?'' expression. Ugh, she's still so cute she looks like she might die! Plus, her nipples look like they might show, and this is already art!"
35700 ,,,,,2000010,,,,,,,,,,,,,,,"But if they're looking over here, I can't stare at their chest either\it's awkward."
35800 ,,,,,2000010,,,,,,,,,,,,,,,Just being looked at by this cute face makes me feel like I could be motivated a hundred times today or so...
35900 ,,,,,2000010,,ålŒö,ƒ–¼„,,,,,,,,,,,,Does Komako-chan have any plans for the summer vacation or something?
36000 ,,,,,2000010,,ƒRƒ}ƒR,ƒRƒ}ƒR,001_CA01_k_012.wav,komako,,0,,,,,,,,Play with Chi-chan
36100 ,,,,,2000010,,,,,,,,,,,,,,,It was an immediate answer.
36200 ,,,,,2000010,,ålŒö,ƒ–¼„,,,,,,,,,,,,"Hmm, they're close, huh."
36300 ,,,,,2000010,,ƒRƒ}ƒR,ƒRƒ}ƒR,001_CA01_k_013.wav,komako,,0,,,,,,,,Uh-huh.
36400 ,,,,,2000010,,,,,,,,,,,,,,,"It's blunt, but somehow it feels powerful."
36600 ,,,,,1000020,,çŒb,çŒb,001_CA01_c_034.wav,chie,,0,,,,,,,,"Chi-chan and Komachan are best friends, right?"
36700 ,,,,,1000020,,ƒRƒ}ƒR,ƒRƒ}ƒR,001_CA01_k_014.wav,komako,,0,,,,,,,,...Yeah.
36800 ,,,,,1000020,,,,,,,,,,,,,,,"Again, Komako-chan nods firmly."
36900 ,,,,,1000020,,,,,,,,,,,,,,,"Oh no, Chi-chan is in trouble again! She's flapping her feet and licking chocolate with a slurping sound!"
37000 ,,,,,1000020,,,,,,,,,,,,,,,"And then, the tip of the chocolate has already been licked away, exposing the biscuit part. It looks like a peeled foreskin."
37100 ,,,,,1000020,,,,,,,,,,,,,,,"It looks just like where my dick is peeled off, doesn't it!?!?"
37200 ,,,,,1000020,,,,,,,,,,,,,,,"And besides, because she lifts her leg, her alluring panties peek out in between."
37300 ,,,,,1000020,,,,,,,,,,,,,,,"If allowed, I'd love to pull it out right here without hesitation and take heart from it!"
37400 ,,,,,1000020,,,,,,,,,,,,,,,"I just realized that this apron, which doesn't suit me when I stand in the store, is perfect for hiding my erection."
37500 ,,,,,1000020,,,,,,,,,,,,,,,"As I watched that happy-looking scene, Chi-chan turned toward Amanohana-chan, who hadn't been able to join the conversation until now."
37600 ,,,,,1000020,,çŒb,çŒb,001_CA01_c_035.wav,chie,,0,,,,,,,,"So, what are you going to do for summer vacation, Tenka-chan?"
37700 ,,,,,1000020,,“[‰Ô,“[‰Ô,001_CA01_t_005.wav,tenka,,0,,,,,,,,Uh... what? Uh...
37800 ,,,,,1000020,,,,,,,,,,,,,,,"Suddenly rejected, Amanohana-chan seemed a bit flustered."
37900 ,,,,,1000020,,,,,,,,,,,,,,,"Amari-chan would just sit on the bench, but maybe because she didn't buy anything, she's watching from a little farther away."
38000 ,,,,,1000020,,“[‰Ô,“[‰Ô,001_CA01_t_006.wav,tenka,,0,,,,,,,,"Like, no plans or anything..."
38100 ,,,,,1000020,,çŒb,çŒb,001_CA01_c_036.wav,chie,,0,,,,,,,,Then let's play with Chi-chan and the others!
38200 ,,,,,1000020,,“[‰Ô,“[‰Ô,001_CA01_t_007.wav,tenka,,0,,,,,,,,Playing... what should I do...
38300 ,,,,,1000020,,çŒb,çŒb,001_CA01_c_037.wav,chie,,0,,,,,,,,Huh? I haven't thought about that yet though...
38400 ,,,,,1000020,,“[‰Ô,“[‰Ô,001_CA01_t_008.wav,tenka,,0,,,,,,,,"Think about it..., ah, no, it's not about playing though..."
38500 ,,,,,1000020,,çŒb,çŒb,001_CA01_c_038.wav,chie,,0,,,,,,,,"Think about it before summer vacation, so... wanna play?"
38600 ,,,,,1000020,,“[‰Ô,“[‰Ô,001_CA01_t_009.wav,tenka,,0,,,,,,,,"Uh, well..."
38700 ,,,,,1000020,,,,,,,,,,,,,,,"Amachan is in trouble. But even though she's in trouble, she doesn't seem to be complaining or resisting."
38800 ,,,,,1000020,,,,,,,,,,,,,,,Guhhhhhhhhhhh!
39000 ,,,,11,,,ålŒö,ƒ–¼„,,,,,,,,,,,,That was...
39100 ,,,,,,,,,,,,,,,,,,,,It's the sound of my stomach.
39200 ,,,,,,,“[‰Ô,“[‰Ô,001_CA01_t_010.wav,,,,tenka,,24,,,,,!!
39300 ,,,,,,,,,,,,,tenka,,24,,,,,"The gazes of me, Chi-chan, and Komako-chan were all focused on Amanohana-chan. The sound that rang out came from Amanohana-chan's stomach."
39400 ,,,,,,,çŒb,çŒb,001_CA01_c_039.wav,chie,,3,tenka,,24,,,,,"Hmm? Oh, Amakura-chan is hungry!"
39500 ,,,,,,,ƒRƒ}ƒR,ƒRƒ}ƒR,001_CA01_k_015.wav,chie,,3,tenka,,24,komako,,3,,Umm...
39600 ,,,,,,,“[‰Ô,“[‰Ô,001_CA01_t_011.wav,chie,,3,tenka,,11,komako,,3,,"......Damn it, I'm going home!"
39700 ,,,,,,,çŒb,çŒb,001_CA01_c_040.wav,chie,,4,,,,komako,,3,,"Ah, Tenka-chan!!"
39800 ,,,,,,,,,,chie,,4,,,,komako,,3,,"Well, that one was quite a loud sound, and maybe it was embarrassing."
39900 ,,,,,,,,,,chie,,4,,,,komako,,3,,"Amakurachan, maybe I also wanted to eat something, didn't I?"
40000 ,,,,,,,çŒb,çŒb,001_CA01_c_041.wav,chie,,28,,,,komako,,3,,"...... Did Tenkachan get mad, I wonder......"
40100 ,,,,,,,ålŒö,ƒ–¼„,,chie,,28,,,,komako,,3,,"Hmm, I think it was just a little embarrassing."
40200 ,,,,,,,çŒb,çŒb,001_CA01_c_042.wav,chie,,25,,,,komako,,3,,I wonder if that's really the case...
40300 ,,,,,,,ƒRƒ}ƒR,ƒRƒ}ƒR,001_CA01_k_016.wav,chie,,25,,,,komako,,27,,I think you're not angry.
40400 ,,,,,,,,,,chie,,25,,,,komako,,27,,Komako-chan agrees with me.
40500 ,,,,,,,çŒb,çŒb,001_CA01_c_043.wav,chie,,14,,,,komako,,27,,"I see? Chii-chan wants to become friends with Tenka-chan, huh?"
40600 ,,,,,,,ålŒö,ƒ–¼„,,chie,,14,,,,komako,,27,,"I think that soon, the feeling of wanting to become Chi-chan's friend will surely be conveyed to Amanohana-chan as well."
40700 ,,,,,,,çŒb,çŒb,001_CA01_c_044.wav,chie,,20,,,,komako,,27,,I hope that's the case! That would be great! But I want to get to know each other better before summer vacation starts.
40800 ,,,,,,,ålŒö,ƒ–¼„,,chie,,20,,,,komako,,27,,When is summer vacation supposed to start?
40900 ,,,,,,,ƒRƒ}ƒR,ƒRƒ}ƒR,001_CA01_k_017.wav,chie,,20,,,,komako,,3,,Maybe about another week...
41000 ,,,,,,,çŒb,çŒb,001_CA01_c_045.wav,chie,,0,,,,komako,,3,,"Next week, we have a graduation ceremony."
41100 ,,,,,,,,,,chie,,0,,,,komako,,3,,"Oh, so it's that time of year. I wonder if Michi-chan and Komako-chan will come to the shop during summer vacation too?"
41200 ,,,,,,,,,,chie,,0,,,,komako,,3,,"If you start thinking about things like that, a melody began to sound from the speaker of the local disaster prevention radio."
41300 ,,,,,,,çŒb,çŒb,001_CA01_c_046.wav,chie,,4,,,,komako,,3,,"Ah, I have to go home!"
41400 ,,,,,,,,,,chie,,4,,,,komako,,3,,"This melody is the melody chime that signals five o'clock in the afternoon. As soon as this music starts playing, everyone reflexively begins preparing to leave."
41500 ,,,,,,,ålŒö,ƒ–¼„,,chie,,4,,,,komako,,3,,"Yeah, I should probably head back before Mom starts worrying."
41600 ,,,,,,,çŒb,çŒb,001_CA01_c_047.wav,chie,,21,,,,komako,,3,,Yeah! I'll come again tomorrow too!
41700 ,,,,,,,ålŒö,ƒ–¼„,,chie,,21,,,,komako,,3,,"Ah, good. Uh... Komako-chan, can I have the skewers you've finished eating? Uncle will throw them away."
41800 ,,,,,,,ƒRƒ}ƒR,ƒRƒ}ƒR,001_CA01_k_018.wav,chie,,21,,,,komako,,20,,...Yeah. Yes.
41900 ,,,,,,,,,,chie,,21,,,,komako,,20,,"Got it, treasure acquired."
42000 ,,,,,,,çŒb,çŒb,001_CA01_c_048.wav,chie,,20,,,,komako,,20,,"Then, Komachan, let's go home?"
42100 ,,,,,,,ƒRƒ}ƒR,ƒRƒ}ƒR,001_CA01_k_019.wav,chie,,20,,,,komako,,0,,Uh-huh.'' or ''Yeah.
42200 ,,,,,,,çŒb,çŒb,001_CA01_c_049.wav,chie,,1,,,,komako,,0,,"Bye-bye! Uncle, see ya later!"
42300 ,,,,,,,ålŒö,ƒ–¼„,,,,,,,,,,,,"Yeah, thanks a lot! Come again!"
42400 ,,,,,,,,,,,,,,,,,,,,"That way, the three beautiful girls each went back to their own places."
42500 ,,,,,,,,,,,,,,,,,,,,"So it's summer vacation, huh... This is a chance to get along well with everyone."
42600 ,,,,,,,,,,,,,,,,,,,,"Well, while the vivid image of that scene is still fresh in my mind, let's just do a quick flashback and jerk off!"
42700 ,,,,,,,,,,,,,,,,,,,,"No, first let's prepare for closing!"
42800 ,,<!Lend_scene_change>,0,9001,,,,,,,,,,,,,,,,
43000 ,@002_CA02,,,,,,,,,,,,,,,,,,,CG:TA00A
43200 ,,<!Lbegin_scene_change>,8,11,,,,,,,,,,,,,,,,"Oh, let's just close up shop quickly."
43300 ,,,,,,,,,,,,,,,,,,,,"And then, let's generously coat the squid-smelling skewer that Komako-chan ate with my squid-smelling semen."
43400 ,,,,,,,,,,,,,,,,,,,,"While thinking about such things and covering the freezer of the store's ice cream with a lid, someone called out to me from behind."
43500 ,,,,,,,“[‰Ô,“[‰Ô,002_CA02_t_000.wav,"tenka,private",,3,,,,,,,",'.........Are you still doing it?'"
43600 ,,,,,,,ålŒö,ƒ–¼„,,tenka,,3,,,,,,,,"Amachan... was it? Yeah, I'm still okay."
43700 ,,,,,,,,,,tenka,,3,,,,,,,,"When I answered like that, Amanohana-chan let out a relieved expression."
43800 ,,,,,,,,,,tenka,,3,,,,,,,,"This girl, who seems a little cold... has appeared three or four times at closing time when no one is around. Amami-chan."
43900 ,,,,,,,,,,tenka,,3,,,,,,,,"When I'm with the Chichan group, they never buy me anything, but when no one else is around, they come alone at this time to buy some things."
44000 ,,,,,,,,,,tenka,,3,,,,,,,,The thing in question is the ''idol photo raffle'' that chi-chan had recommended just an hour ago.
44100 ,,,,,,,,,,tenka,,3,,,,,,,,Amachan seems to like the famous female idol group ''KGB48'' and the street's No. 1 popular handsome idol group.
44200 ,,,,,,,,,,tenka,,3,,,,,,,,"In a place like this shop where the number of customers is known, the preferences of the customers are quickly memorized."
44400 ,,<!timepass_quick>,,21,,,“[‰Ô,“[‰Ô,002_CA02_t_001.wav,tenka,,23,,,,,,,,Umm... this...
44500 ,,,,,,,,,,tenka,,23,,,,,,,,"Today, it seems like you're going to draw a photo lottery of a famous handsome idol."
44600 ,,,,,,,ålŒö,ƒ–¼„,,tenka,,23,,,,,,,,"Okay, it's 30 yen per use. Feel free to pull as many as you like, but let me know how many you took later."
44700 ,,,,,,,“[‰Ô,“[‰Ô,002_CA02_t_002.wav,tenka,,3,,,,,,,,...I'll take one.
44800 ,,,,,,,ålŒö,ƒ–¼„,,tenka,,3,,,,,,,,"Yeah, as usual!"
44900 ,,,,,,,,,,tenka,,3,,,,,,,,Amachan is seriously considering which bag to pull out.
45000 ,,,,,,,,,,tenka,,3,,,,,,,,"Since it's random inclusion, there's no point in choosing, but... that's probably because I've grown up."
45100 ,,,,,,,,,,tenka,,3,,,,,,,,"And besides, it's also cute when a girl gets so serious like that... but come on, I should hurry up and close the shop and jerk off."
45400 ,,,7,,3000000,,“[‰Ô,“[‰Ô,002_CA02_t_003.wav,,,,,,,,,,,Yattaaaaaaaaa!!!
45500 ,,,,,3000000,,,,,,,,,,,,,,,"Wow, that's a loud voice! Was that just now from Amanogawa-chan?"
45600 ,,,,,3000000,,,,,,,,,,,,,,,"When I stopped and looked in the direction of the voice, Amanohana-chan was happily staring at the bromide she had just pulled out."
45800 ,,,,,3000000,,“[‰Ô,“[‰Ô,002_CA02_t_004.wav,tenka,,0,,,,,,,,Did it! Did it! Sakurai-kun!
45900 ,,,,,3000000,,,,,,,,,,,,,,,"Oh nooo, p, panty flash!"
46000 ,,,,,3000000,,,,,,,,,,,,,,,"In that spot, Amakana-chan squatted down, and her simple, clean-looking panties peeked out between her legs!"
46100 ,,,,,3000000,,,,,,,,,,,,,,,"Well, I don't know how to put it, but the soft, curving lines that stretch from the buttocks down to the thighs are also incredibly moving."
46200 ,,,,,3000000,,,,,,,,,,,,,,,"The posture of a girl squatting is like a work of art, isn't it!"
46300 ,,,,,3000000,,,,,,,,,,,,,,,"Anyway, the panties... ah, panties... yeah, they're great, really great. The way they look puffed up as if pressed against the soft, plump thighs when crouching down is just so good."
46400 ,,,,,3000000,,,,,,,,,,,,,,,"If the eyeliner were just a bit lower, it might look like a pan-moron from a distance, but since it isn't, it's a bit of a shame. But if I were to crawl on the floor, it would definitely look suspicious, wouldn't it?"
46600 ,,,,,3000010,,“[‰Ô,“[‰Ô,002_CA02_t_005.wav,tenka,,0,,,,,,,,"Oh, sorry, the money..."
46700 ,,,,,3000010,,ålŒö,ƒ–¼„,,,,,,,,,,,,"Well, you don't have to rush that much, though."
46800 ,,,,,3000010,,,,,,,,,,,,,,,"Well, I'd prefer you to stay in that outfit a little longer!"
46900 ,,,,,3000010,,ålŒö,ƒ–¼„,,,,,,,,,,,,"Amakurachan, do you like Sakurai-kun?"
47000 ,,,,,3000010,,“[‰Ô,“[‰Ô,002_CA02_t_006.wav,tenka,,0,,,,,,,,"Uh, uh..."
47100 ,,,,,3000010,,ålŒö,ƒ–¼„,,,,,,,,,,,,"When you came last time, you bought a photo raffle ticket, right?"
47200 ,,,,,3000010,,,,,,,,,,,,,,,Was it a female idol group back then?
47300 ,,,,,3000010,,“[‰Ô,“[‰Ô,002_CA02_t_007.wav,tenka,,0,,,,,,,,I was buying it...
47400 ,,,,,3000010,,,,,,,,,,,,,,,"She nodded slightly while looking a bit on guard, Amakura-chan."
47500 ,,,,,3000010,,ålŒö,ƒ–¼„,,,,,,,,,,,,"Well, if you're going to do it anyway, you might as well buy it together with the Chii-chan group like when we came, right? You like it, don't you?"
47600 ,,,,,3000010,,“[‰Ô,“[‰Ô,002_CA02_t_008.wav,tenka,,0,,,,,,,,...............
47700 ,,,,,3000010,,“[‰Ô,“[‰Ô,002_CA02_t_009.wav,tenka,,0,,,,,,,,Because... those kids are lame.
47800 ,,,,,3000010,,ålŒö,ƒ–¼„,,,,,,,,,,,,Cheesy!'' or ''Lame!
47900 ,,,,,3000010,,,,,,,,,,,,,,,That came right out of left field.
48000 ,,,,,3000010,,ålŒö,ƒ–¼„,,,,,,,,,,,,The uncle doesn't think you're uncool or anything. What's uncool about Chi-chan or Komako-chan?
48100 ,,,,,3000010,,“[‰Ô,“[‰Ô,002_CA02_t_010.wav,tenka,,0,,,,,,,,"Umm..., it kinda smells like the countryside..., and I don't even have a smartphone..."
48200 ,,,,,3000010,,ålŒö,ƒ–¼„,,,,,,,,,,,,Smartphone?
48300 ,,,,,3000010,,“[‰Ô,“[‰Ô,002_CA02_t_011.wav,tenka,,0,,,,,,,,"Yeah! These days, everyone has a smartphone at least, right? You've got a cell phone at the very least!"
48400 ,,,,,3000010,,,,,,,,,,,,,,,Amanohana-chan insisted.
48600 ,,,,,3000010,,“[‰Ô,“[‰Ô,002_CA02_t_012.wav,tenka,,0,,,,,,,,"'If you want to be friends, that's fine, do you use LINE?' I asked, but they replied, 'What's that?'"
48700 ,,,,,3000010,,,,,,,,,,,,,,,"wLIMEx is a social networking service that allows you to send messages and make calls on a mobile phone or smartphone... you know, that thing called an SNS."
48800 ,,,,,3000010,,,,,,,,,,,,,,,The popularity comes from being able to chat by sticking various pictures called stamps.
48900 ,,,,,3000010,,ålŒö,ƒ–¼„,,,,,,,,,,,,"Amachan, you're on LINE!"
49000 ,,,,,3000010,,“[‰Ô,“[‰Ô,002_CA02_t_013.wav,tenka,,0,,,,,,,,"Huh? Uh, yeah."
49100 ,,,,,3000010,,,,,,,,,,,,,,,"Oh, I bit off more than I could chew."
49200 ,,,,,3000010,,,,,,,,,,,,,,,"When it comes to my LINE friends, they're just the LOLITA crew I met online."
49300 ,,,,,3000010,,,,,,,,,,,,,,,"But it's a dream, right? To exchange LIMEs with a cute girl and chat. Isn't it?"
49400 ,,,,,3000010,,,,,,,,,,,,,,,"Well, anyway, Amanohana-chan tried her best to make friends in her own way, but it didn't go well... is that the case?"
49500 ,,,,,3000010,,ålŒö,ƒ–¼„,,,,,,,,,,,,"So, Amami-chan and Komako-chan don't get along, and Amakura-chan is struggling with that."
49600 ,,,,,3000010,,“[‰Ô,“[‰Ô,002_CA02_t_014.wav,tenka,,0,,,,,,,,"Well, I'm not in trouble!"
49700 ,,,,,3000010,,,,,,,,,,,,,,,"That intense expression is so cute. I thought she might be a mature child, but maybe she's just an ordinary kid."
49800 ,,,,,3000010,,“[‰Ô,“[‰Ô,002_CA02_t_015.wav,tenka,,0,,,,,,,,"Even if those lame kids are my friends, it doesn't help me at all."
49900 ,,,,,3000010,,ålŒö,ƒ–¼„,,,,,,,,,,,,"But if you don't have friends, school isn't fun either, right?"
50000 ,,,,,3000010,,“[‰Ô,“[‰Ô,002_CA02_t_016.wav,tenka,,0,,,,,,,,"You have friends, you know! I have lots of friends from my old school!"
50200 ,,,,,3000020,,“[‰Ô,“[‰Ô,002_CA02_t_017.wav,tenka,,0,,,,,,,,Talking on LINE or something! Recently... I've been ignored or something...
50300 ,,,,,3000020,,,,,,,,,,,,,,,"Before long, tears began to well up in Amanohana-chan's eyes."
50400 ,,,,,3000020,,,,,,,,,,,,,,,So maybe it means you're being ''read receipt ignored''?
50500 ,,,,,3000020,,,,,,,,,,,,,,,"Well, once you drift apart from friends, it becomes hard to talk to them, doesn't it..."
50600 ,,,,,3000020,,“[‰Ô,“[‰Ô,002_CA02_t_018.wav,tenka,,0,,,,,,,,"Anyway, I'm aiming to be an idol, and I've even been featured in the reader's corner of Puchi Lemon!"
50700 ,,,,,3000020,,,,,,,,,,,,,,,"''wPuchi Lemonx is a fashion magazine for kids around the age of Amanohana, right?"
50800 ,,,,,3000020,,,,,,,,,,,,,,,"Actually, I'm putting in some serious effort."
50900 ,,,,,3000020,,ålŒö,ƒ–¼„,,,,,,,,,,,,"Amachan, I want to become an idol. That's why I was collecting photo raffles."
51000 ,,,,,3000020,,“[‰Ô,“[‰Ô,002_CA02_t_019.wav,tenka,,0,,,,,,,,"Uh, uh..."
51100 ,,,,,3000020,,,,,,,,,,,,,,,What if this could be a chance to become good friends?
51200 ,,,,,3000020,,,,,,,,,,,,,,,"''Don't feel lonely,'' ''I don't want to date a cheesy person'' \ even if you're putting on a tough act while your eyes well up as you say those things, it's like you're admitting they're lies."
51300 ,,,,,3000020,,,,,,,,,,,,,,,"But what's more, since you're clearly feeling down after being ignored by the other person, maybe you can get closer to Amanohana-chan."
51400 ,,,,,3000020,,,,,,,,,,,,,,,"For example, friends on LINE...."
51500 ,,,,,3000020,,ålŒö,ƒ–¼„,,,,,,,,,,,,"Amachan, if you like, would you exchange LINE with Uncle?"
51600 ,,,,,3000020,,“[‰Ô,“[‰Ô,002_CA02_t_020.wav,tenka,,0,,,,,,,,...with Uncle?
51700 ,,,,,3000020,,ålŒö,ƒ–¼„,,,,,,,,,,,,"Yeah. Uncle, you're pretty knowledgeable about idols and fashion. You even read *Puchi Lemon* sometimes, don't you?"
51800 ,,,,,,,“[‰Ô,“[‰Ô,002_CA02_t_021.wav,"tenkaL,private",,3,,,,,,,",Really?!"
52000 ,,,,,,,,,,tenkaL,,3,,,,,,,,"Amari-chan stood up with a happy face, but soon her face turned anxious again."
52100 ,,,,,,,,,,tenkaL,,3,,,,,,,,Maybe it's no good after all?
52200 ,,,,,,,“[‰Ô,“[‰Ô,002_CA02_t_022.wav,tenka,,29,,,,,,,,"......Uncle, are you going to give me a proper answer?"
52300 ,,,,,,,ålŒö,ƒ–¼„,,tenka,,29,,,,,,,,"Of course, well..."
52400 ,,,,,,,“[‰Ô,“[‰Ô,002_CA02_t_023.wav,tenka,,32,,,,,,,,Really...?
52500 ,,,,,,,ålŒö,ƒ–¼„,,tenka,,32,,,,,,,,Uh-huh.'' or ''Yeah.
52600 ,,,,,,,“[‰Ô,“[‰Ô,002_CA02_t_024.wav,tenka,,1,,,,,,,,"Umm, well..."
52700 ,,,,,,,,,,tenka,,1,,,,,,,,"When Amachan took her smartphone out of her bag, she displayed a QR code for inviting people to LINE."
52800 ,,,,,,,ålŒö,ƒ–¼„,,tenka,,1,,,,,,,,Wait just a minute. With this...
53000 ,,,,,,,,,,tenka,,1,,,,,,,,Piro-roron!
53100 ,,,,,,,,,,tenka,,1,,,,,,,,"Oh no, here it comes! There's an unfamiliar name on LIME's additional screen! Yes!"
53200 ,,,,,,,ålŒö,ƒ–¼„,,tenka,,1,,,,,,,,Adachi Amaneka... is this Amaneka-chan's name?
53300 ,,,,,,,“[‰Ô,“[‰Ô,002_CA02_t_025.wav,tenka,,0,,,,,,,,"Yeah, Adachi Tenka."
53400 ,,,,,,,ålŒö,ƒ–¼„,,tenka,,0,,,,,,,,"Alright, Amanogawa-chan, let's get along from now on!"
53500 ,,,,,,,“[‰Ô,“[‰Ô,002_CA02_t_026.wav,tenka,,1,,,,,,,,Uh-huh.
53600 ,,,,,,,,,,tenka,,1,,,,,,,,"Alright, you've gotten pretty close to Amanohana-chan, haven't you!? You even found out her real name and got her LINE!"
53700 ,,,,,,,,,,tenka,,1,,,,,,,,Let's use this as a stepping stone to become even closer!
53800 ,,,,,,,“[‰Ô,“[‰Ô,002_CA02_t_027.wav,tenka,,3,,,,,,,,"Oh, right... uh, the money from the photo raffle."
53900 ,,,,,,,,,,tenka,,3,,,,,,,,"Oh... now that you mention it, I still haven't picked it up. Well, it's only 30 yen\compared to this address, it's such a small amount that even if I forgot about it, it's fine."
54000 ,,,,,,,,,,tenka,,3,,,,,,,,But the real weight of having become friends with a girl who buys Pachinko cards for 30 yen came across as if it were transmitted from the three 10-yen coins placed in my palm.
54100 ,,,,,,,“[‰Ô,“[‰Ô,002_CA02_t_028.wav,tenka,,20,,,,,,,,"Oh, it's getting late, so I'll hurry home. Well then... old man."
54200 ,,,,,,,ålŒö,ƒ–¼„,,tenka,,20,,,,,,,,"Ah, yeah, you're right. Be careful, okay?"
54300 ,,,,,,,,,,,,,,,,,,,,"As she said that, Amanohana-chan left the store in the same sneaky way she came in."
54400 ,,,,,,,,,,,,,,,,,,,,"Still, the name of Amanohana-chan added to the LIME friends list! Every time I see it, I can't help but grin."
54500 ,,,,,,,,,,,,,,,,,,,,I hope something of a message comes soon!
54600 ,,,,,,,,,,,,,,,,,,,,I'm really looking forward to it!
54700 ,,<!Lend_scene_change>,0,9001,,,,,,,,,,,,,,,,
54900 ,@003_CA03,,,,,,,,,,,,,,,,,,,CG:XA00A
55100 ,,<!Lbegin_scene_change>,15,33,,,,,,,,,,,,,,,,I'm grinning like a fool.
55200 ,,,,,,,,,,,,,,,,,,,,"To be honest, it feels disgusting, but I've always been a disgusting person, and since it's a situation where smirking is inevitable, I don't mind it."
55300 ,,,,,9000020,,,,,,,,,,,,,,,"The phone tightly gripped in my hand\its screen displays the LIME interface, and the name ''Amanohana-chan.''"
55400 ,,,,,9000020,,,,,,,,,,,,,,,The name of that cute Amanogawa-chan is displayed in the friends list. In the name field!
55500 ,,,,,9000020,,,,,,,,,,,,,,,"Even just this would be enough... heh... it could be a snack, couldn't it?"
55600 ,,,,,9000020,,,,,,,,,,,,,,,"That's how it's been ever since, and my face has been slack ever since."
55700 ,,,,,9000020,,,,,,,,,,,,,,,"Well, shall I try sending a message... or rather, I must send it soon."
55800 ,,,,,9000020,,,,,,,,,,,,,,,"Right now, the situation is that Tianhua-chan is added to my LINE friend list, but Tianhua-chan hasn't added me to her LINE friend list yet."
55900 ,,,,,9000020,,,,,,,,,,,,,,,"In other words, unless I send a message to Amanohana-chan, no messages will come."
56000 ,,,,,9000020,,,,,,,,,,,,,,,"So, anyway, I have to send the message."
56100 ,,,,,9000020,,,,,,,,,,,,,,,"Well, first, something like ''I'm the old man from the candy store. What are you doing now?'' would be fine."
56200 ,,,,,9000020,,,,,,,,,,,,,,,"Oh no!? A quick reply came back. Of course, it's from Amanohana-chan!"
56300 ,,,,,9000000,,,,,,,,,,,,,,,"Dinner, then do homework. What is Uncle doing?"
56400 ,,,,,9000000,,,,,,,,,,,,,,,"It's so exciting that Amanohana sent it to me! Reply, reply!!"
56500 ,,,,,9000000,,,,,,,,,,,,,,,We're just closing up shop and taking a break.
56600 ,,,,,9000000,,,,,,,,,,,,,,,"Well, if we just leave it at that, the conversation might end too soon..."
56700 ,,,,,9000000,,,,,,,,,,,,,,,"If you have anything you don't understand, Uncle will teach you."
56800 ,,,,,9000000,,,,,,,,,,,,,,,"Ah, so..."
56900 ,,,,,9000000,,,,,,,,,,,,,,,Thank you!
57000 ,,,,,9000000,,,,,,,,,,,,,,,I'm back!
57100 ,,,,,9000000,,,,,,,,,,,,,,,"By the way, the stamps that Amanohana-chan is using are all just ordinary ones. I thought there were some idol stamps, though... Maybe I should ask her about it."
57200 ,,,,,9000000,,,,,,,,,,,,,,,"Well, uh, ''because it costs money''? Oh, I see. It's paid, isn't it? Wouldn't you buy it with your pocket money?"
57300 ,,,,,9000000,,,,,,,,,,,,,,,"''Can't spend money on the smartphone''...... Ah, that's what it is. Yeah, you can end up using it without stopping."
57400 ,,,,,9000000,,,,,,,,,,,,,,,"Before, my friends used to say that a lot about me,'' he hummed. ''That must have been a tough experience for you."
57500 ,,,,,9000000,,,,,,,,,,,,,,,"Well, how about this: I'll give you a present, old man!"
57600 ,,,,,9000000,,,,,,,,,,,,,,,"Wow, it seems like Amanohana-chan's message is really exciting!"
57700 ,,,,,9000010,,,,,,,,,,,,,,,"''Thank you!!'' Oh, I got a reply right away using the stamp I gave you! Yeah, that makes me happy too."
57800 ,,,,,9000010,,,,,,,,,,,,,,,"This might be just right for buttering someone up, but if you send too much, they might suspect you've got ulterior motives."
57900 ,,,,,9000010,,,,,,,,,,,,,,,"''She's been on her phone for a while, so Mom's getting worried, and she also got a little noisy after that.'' Oh, so the real-life Amanogawa-chan was also causing a big commotion over the stamp gift?"
58000 ,,,,,9000010,,,,,,,,,,,,,,,"I wanted to chat a bit more and hear about Amanohana-chan, but maybe it's better to be careful about Mom's eyes for today."
58100 ,,,,,9000010,,,,,,,,,,,,,,,"Well, how about we stop around here for now...?'' came the reply, ''Yeah, that sounds good.'' We've been chatting pretty casually from the start. This is a good start, huh?"
58200 ,,,,,9000010,,,,,,,,,,,,,,,"''Since you replied right away, I felt relieved.'' ...Ah, it seems like Amanohana-chan was doing a read receipt ignore or something."
58300 ,,,,,9000010,,,,,,,,,,,,,,,"Or maybe they thought I was an old man who doesn't handle smartphones well? Well, it doesn't matter either way. I'll just answer right away that I'll respond immediately."
58400 ,,,,,9000010,,,,,,,,,,,,,,,"''Good night~'' Wow, this is great! A cute greeting of ''good night'' from a cute girl. Well, it's still a bit early for good night, though."
58500 ,,,,,9000010,,,,,,,,,,,,,,,"Then I got a reply like ''Yeah, that's right.'' So, I guess this is the end for today, huh. And then I got another ''Yeah, that's right'' again!"
58600 ,,,,,9000010,,,,,,,,,,,,,,,"The conversation won't end, will it, Amanogawa-chan!"
58700 ,,,,,9000010,,,,,,,,,,,,,,,"So this is the *real* real end... Amakagura-chan, maybe she just can't help but want to chat with someone after all."
58800 ,,,,,9000010,,,,,,,,,,,,,,,"But this isn't over yet, so I'll send the final reply from my side... I sent ''See you later,'' and the message was marked as read."
58900 ,,,,,,,,,,,,,,,,,,,,Wait a few minutes...... it seems like today's chat is over.
59000 ,,,,,,,,,,,,,,,,,,,,"Looking at the chat history screen filled with conversations with Amanohana-chan. Again, I feel a warm, happy feeling."
59100 ,,,,,,,,,,,,,,,,,,,,"I wonder if Amanohana-chan is also staring at the screen from the other side of the smartphone, just like me."
59200 ,,,,,,,,,,,,,,,,,,,,I'm really looking forward to Amanohana coming to the store again!
59300 ,,<!Lend_day_change>,0,9000,,,,,,,,,,,,,,,,
59500 ,@004_CA04,,,,,,,,,,,,,,,,,,,CG:XA01A
59700 ,,<hide><!se_inaka_semi_M>,,,,,,,,,,,,,,,,,,
59800 ,,<!Lbegin_morning>,5,11,,,,,,,,,,,,,,,,"Well, today it looks like we'll have to open the store a little later than usual."
59900 ,,,,,,,,,,,,,,,,,,,,"That's because, while thinking back to yesterday's various things, I was diligently working on masturbating."
60000 ,,,,,,,,,,,,,,,,,,,,"Especially when using Sweet Flower-chan as a subject for masturbation, it was very productive because I got to see her panties and she even added me as a friend on LINE."
60100 ,,,,,,,,,,,,,,,,,,,,"But it wasn't just that, and Chi-chan and Komako-chan also remembered that unfairness shouldn't exist, so they were masturbating while thinking about it, and as a result, the number of times became something insane."
60200 ,,,,,,,,,,,,,,,,,,,,"Thanks to you, I slept well at night, but it seems that because I pushed my limits, it took time to recover, and I ended up oversleeping in the morning."
60300 ,,,,,,,,,,,,,,,,,,,,"Well, even if I open the store from morning, since it's a candy shop, no customers come, you know."
60400 ,,,,,,,,,,,,,,,,,,,,I took out my smartphone to check the time.
60500 ,,,,,,,,,,,,,,,,,,,,"When I look at my smartphone, I remember. I tried opening LIME right away."
60600 ,,,,,,,,,,,,,,,,,,,,"After all, the name ''Adachi Amanaka'' was clearly there."
60700 ,,,,,,,,,,,,,,,,,,,,It feels like a dream. Actually being able to exchange LINE addresses with such a cute girl.
60800 ,,,,,,,,,,,,,,,,,,,,"I was thinking about sending a message from my side too, but I decided to hold back because it's not good to send a message while Amanogawa-chan is at school."
60900 ,,,,,,,,,,,,,,,,,,,,"If it gets out that my friend and I are LIME friends, I honestly think it would be a big deal."
61000 ,,,,,,,,,,,,,,,,,,,,Let's open the shop and wait for the girls today as well.
61100 ,,,,,,,,,,,,,,,,,,,,"You never know if they'll come, but I guess there's nothing else to do anyway."
61200 ,,<se_stop id=""1"" fadeout=""8000"">,,,,,,,,,,,,,,,,,,"While thinking that, as I was cleaning the storefront, a familiar cheerful voice came from the usual time."
61300 ,,,,,,,çŒb,çŒb,004_CA04_c_000.wav,"komako,privateB",,20,"chie,privateC",,1,"tenka,privateB",",9,,'Hello there! (or ''Hi there!'' / ''Hey there!'')'"
61400 ,,,,,,,ålŒö,ƒ–¼„,,komako,,20,chie,,1,tenka,,9,,Welcome! (or Come on in!)
61500 ,,,,,,,,,,komako,,20,chie,,1,tenka,,9,,"Today, too, it's Chichan who cheerfully comes running over. She's holding Komakochan's and Amanohanan's hands with her right and left hands, respectively."
61600 ,,,,,,,,,,komako,,20,chie,,1,tenka,,9,,"It looks more like they're being spun around by having their arms grabbed rather than just being pulled by the hand, and both of them seem to be struggling."
61700 ,,,,,,,,,,komako,,20,chie,,1,tenka,,9,,But it's GJ who brings Komako-chan and Amanohana-chan to the store! That's right! You might even want to give a thumbs-up without thinking.
61800 ,,,,,,,,,,komako,,20,chie,,1,tenka,,9,,That chi-chan also came running from somewhere and sat down on the bench as if collapsing.
61900 ,,,,,,,,,,komako,,20,chie,,1,tenka,,9,,"Komako-chan and Amanohana-chan, and those who follow them."
62000 ,,,,,,,çŒb,çŒb,004_CA04_c_001.wav,komako,,20,chie,,21,tenka,,9,,"Ahh, it's so hot!!"
62100 ,,,,,,,ålŒö,ƒ–¼„,,komako,,20,chie,,21,tenka,,9,,"Well, that makes sense, running in this sunshine."
62200 ,,,,,,,,,,komako,,20,chie,,21,tenka,,9,,"It's already halfway through July. Whether you're walking or standing still, it's hot. Even Chi-chan is in such a state, so what about the other two?"
62300 ,,,,,,,“[‰Ô,“[‰Ô,004_CA04_t_000.wav,komako,,20,chie,,21,tenka,,34,,I'm tired...
62400 ,,,,,,,,,,komako,,20,chie,,21,tenka,,34,,"As for Komako-chan, she is silent."
62600 ,,<!move_short>,,21,,,çŒb,çŒb,004_CA04_c_002.wav,,,,chie,,8,,,,,My throat is dry\it's hot!
62700 ,,,,,,,çŒb,çŒb,004_CA04_c_003.wav,,,,chie,,25,,,,,Juice... I want to drink some.
62800 ,,,,,,,,,,,,,chie,,25,,,,,"In this hot season that has come, it is an enchanting sound."
62900 ,,,,,,,,,,,,,chie,,25,,,,,"Of course, we also sell juice at our place."
63000 ,,,,,,,,,,,,,chie,,25,,,,,It's just canned juice.
63100 ,,,,,,,,,,,,,chie,,25,,,,,The price is 100 yen.
63200 ,,,,,,,,,,,,,chie,,25,,,,,The products inside the vending machine on the store counter have only been placed in the store's refrigerator.
63300 ,,,,,,,,,,,,,chie,,25,,,,,"Chii-chan looked sadly at the canned juice lying inside the glass door of the store and averted her eyes. Yeah, that's how it goes, I guess."
63400 ,,,,,,,,,,,,,chie,,25,,,,,"In a candy store, products costing more than 50 yen have always been items that only a limited handful of celebrities were allowed to buy."
63500 ,,,,,,,,,,,,,chie,,25,,,,,"If you have 100 yen, you can buy as many as five 20-yen snacks."
63600 ,,,,,,,ålŒö,ƒ–¼„,,,,,chie,,25,,,,,Powder juice or tuchu-tuchu ice?
63700 ,,,,,,,ålŒö,ƒ–¼„,,,,,chie,,25,,,,,"The ''Chu-Chu Ice'' is already chilled, and the cold water to dissolve the powdered juice is a complimentary service."
63800 ,,,,,,,çŒb,çŒb,004_CA04_c_004.wav,,,,chie,,34,,,,,"But, I also want to eat something else..."
63900 ,,,,,,,çŒb,çŒb,004_CA04_c_005.wav,,,,chie,,25,,,,,"When you mix powdered juice into water, it doesn't taste very good..."
64000 ,,,,,,,,,,,,,chie,,25,,,,,"It seems you've learned your lesson, Chi-chan. After all, it's right to eat powdered juice as powder."
64100 ,,,,,,,,,,,,,chie,,25,,,,,"When dissolved in water, it has extremely poor cost performance."
64200 ,,,,,,,ålŒö,ƒ–¼„,,,,,chie,,25,,,,,"Then, just water?"
64300 ,,,,,,,ƒRƒ}ƒR,ƒRƒ}ƒR,004_CA04_k_000.wav,komako,,23,chie,,25,,,,,Please...
64400 ,,,,,,,çŒb,çŒb,004_CA04_c_006.wav,komako,,23,chie,,1,,,,,"Thanks, Uncle!"
64600 ,,<!timepass_quick>,,,,,,,,,,,,,,,,,,"They drank the plain tap water poured from the store's refrigerator right away, each gulping loudly with a ''gulugulu'' sound. It was over in no time."
64700 ,,,,,,,çŒb,çŒb,004_CA04_c_007.wav,,,,chie,,21,,,,,It's cold and delicious!
64800 ,,,,,,,ƒRƒ}ƒR,ƒRƒ}ƒR,004_CA04_k_001.wav,komako,,1,chie,,21,,,,,She... came back to life...
65000 ,,,,,,,“[‰Ô,“[‰Ô,004_CA04_t_001.wav,,,,,,,tenka,,29,,...uh...thank you for the meal.
65100 ,,,,,,,,,,,,,,,,tenka,,29,,"She said that and handed me the cup, Amakura-chan. There was a slightly awkward eye contact with Amakura-chan."
65200 ,,,,,,,,,,,,,,,,tenka,,29,,Towa-chan gave me a shy little smile.
65300 ,,,,,,,,,,,,,,,,tenka,,29,,"Hmm, I feel like I've gotten pretty close to Amanohana-chan. It's great."
65400 ,,,,,,,çŒb,çŒb,004_CA04_c_008.wav,,,,chie,,1,,,,,"Alright! What should I buy today, huh?"
65500 ,,,,,,,,,,,,,chie,,1,,,,,"The earliest to revive, Chi-chan started saying that and began browsing around the store."
65600 ,,,,,,,çŒb,çŒb,004_CA04_c_009.wav,,,,chie,,0,,,,,Let's buy something for Amanohana-chan too!
65700 ,,,,,,,“[‰Ô,“[‰Ô,004_CA04_t_002.wav,,,,chie,,0,tenka,,24,,Eh?
65800 ,,,,,,,,,,,,,chie,,0,tenka,,24,,"Suddenly asked about the topic, Amanohana-chan panics."
65900 ,,,,,,,“[‰Ô,“[‰Ô,004_CA04_t_003.wav,,,,chie,,0,tenka,,34,,...I don't know what to buy...
66000 ,,,,,,,,,,,,,chie,,0,tenka,,34,,"Maybe it's because, like yesterday, I don't want to be so cold, or because after I poured out all sorts of things to you yesterday, I started wanting a friend?"
66100 ,,,,,,,,,,,,,chie,,0,tenka,,34,,It seems like Chi-chan is instinctively aware of it. She's been talking to Amanohana-chan extra hard since yesterday.
66200 ,,,,,,,çŒb,çŒb,004_CA04_c_010.wav,,,,chie,,20,tenka,,34,,"Chi-chan too! When I first came to the store, I was so lost!"
66300 ,,,,,,,çŒb,çŒb,004_CA04_c_011.wav,,,,chie,,1,tenka,,34,,"Tenkachan, this is delicious! Also this, this, and that too!"
66400 ,,,,,,,“[‰Ô,“[‰Ô,004_CA04_t_004.wav,,,,chie,,1,tenka,,9,,"Wait a minute, I can't understand if you say it like that."
66500 ,,,,,,,ƒRƒ}ƒR,ƒRƒ}ƒR,004_CA04_k_002.wav,komako,,27,chie,,1,tenka,,9,,"Chii-chan, calm down."
66600 ,,,,,,,,,,komako,,27,chie,,1,tenka,,9,,"At some point, Komako-chan, who had mixed in, stopped Chi-chan."
66700 ,,,,,,,,,,komako,,27,chie,,1,tenka,,9,,"Three asses lined up... no, gazing at that back like this vaguely is also a fine thing."
66800 ,,,,,,,,,,komako,,27,chie,,1,tenka,,9,,"Looking at it this way, it seems like we've gotten pretty comfortable with each other... or maybe it just looks that way because Chi-chan is so pushy."
66900 ,,,,,,,,,,komako,,27,chie,,1,tenka,,9,,"After all, having common topics is necessary to become friends, isn't it?"
67000 ,,,,,,,,,,komako,,27,chie,,1,tenka,,9,,How about I try to lend a helping hand here?
67100 ,,,,,,,ålŒö,ƒ–¼„,,komako,,27,chie,,1,tenka,,9,,"Amachan, aren't you buying an idol photo raffle ticket today?"
67200 ,,,,,,,“[‰Ô,“[‰Ô,004_CA04_t_005.wav,,,,,,,"tenkaL,privateB",,4,",Fheh...!?"
67300 ,,,,,,,,,,,,,,,,tenka,,4,,"That reaction right now is interesting, huh!?"
67400 ,,,,,,,,,,,,,,,,tenka,,4,,"Looking back, Amanohana-chan is flustered, flapping her hands. Judging by her gestures, it seems like she's saying, 'Keep it a secret!' but it's too late."
67500 ,,,,,,,çŒb,çŒb,004_CA04_c_012.wav,,,,chie,,4,tenka,,4,,What the heck!? Even Tenka-chan is buying idol cards!?
67600 ,,,,,,,,,,,,,chie,,4,tenka,,4,,"Just as I finished, Chi-chan lunged at me. Her eyes were shining."
67700 ,,,,,,,“[‰Ô,“[‰Ô,004_CA04_t_006.wav,,,,chie,,4,tenka,,33,,"Uh, umm... just a little, but..."
67800 ,,,,,,,ålŒö,ƒ–¼„,,,,,chie,,4,tenka,,33,,They said they kept it a secret from everyone because they didn't have many cards yet.
67900 ,,,,,,,çŒb,çŒb,004_CA04_c_013.wav,,,,chie,,20,tenka,,33,,Which one is Tenka collecting? Is it this one again?
68000 ,,,,,,,,,,,,,chie,,20,tenka,,33,,And then Chichan pointed at the local idol in question.
68100 ,,,,,,,“[‰Ô,“[‰Ô,004_CA04_t_007.wav,,,,chie,,20,tenka,,33,,I'll buy that too...
68200 ,,,,,,,çŒb,çŒb,004_CA04_c_014.wav,,,,chie,,1,tenka,,33,,It's the same!'' or ''We're the same!
68300 ,,,,,,,,,,,,,chie,,1,tenka,,33,,"Chi-chan happily holds Tienhua-chan's hand, looking delighted. Tienhua-chan turns bright red, but she doesn't seem to mind at all, does she?"
68400 ,,,,,,,çŒb,çŒb,004_CA04_c_015.wav,,,,chie,,0,tenka,,33,,"Okay, let's exchange cards! Chi-chan, there are duplicate cards and cards you want, so..."
68500 ,,,,,,,“[‰Ô,“[‰Ô,004_CA04_t_008.wav,,,,chie,,0,tenka,,16,,"Uh, um... if you can swap with me, maybe we can draw together... would that be okay?"
68600 ,,,,,,,,,,,,,chie,,0,tenka,,16,,The two of them started the process of examining the contents of the blind-bagged bromides\even if it was just staring intently at the unseeable bag while silently hoping for a good card to come out.
68700 ,,,,,,,ålŒö,ƒ–¼„,,,,,chie,,0,tenka,,16,,Isn't it a boy today?
68800 ,,,,,,,“[‰Ô,“[‰Ô,004_CA04_t_009.wav,,,,chie,,0,tenka,,31,,Let's leave that for another time. I hit the jackpot with Sakurai-kun yesterday.
68900 ,,,,,,,ålŒö,ƒ–¼„,,,,,chie,,0,tenka,,31,,"I see, I guess."
69000 ,,,,,,,çŒb,çŒb,004_CA04_c_016.wav,,,,chie,,21,tenka,,31,,"Then let's go with this one, Tenka-chan."
69100 ,,,,,,,“[‰Ô,“[‰Ô,004_CA04_t_010.wav,,,,chie,,21,tenka,,20,,"Okay, well, Uncle, I'll take this one."
69200 ,,,,,,,ålŒö,ƒ–¼„,,,,,chie,,21,tenka,,20,,"Hi, welcome!"
69300 ,,,,,,,,,,,,,chie,,21,tenka,,20,,Then the two of them immediately took out cards from the bag they had snatched.
69400 ,,,,,,,çŒb,çŒb,004_CA04_c_017.wav,,,,chie,,25,tenka,,20,,Uh... who was it again?
69500 ,,,,,,,“[‰Ô,“[‰Ô,004_CA04_t_011.wav,,,,chie,,25,tenka,,4,,You don't know?! That kid is...
69600 ,,,,,,,,,,,,,chie,,25,tenka,,4,,"When I peeked at the card Chi-chan drew, Amanohana-chan started explaining it. As expected, she's thorough when she talks."
69700 ,,,,,,,,,,,,,chie,,25,tenka,,4,,"She seems to know or not know about very detailed information like her hometown or the recent results of her rock-paper-scissors games, but at least she's nodding along enthusiastically."
69800 ,,,,,,,çŒb,çŒb,004_CA04_c_018.wav,,,,chie,,0,tenka,,4,,Show me Tenka-chan's too!
69900 ,,,,,,,,,,,,,chie,,0,tenka,,4,,"In response to that, Amanohana-chan shows the card she drew."
70000 ,,,,,,,çŒb,çŒb,004_CA04_c_019.wav,,,,chie,,25,tenka,,4,,"Wow, Yuchan is always the center girl, huh? That's great!"
70100 ,,,,,,,“[‰Ô,“[‰Ô,004_CA04_t_012.wav,,,,chie,,25,tenka,,16,,"Ah, I'll give it to you. This card is a duplicate anyway."
70200 ,,,,,,,,,,,,,chie,,25,tenka,,16,,"If I give a present, won't it make the exchange party meaningless?"
70300 ,,,,,,,ålŒö,ƒ–¼„,,,,,chie,,25,tenka,,16,,"Amachan, since you're here, how about we exchange something?"
70400 ,,,,,,,çŒb,çŒb,004_CA04_c_020.wav,,,,chie,,0,tenka,,16,,"Oh, right! Do you have any cards you want, Tenka-chan?"
70500 ,,,,,,,,,,,,,chie,,0,tenka,,16,,Chi-chan takes out a tradable card from her bag and shows it to Amanohana-chan.
70600 ,,,,,,,“[‰Ô,“[‰Ô,004_CA04_t_013.wav,,,,chie,,0,tenka,,33,,"Ah, um... so, is this okay in exchange?"
70700 ,,,,,,,çŒb,çŒb,004_CA04_c_021.wav,,,,chie,,1,tenka,,33,,Unn!
70800 ,,,,,,,“[‰Ô,“[‰Ô,004_CA04_t_014.wav,,,,chie,,1,tenka,,16,,...thanks...
70900 ,,,,,,,çŒb,çŒb,004_CA04_c_022.wav,,,,chie,,21,tenka,,16,,Tenkachan would be happy too if that's the case!
71000 ,,,,,,,,,,,,,chie,,21,tenka,,16,,"So, as the two were rapidly deepening their friendship, Komako-chan pulled chi-chan's hand from behind them."
71100 ,,,,,,,ƒRƒ}ƒR,ƒRƒ}ƒR,004_CA04_k_003.wav,komako,,9,chie,,21,,,,,"Chee-chee, Chee-chee!"
71200 ,,,,,,,çŒb,çŒb,004_CA04_c_023.wav,komako,,9,chie,,3,,,,,Hmm? What's up with Komachan?
71300 ,,,,,,,ƒRƒ}ƒR,ƒRƒ}ƒR,004_CA04_k_004.wav,komako,,27,chie,,3,,,,,Want to eat some sweets too?
71400 ,,,,,,,,,,komako,,27,chie,,3,,,,,"Does it seem like Komako-chan is a little sulking, or is that just my imagination?"
71500 ,,,,,,,çŒb,çŒb,004_CA04_c_024.wav,komako,,27,chie,,20,,,,,"Ah, yeah! I'm a little hungry now."
71600 ,,,,,,,“[‰Ô,“[‰Ô,004_CA04_t_015.wav,komako,,27,chie,,20,tenka,,23,,Is your allowance still okay?
71700 ,,,,,,,,,,komako,,27,chie,,20,tenka,,23,,It seems like Amanohana-chan is giving off a big sister vibe lately.
71800 ,,,,,,,çŒb,çŒb,004_CA04_c_025.wav,komako,,27,chie,,35,tenka,,23,,"Uh\......yeah, n-no, probably still okay!"
71900 ,,,,,,,,,,komako,,27,chie,,35,tenka,,23,,It doesn't seem like it'll be okay.
72100 ,,<!timepass_quick>,,,,,,,,,,,,,,,,,,"In the end, Chi-chan bought one 10-yen umy? stick corn potage-flavored, Komako-chan took a kinako stick (bitter), and Amanohana-chan picked up a sakuranbo mochi."
72200 ,,,,,,,“[‰Ô,“[‰Ô,004_CA04_t_016.wav,,,,,,,tenka,,3,,It feels more like gummy candy than mochi.
72300 ,,,,,,,çŒb,çŒb,004_CA04_c_026.wav,,,,chie,,1,tenka,,3,,"Well, you know, it's fun to poke a lot of toothpicks into it and eat it!"
72400 ,,,,,,,“[‰Ô,“[‰Ô,004_CA04_t_017.wav,,,,chie,,1,tenka,,0,,"Oh, I see. That's the case."
72500 ,,,,,,,,,,,,,chie,,1,tenka,,0,,"Yeah, the three of them are lined up holding rod-like things in their cute mouths. This is quite a delightful picture. I'll make sure to imprint it firmly in my brain."
72600 ,,,,,,,“[‰Ô,“[‰Ô,004_CA04_t_018.wav,,,,chie,,1,tenka,,23,,Umm... what is Komachan eating?
72700 ,,,,,,,ƒRƒ}ƒR,ƒRƒ}ƒR,004_CA04_k_005.wav,komako,,20,,,,tenka,,23,,Kinako stick. Something like a mochi with kinako on it.
72800 ,,,,,,,“[‰Ô,“[‰Ô,004_CA04_t_019.wav,komako,,20,,,,tenka,,3,,'I wonder what kinako is...'
72900 ,,,,,,,çŒb,çŒb,004_CA04_c_027.wav,komako,,20,chie,,21,tenka,,3,,"I don't know it well, but that's delicious too. It's a little dry in my mouth, though."
73000 ,,,,,,,“[‰Ô,“[‰Ô,004_CA04_t_020.wav,komako,,20,chie,,21,tenka,,0,,That's right... it's all kinds of sweets I've never eaten before.
73100 ,,,,,,,çŒb,çŒb,004_CA04_c_028.wav,komako,,20,chie,,1,tenka,,0,,"They're all delicious, aren't they, Komachan?"
73200 ,,,,,,,,,,komako,,20,chie,,1,tenka,,0,,Komako-chan pulls out a toothpick from the kinako stick in her mouth and answers back.
73300 ,,,,,,,ƒRƒ}ƒR,ƒRƒ}ƒR,004_CA04_k_006.wav,komako,,4,,,,,,,,"Uh... ah, I hit it..."
73400 ,,,,,,,ålŒö,ƒ–¼„,,komako,,4,,,,,,,,"Oh yeah, one more kinako stick, please!"
73500 ,,,,,,,,,,komako,,4,,,,,,,,Komako-chan hands me a toothpick with red food coloring on it.
73600 ,,,,,,,,,,komako,,4,,,,,,,,"And then, I handed the new kinako stick to Amanohana-chan."
73700 ,,,,,,,ƒRƒ}ƒR,ƒRƒ}ƒR,004_CA04_k_007.wav,komako,,20,,,,,,,,For Amanohana-chan'' or ''To give to Amanohana-chan
73800 ,,,,,,,“[‰Ô,“[‰Ô,004_CA04_t_021.wav,komako,,20,,,,tenka,,16,,"Ah, thanks!"
73900 ,,,,,,,,,,komako,,20,,,,tenka,,16,,"She still looked unaccustomed as she thanked Komako, then mimicked Komako-chan by holding a kinako stick in her mouth and pulling out a toothpick."
74000 ,,,,,,,ålŒö,ƒ–¼„,,komako,,20,,,,tenka,,16,,"Yeah, another hit! One more kinako stick, please?"
74100 ,,,,,,,“[‰Ô,“[‰Ô,004_CA04_t_022.wav,,,,,,,tenka,,1,,"Really!? Then next time, you should eat it!"
74200 ,,,,,,,çŒb,çŒb,004_CA04_c_029.wav,,,,chie,,1,tenka,,1,,Unn!
74300 ,,,,,,,,,,,,,chie,,1,tenka,,1,,"It seems that Amanohana-chan has really opened up, which is great!"
74400 ,,,,,,,,,,,,,chie,,1,tenka,,1,,I should ask for your thoughts on today via LINE later.
74500 ,,<!Lend_scene_change>,0,9001,,,,,,,,,,,,,,,,
74700 ,@005_CA05,,,,,,,,,,,,,,,,,,,
74900 ,,<!Lbegin_scene_change>,15,33,,,,,,,,,,,,,,,,
75000 ,,,,,9000000,,,,,,,,,,,,,,,"Now, what are you even talking about with that photo raffle thing!"
75100 ,,,,,9000000,,,,,,,,,,,,,,,"The message came flying into the LINE app right after the three of them left the shop. Of course, the one who sent it was Amana-chan."
75200 ,,,,,9000000,,,,,,,,,,,,,,,"Sorry, sorry, it seems like those two also wanted a conversation starter, you know..."
75300 ,,,,,9000000,,,,,,,,,,,,,,,"Well, this is half bullshit coming out of my mouth, but at least Chi-chan probably wants to chat with Amanohana-chan, so half of it might not be a lie."
75400 ,,,,,9000000,,,,,,,,,,,,,,,"Well, it seems like Chi-chan is also into idols, and she seems to be drawn to Amanohana-chan, who came from the city and seems to know a lot."
75500 ,,,,,9000000,,,,,,,,,,,,,,,"''Hmm, I wonder?'' was the reply. Even if you're doubting, the stamp is just a shy smile, isn't it, Sweet Flower?"
75600 ,,,,,9000000,,,,,,,,,,,,,,,"It's inconvenient not having a smartphone. Yeah, because we can't chat on LINE."
75700 ,,,,,9000000,,,,,,,,,,,,,,,"But for me, it's actually pretty convenient. If girls start LIME-ing together, old men might get left out, you know?"
75800 ,,,,,9000000,,,,,,,,,,,,,,,"Well, it probably won't be so blatantly excluded from the group, but there might be times when the conversation doesn't click and you end up being ignored somewhat."
75900 ,,,,,9000000,,,,,,,,,,,,,,,"But what should I talk about? Oh, I didn't expect you to ask that. Actually, it's more the old man's side who wants to know what to talk about with a girl to make it lively."
76000 ,,,,,9000000,,,,,,,,,,,,,,,"But Amanohana-chan really seems to be getting quite timid about things like that, doesn't she? It's understandable, though."
76100 ,,,,,9000000,,,,,,,,,,,,,,,"How about replying with something like, ''I'll casually jump in to help, and if I notice any topics they like, I'll let you know...''?"
76200 ,,,,,9000000,,,,,,,,,,,,,,,"''Absolutely!''...... I almost laughed out loud, Amanogawa-chan. You're from the manual generation! Wait, that's a bit off."
76300 ,,,,,,,,,,,,,,,,,,,,At least it was good to realize that Amanohana-chan doesn't necessarily dislike talking to or getting along with the two of them.
76400 ,,,,,,,,,,,,,,,,,,,,"Well, if you don't like it, you wouldn't have come to the store in a group of three in the first place, would you?"
76500 ,,,,,,,,,,,,,,,,,,,,"From now on, it looks like I'll be able to fully enjoy watching three beautiful young girls playing around in my shop...... well, I can't wait for the fun ahead!"
76600 ,,,,,,,,,,,,,,,,,,,,"After that, as usual, the conversation with Amanohana-chan didn't end easily, and we just kept exchanging messages saying ''this is the end'' over and over again."
76700 ,,,,,,,,,,,,,,,,,,,,But that was also fun in its own way and couldn't be helped.
76800 ,,<!Lend_night>,0,9000,,,,,,,,,,,,,,,,
77000 ,@006_CB00,,,,,,,,,,,,,,,,,,,
77200 ,,<!se_inaka_semi_M><hide>,,,,,,,,,,,,,,,,,,
77300 ,,<!Lbegin_morning>,6,11,,,,,,,,,,,,,,,,It's the second day of summer vacation.
77400 ,,,,,,,,,,,,,,,,,,,,It's my first summer vacation since I started the candy store.
77500 ,,,,,,,,,,,,,,,,,,,,I wonder if I'll feel lonely when the usual little guests who come by during the summer vacation are gone...
77600 ,,,,,,,,,,,,,,,,,,,,"However, so far, instead of customers decreasing, more than usual are coming and staying longer."
77700 ,,,,,,,,,,,,,,,,,,,,"Of course, it doesn't directly contribute to sales, but it's nice that customers come by every day."
77800 ,,<se_stop id=""1"" fadeout=""8000"">,,,,,,,,,,,,,,,,,,"Chi-chan, Komako-chan, and Amanohana-chan\the three of them have also been coming for two days in a row."
77900 ,,,,21,,,ålŒö,ƒ–¼„,,,,,,,,,,,,"How's everyone's summer vacation going? It's still fun to have a break, right?"
78000 ,,,,,,,çŒb,çŒb,006_CB00_c_000.wav,"komako,privateC",,3,"chie,privateB",,21,"tenka,privateC",",0,,Yeah! I'm always wondering what to do every day!"
78100 ,,,,,,,,,,komako,,3,chie,,21,tenka,,0,,"Chi-chan is already overflowing with excitement, and it's obvious just from watching her."
78200 ,,,,,,,ålŒö,ƒ–¼„,,komako,,3,chie,,21,tenka,,0,,"You probably go to lots of different places to play, but I'd love it if you'd come to my shop sometimes too."
78300 ,,,,,,,çŒb,çŒb,006_CB00_c_001.wav,komako,,3,chie,,0,tenka,,0,,Chi-chan comes every day!
78400 ,,,,,,,ålŒö,ƒ–¼„,,komako,,3,chie,,0,tenka,,0,,"Wait, really? That's great! But you're not going out with your family or something, are you?"
78500 ,,,,,,,çŒb,çŒb,006_CB00_c_002.wav,komako,,3,chie,,34,tenka,,0,,Hmm... I don't know that yet.
78600 ,,,,,,,“[‰Ô,“[‰Ô,006_CB00_t_000.wav,komako,,3,chie,,34,tenka,,37,,"Even that's too much for me every day, isn't it?"
78700 ,,,,,,,çŒb,çŒb,006_CB00_c_003.wav,komako,,3,chie,,3,tenka,,37,,"Well, maybe that one. But I came for two days in a row!"
78800 ,,,,,,,ƒRƒ}ƒR,ƒRƒ}ƒR,006_CB00_k_000.wav,komako,,20,chie,,3,tenka,,37,,"If Chi-chan said she was coming, she probably will... she loves sweets anyway."
78900 ,,,,,,,“[‰Ô,“[‰Ô,006_CB00_t_001.wav,komako,,20,chie,,3,tenka,,3,,"By the way, every time you say ''chi,'' you're buying and eating something, but is your allowance okay?"
79100 ,,,,,,,çŒb,çŒb,006_CB00_c_004.wav,komako,,20,chie,,24,tenka,,3,,"Uh, well..."
79200 ,,,,,,,ålŒö,ƒ–¼„,,komako,,20,chie,,24,tenka,,3,,"Hahaha, Amanohana-chan looks like chi-chan's older sister or mother, doesn't she?"
79300 ,,,,,,,“[‰Ô,“[‰Ô,006_CB00_t_002.wav,komako,,20,chie,,24,tenka,,24,,Uh...!?
79400 ,,,,,,,çŒb,çŒb,006_CB00_c_005.wav,komako,,20,chie,,3,tenka,,24,,Now that you mention it...
79500 ,,,,,,,ƒRƒ}ƒR,ƒRƒ}ƒR,006_CB00_k_001.wav,komako,,21,chie,,3,tenka,,24,,...maybe so.
79600 ,,,,,,,“[‰Ô,“[‰Ô,006_CB00_t_003.wav,komako,,21,chie,,3,tenka,,12,,W-w-w-wait...!
79700 ,,,,,,,,,,,,,,,,,,,,"Oh, Amanohana-chan, you must have been quite shocked to collapse into that famous three-letter alphabet pose that even went viral online. Was it that shocking?"
79800 ,,,,,,,ålŒö,ƒ–¼„,,,,,,,,,,,,"But the three of you have become quite close, haven't you?"
79900 ,,,,,,,,,,,,,,,,,,,,"Amachan has only been exchanging cards with Chi-chan and Komako-chan for about a week, but it seems like they've already become really close."
80000 ,,,,,,,,,,,,,,,,,,,,"Now that we can talk like this, huh?"
80100 ,,,,,,,“[‰Ô,“[‰Ô,006_CB00_t_004.wav,,,,,,,tenka,,36,,"Uh, umm... well..."
80200 ,,,,,,,çŒb,çŒb,006_CB00_c_006.wav,,,,chie,,0,tenka,,36,,Were you already close?
80300 ,,,,,,,ƒRƒ}ƒR,ƒRƒ}ƒR,006_CB00_k_002.wav,komako,,0,chie,,0,tenka,,36,,Uh-huh.
80400 ,,,,,,,“[‰Ô,“[‰Ô,006_CB00_t_005.wav,komako,,0,chie,,0,tenka,,13,,"Huh, really? ...?"
80500 ,,,,,,,,,,,,,,,,,,,,"She looks a little confused but also happy, doesn't she, Amanohana-chan? I'll send her a message later saying, ''Good for you!''"
80600 ,,,,,,,ålŒö,ƒ–¼„,,,,,,,,,,,,"Well, if you could come by and check in within reason, that'd make me happy. Since I don't get to see everyone's faces much, it makes the old man feel lonely too."
80700 ,,,,,,,çŒb,çŒb,006_CB00_c_007.wav,,,,chie,,21,,,,,Got it!
80800 ,,,,,,,“[‰Ô,“[‰Ô,006_CB00_t_006.wav,,,,chie,,21,tenka,,0,p,"Well, yeah, when I'm free, you know."
«,,,,,,,“[‰Ô,“[‰Ô,006_CB00_t_006a.wav,,,,chie,,21,tenka,,17,,"She looks like she's somewhat convinced yet not quite convinced, with an ambiguous expression, Amacha."
80900 ,,,,,,,ålŒö,ƒ–¼„,,,,,chie,,21,tenka,,17,,"Hahaha, there aren't many places to play, so it's a bit troublesome, isn't it?"
81000 ,,,,,,,,,,,,,chie,,21,tenka,,17,,"It's convenient for me, though."
81100 ,,,,,,,ƒRƒ}ƒR,ƒRƒ}ƒR,006_CB00_k_003.wav,komako,,23,,,,,,,,Is Uncle taking a break?
81200 ,,,,,,,,,,komako,,23,,,,,,,,"Then, Komako-chan, who had been listening to the story, asked like that."
81300 ,,,,,,,ålŒö,ƒ–¼„,,komako,,23,,,,,,,,"Hmm? Well, if Uncle closes the shop, the neighborhood customers will be in trouble, you know."
81400 ,,,,,,,,,,komako,,23,,,,,,,,"Actually, I never thought about taking a break. There's nothing to do when you're resting, and honestly, the reason I started the candy shop was to meet girls anyway."
81500 ,,,,,,,ƒRƒ}ƒR,ƒRƒ}ƒR,006_CB00_k_004.wav,komako,,3,,,,,,,,"So, no rest, huh?"
81600 ,,,,,,,ålŒö,ƒ–¼„,,komako,,3,,,,,,,,"If Komako comes, I'll work hard without taking a break!"
81700 ,,,,,,,ƒRƒ}ƒR,ƒRƒ}ƒR,006_CB00_k_005.wav,komako,,27,,,,,,,,"I don't know, but maybe Chi-chan will be disappointed if the store is closed."
81800 ,,,,,,,ålŒö,ƒ–¼„,,komako,,27,,,,,,,,Ah\'' or ''Oh\
81900 ,,,,,,,çŒb,çŒb,006_CB00_c_008.wav,komako,,27,chie,,25,,,,,Huh? Uncle's taking a summer vacation too?!
82000 ,,,,,,,,,,komako,,27,chie,,25,,,,,Chi-chan stood frozen in shock.
82100 ,,,,,,,ålŒö,ƒ–¼„,,komako,,27,chie,,25,,,,,"Oh no, Uncle will keep going without a break\it's all for Chi-chan!"
82200 ,,,,,,,çŒb,çŒb,006_CB00_c_009.wav,komako,,27,chie,,1,,,,,Yattaaa!!
82300 ,,,,,,,ƒRƒ}ƒR,ƒRƒ}ƒR,006_CB00_k_006.wav,komako,,21,chie,,1,,,,,"Yeah, I'm cheering for you!"
82400 ,,,,,,,,,,komako,,21,chie,,1,,,,,How kind of you to say so.
82500 ,,,,,,,,,,,,,,,,,,,,"If you close the shop, that means you won't be able to meet all the cute ones, so there's really no benefit to the old man taking a break either."
82600 ,,,,,,,,,,,,,,,,,,,,"Once that talk was over, all three of them started browsing the store according to their own preferences."
82700 ,,,,,,,ƒRƒ}ƒR,ƒRƒ}ƒR,006_CB00_k_007.wav,komako,,24,,,,,,,,"Ah, there are so many airplanes..."
82800 ,,,,,,,ålŒö,ƒ–¼„,,komako,,24,,,,,,,,"Ah, that's called a propeller glider, you know? It's made by assembling a body and wings from expanded polystyrene and attaching a propeller before throwing and flying it. It's so light that it flies really well."
82900 ,,,,,,,ƒRƒ}ƒR,ƒRƒ}ƒR,006_CB00_k_008.wav,komako,,23,,,,,,,,Hmm...
83000 ,,,,,,,,,,komako,,23,,,,,,,,"It's summer vacation, so I thought maybe boys would like this kind of thing, so I decided to stock up on it."
83100 ,,,,,,,,,,komako,,23,,,,,,,,"When we were obsessed with flying them, they were fighter jet designs, and that was why they were cool and made us obsessed, but lately, character-based ones have come out too, and it's surprising."
83200 ,,,,,,,,,,komako,,23,,,,,,,,"The character might be more appealing to today's boys, but of course, what was stocked is the fighter version."
83300 ,,,,,,,,,,komako,,23,,,,,,,,"It was so happy that the toys I played with as a child are still in use, and after all, boys' toys are like this, aren't they?"
83400 ,,,,,,,,,,komako,,23,,,,,,,,"Even if I'm left unsold, I can just play by myself... I thought, but now two more have sold."
83500 ,,,,,,,,,,komako,,23,,,,,,,,Even kids these days can understand what's fun.
83600 ,,,,,,,,,,komako,,23,,,,,,,,"At this point, I'd like to include some mecha too."
83800 ,,,,,,,,,,,,,,,,,,,,"While looking at various toys with a curious expression, Amakana-chan is tilting her head in front of the sweets."
83900 ,,,,,,,ålŒö,ƒ–¼„,,,,,,,,,,,,"What's the matter, Amanogawa-chan?"
84000 ,,,,,,,“[‰Ô,“[‰Ô,006_CB00_t_007.wav,,,,,,,tenka,,9,,"Hmm? Well, I've never tried any of the sweets sold at Uncle's place, so they're all new to me..."
84100 ,,,,,,,“[‰Ô,“[‰Ô,006_CB00_t_008.wav,,,,,,,tenka,,17,,"Wow, that's a great color, isn't it?"
84200 ,,,,,,,ålŒö,ƒ–¼„,,,,,,,,tenka,,17,,"Well, I guess so..."
84300 ,,,,,,,,,,,,,,,,tenka,,17,,"The sweets from the *wagashi* shop are so vivid in color, like they're straight-up primary colors, you know?"
84400 ,,,,,,,“[‰Ô,“[‰Ô,006_CB00_t_009.wav,,,,,,,tenka,,23,,"'If it's orange or green, I can still imagine the taste, but what about blue?'"
84500 ,,,,,,,ålŒö,ƒ–¼„,,,,,,,,tenka,,23,,"Well, you know, even kakig'ri can be blue, can't it?"
84600 ,,,,,,,“[‰Ô,“[‰Ô,006_CB00_t_010.wav,,,,,,,tenka,,23,p,"Oh, right. So, Hawaiian flavor? ''Hmm~''"
«,,,,,,,“[‰Ô,“[‰Ô,006_CB00_t_010a.wav,,,,,,,tenka,,37,,"She looks like she's somewhat convinced yet not quite convinced, with an ambiguous expression, Amacha."
84700 ,,,,,,,,,,,,,,,,tenka,,37,,...but today I'll go with this one.
84800 ,,,,,,,“[‰Ô,“[‰Ô,006_CB00_t_011.wav,,,,,,,tenka,,1,,"Black Lightning, huh. This is delicious, isn't it?"
84900 ,,,,,,,ålŒö,ƒ–¼„,,,,,,,,tenka,,1,,"Is that so? I haven't tried it, but cookies and chocolate sound safe enough. I've seen them at convenience stores before."
85100 ,,,,,,,“[‰Ô,“[‰Ô,006_CB00_t_012.wav,,,,,,,tenka,,3,,"Oh, is that so?"
85200 ,,,,,,,ålŒö,ƒ–¼„,,,,,,,,tenka,,3,,"Yeah, this is a cookie-filled chocolate, so it's delicious as usual."
85300 ,,,,,,,,,,,,,,,,tenka,,3,,"Still, though..."
85400 ,,,,,,,ålŒö,ƒ–¼„,,,,,,,,tenka,,3,,"Black Lightning is such a cool name, huh? I wonder who came up with it..."
85500 ,,,,,,,“[‰Ô,“[‰Ô,006_CB00_t_013.wav,,,,,,,tenka,,37,,Umm... it says 'Huge hit with girls!' but is that really true? It doesn't look like something for girls...
85600 ,,,,,,,ålŒö,ƒ–¼„,,,,,,,,tenka,,37,,As you say...
85700 ,,,,,,,,,,,,,,,,tenka,,37,,"It's a very mysterious sense of taste. But honestly, this is genuinely delicious, and apart from the name, there's nothing weird about it at all."
85800 ,,,,,,,“[‰Ô,“[‰Ô,006_CB00_t_014.wav,,,,,,,tenka,,1,,"......! Honto da, kore oishii!!"
85900 ,,,,,,,,,,,,,,,,tenka,,1,,"Well, even Amanogawa-chan, who mentioned it, seems to have fallen under its spell right away."
86000 ,,,,,,,,,,,,,,,,,,,,"Now, the last one is..."
86100 ,,,,,,,ålŒö,ƒ–¼„,,,,,,,,,,,,"Chii-chan, what are you buying today?"
86200 ,,,,,,,çŒb,çŒb,006_CB00_c_010.wav,,,,chie,,34,,,,,"Uh... uhh!? A, uh, er..."
86300 ,,,,,,,ålŒö,ƒ–¼„,,,,,chie,,34,,,,,Hmm?
86400 ,,,,,,,çŒb,çŒb,006_CB00_c_011.wav,,,,chie,,25,,,,,"Ummm...... sorry, Uncle, today I'll endure it\"
86500 ,,,,,,,ålŒö,ƒ–¼„,,,,,chie,,25,,,,,"No, no, there's no need to apologize at all! Sorry, sorry, I didn't mean to nag you!"
86600 ,,,,,,,,,,,,,chie,,25,,,,,"Oh, the way I just put it sounds like I'm saying 'Buy something!' That's no good, no good!"
86700 ,,,,,,,ƒRƒ}ƒR,ƒRƒ}ƒR,006_CB00_k_009.wav,komako,,24,,,,,,,,Chii-chan held back... amazing\great!
86800 ,,,,,,,“[‰Ô,“[‰Ô,006_CB00_t_015.wav,komako,,24,,,,tenka,,24,,"By the way, is it raining tomorrow?"
86900 ,,,,,,,,,,,,,,,,,,,,The comments from Chi-chan's friends are pretty harsh.
87000 ,,,,,,,,,,,,,,,,,,,,"Well, if you ask me, it seems like something rare even from Komako-chan's perspective. Though, I guess it's rare from my perspective too."
87100 ,,,,,,,,,,,,,,,,,,,,It can't be that you've spent all your pocket money and have none left\that would be too cruel to hear.
87200 ,,,,,,,çŒb,çŒb,006_CB00_c_012.wav,,,,chie,,0,,,,,"Uh\once I get my next allowance, I'll do a lot of shopping, so sorry, Uncle!"
87300 ,,,,,,,,,,,,,chie,,0,,,,,"Well, it turns out there was no pocket money after all.... Komako-chan and Amanohana-chan are also making ''well'' faces."
87400 ,,,,,,,ålŒö,ƒ–¼„,,,,,chie,,0,,,,,"Yeah, I'll count on you then."
87500 ,,,,,,,ƒRƒ}ƒR,ƒRƒ}ƒR,006_CB00_k_010.wav,komako,,21,chie,,0,,,,,"If it's Chichan, they'll probably come to use it right after they get it, so I think it's probably fine."
87600 ,,,,,,,“[‰Ô,“[‰Ô,006_CB00_t_016.wav,komako,,21,chie,,0,tenka,,37,,I wonder if using it right away is such a good idea...
87700 ,,,,,,,,,,komako,,21,chie,,0,tenka,,37,,They're both really merciless.
87800 ,,,,,,,ålŒö,ƒ–¼„,,,,,,,,,,,,"Well, you don't have to force yourself to use it, okay? Not just Chii-chan, but Komako-chan and Amanogawa-chan too."
87900 ,,,,,,,,,,,,,,,,,,,,"From what I've seen of Chii-chan's behavior so far, she'll probably still come out to play even if she runs out of pocket money. And she'll bring her two friends too."
88000 ,,,,,,,,,,,,,,,,,,,,"While they were talking like that, time passed, and it became time for the three of them to leave."
88200 ,,<!timepass_middle>,8,11,,,“[‰Ô,“[‰Ô,006_CB00_t_017.wav,tenka,,21,,,,,,,,"Bye, uncle!"
88300 ,,,,,,,ƒRƒ}ƒR,ƒRƒ}ƒR,006_CB00_k_011.wav,komako,,1,,,,,,,,Bye-bye!
88400 ,,,,,,,çŒb,çŒb,006_CB00_c_013.wav,chie,,1,,,,,,,,See you next time!!!
88500 ,,,,,,,ålŒö,ƒ–¼„,,,,,,,,,,,,"Hey, see you again\nice to meet you again!"
88600 ,,,,,,,,,,,,,,,,,,,,"As soon as the three of them leave, the store suddenly feels so lonely. Even in summer, it feels cold."
88700 ,,<!move_veryshort>,,21,,,,,,,,,,,,,,,,"Well, let's tidy up the shop alone in solitude. After that, maybe some reminiscing while masturbating..."
88800 ,,,,,,,ålŒö,ƒ–¼„,,,,,,,,,,,,......huh?
88900 ,,,,,,,,,,,,,,,,,,,,"Suddenly, I noticed a discrepancy inside the store."
89000 ,,,,,,,,,,,,,,,,,,,,"The inside isn't as wide as you might think. It's the place where some sweets were displayed. Now, it's empty."
89100 ,,,,,,,ålŒö,ƒ–¼„,,,,,,,,,,,,Hmm? Something's off. Did we sell these sweets today...?
89200 ,,,,,,,,,,,,,,,,,,,,It was a very small container filled with yogurt-flavored junk food.
89300 ,,,,,,,,,,,,,,,,,,,,"As the ''yogurt flavor'' suggests, its ingredients are shortening\meaning oil, sugar, and flavoring, which seem like incredibly unhealthy junk food."
89400 ,,,,,,,,,,,,,,,,,,,,"Moreover, after just a few times of bringing it to my mouth with a wooden spoon, it's finished in no time, but it's still a popular snack from long ago to now."
89500 ,,,,,,,,,,,,,,,,,,,,That snack is gone.
89600 ,,,,,,,ålŒö,ƒ–¼„,,,,,,,,,,,,I think there were about two in stock when I saw them at noon...
89700 ,,,,,,,,,,,,,,,,,,,,We were supposed to be careful not to run out of these sweets because Chi-chan likes them.
89800 ,,,,,,,,,,,,,,,,,,,,"Huh? So, huh?"
89900 ,,,,,,,,,,,,,,,,,,,,"Hey, could it be shoplifting?"
90000 ,,,,,,,ålŒö,ƒ–¼„,,,,,,,,,,,,"Uh, you're not just lying on the floor, are you..."
90100 ,,,,,,,,,,,,,,,,,,,,"Let me check by crouching down, but it hasn't fallen."
90200 ,,,,,,,ålŒö,ƒ–¼„,,,,,,,,,,,,"Wait, wait, let's think carefully before jumping to a hasty conclusion."
90300 ,,,,,,,,,,,,,,,,,,,,Hmmm....
90400 ,,,,,,,,,,,,,,,,,,,,Did the yogurt confectionery that disappeared exist until yesterday?
90500 ,,,,,,,,,,,,,,,,,,,,"I think there was one left. Since there isn't much left, I thought yesterday that I should make sure chi-chan doesn't get disappointed if it sells out."
90600 ,,,,,,,,,,,,,,,,,,,,Is it shoplifting after all!?
90700 ,,,,,,,ålŒö,ƒ–¼„,,,,,,,,,,,,"Hmm? But today, the last ones to come to the shop were just the three of you, Chii-chan and the others, right......?"
90800 ,,,,,,,,,,,,,,,,,,,,.......................
90900 ,,,,,,,,,,,,,,,,,,,,"What? No way? But... no, uh!? Can something like that really happen?"
91000 ,,,,,,,ålŒö,ƒ–¼„,,,,,,,,,,,,"Was one of those three people shoplifting? No, no, no..."
91100 ,,,,,,,,,,,,,,,,,,,,"It's really hard to imagine. Honestly, I don't even want to doubt it."
91200 ,,,,,,,,,,,,,,,,,,,,Hmmm....
91300 ,,,,,,,,,,,,,,,,,,,,"But still, it feels weird to leave things in the store untouched. It's not like the amount matters that much, but if it keeps happening, it's annoying."
91400 ,,,,,,,ålŒö,ƒ–¼„,,,,,,,,,,,,"At least first, we need to confirm if it's really shoplifting."
91500 ,,,,,,,,,,,,,,,,,,,,"So, what should I do about that?"
91600 ,,,,,,,,,,,,,,,,,,,,"Even today, I was at the store the whole time, and they didn't even notice. I mean, I wasn't even really watching closely since I didn't think something like that would happen anyway."
91700 ,,,,,,,ålŒö,ƒ–¼„,,,,,,,,,,,,"Watching... watching... voyeurism is fine, but surveillance is annoying. If you realize you're being watched, everyone would feel uncomfortable, right?"
91800 ,,,,,,,,,,,,,,,,,,,,"So what should I do? If it's about monitoring, the standard is cameras."
91900 ,,,,,,,,,,,,,,,,,,,,Camera......!?!?
92000 ,,,,,,,,,,,,,,,,,,,,"Taking photos secretly with a camera, or maybe surveillance, might not be so bad!!"
92100 ,,,,,,,ålŒö,ƒ–¼„,,,,,,,,,,,,"Camera camera...... even if you say surveillance camera, you can't just prepare something like that right away..."
92200 ,,,,,,,,,,,,,,,,,,,,"Oh, yeah, I didn't use that unused webcam or whatever\I just bought it on a whim, but of course there was no use for it, like a stolen camera... no, I had a surveillance camera or something."
92300 ,,,,,,,,,,,,,,,,,,,,Let me get that out right away.
92400 ,,,,,,,,,,,,,,,,,,,,"Set up the camera in the store and, if a customer comes, instruct the recording from the computer.... Hmm, it seems like it might work."
92500 ,,,,,,,ålŒö,ƒ–¼„,,,,,,,,,,,,"Now, where to set up the camera..."
92600 ,,,,,,,,,,,,,,,,,,,,"If you place it up there, it might get noticed, so let's hide it near your feet. Let's do that."
92700 ,,,,,,,,,,,,,,,,,,,,"It's not like I'm expecting a peek from a low angle or anything like that, but I don't even know who I'm making excuses to."
92800 ,,,,,,,ålŒö,ƒ–¼„,,,,,,,,,,,,"Okay, once the strategy is set, let's get started right away!"
92900 ,,,,,,,,,,,,,,,,,,,,I'm looking forward to seeing what's in the camera... though I hope it doesn't capture any evidence of shoplifting.
93000 ,,,,,,,,,,,,,,,,,,,,"If you grab the evidence, you'll have to give all sorts of lectures or punishments, you know..."
93100 ,,,,,,,,,,,,,,,,,,,,"Punishment? Hmm, that sounds kinda fun, doesn't it?"
93200 ,,,,,,,,,,,,,,,,,,,,"Well, well, if my pants can be recorded, that's good enough for now... no, wait, let's hope that everything turns out to be my misunderstanding and there was no shoplifting after all. Let's go with that."
93300 ,,<!Lend_night>,0,9000,,,,,,,,,,,,,,,,
93500 ,@007_CB01,,,,,,,,,,,,,,,,,,,"CG:XB00S,XB00K,XB00T"
93700 ,,<!Lbegin_day_change>,6,12,,,,,,"komako,privateB",,0,"chie,private",,1,"tenka,private",",1,,"
93800 ,,,,,,,çŒb,çŒb,007_CB01_c_000.wav,komako,,0,chie,,1,tenka,,1,,"Bye, Uncle!"
93900 ,,,,,,,,,,,,,,,,,,,,The first day of operating the store with the camera installed has passed.
94000 ,,,,,,,,,,,,,,,,,,,,"Today, too, Michi-chan, Amanohana, and Komako-chan\the three of them\came over, bought some sweets, talked about idols, and then left."
94100 ,,,,,,,,,,,,,,,,,,,,"Well then, shall we?"
94300 ,,<!timepass_short>,15,33,,,,,,,,,,,,,,,,"I entered the room and checked the PC that was placed there. The recording was still going on, so I stopped it."
94400 ,,,,,,,ålŒö,ƒ–¼„,,,,,,,,,,,,"Well, here's where the real work begins..."
94500 ,,,,,,,,,,,,,,,,,,,,"The camera was secretly activated after the three people arrived, but even then, it recorded for about two or three hours. Checking what's on it will probably be quite a tedious task."
94600 ,,,,,,,ålŒö,ƒ–¼„,,,,,,,,,,,,"Huh, what exactly is being shown here... huh huh... uh, uh, I hope nothing like shoplifting is being shown..."
94700 ,,,,,,,,,,,,,,,,,,,,"Muttering to myself like that, I started playing back the recorded file."
94800 ,,,,,,,ålŒö,ƒ–¼„,,,,,,,,,,,,It turned out to be taken more beautifully than I thought.
94900 ,,,,,,,,,,,,,,,,,,,,"Oh, three people are flashing in the camera. This seems like peeping, and it looks like it might be fun. Wait, is this peeping?"
95000 ,,,,,,,,,,,,,,,,,,,,"Well, I thought they were just all gathered and talking, but all three of them are actually moving around quite a bit, huh."
95100 ,,,,,,,,,,,,,,,,,,,,"Amanohana-chan doesn't seem familiar with the snacks from the candy store, so she's looking around curiously at everything. ...Oh, she's surprised by the toy shaped like a frog."
95200 ,,,,,,,,,,,,,,,,,,,,"As for Komako-chan, after staring fixedly at the pickled squid, she casually took out one piece and brought it over to me."
95300 ,,,,,,,,,,,,,,,,,,,,"By the way, you bought it for me today, didn't you? I was savoring it slowly, slurping it up noisily."
95400 ,,,,,,,,,,,,,,,,,,,,"Well, actually, it doesn't show that many unusual places. The angle is different from usual, and it's fun just seeing the three of them, but I was hoping for something a little more... I don't know, something else."
95500 ,,,,,,,,,,,,,,,,,,,,"Wait, what!?"
95700 ,,,,,9105000,,,,,,,,,,,,,,,"Oh, oh! Ooh! The panties, the panties!"
95800 ,,,,,9105000,,,,,,,,,,,,,,,"Who is this? Ah, Amanohana-chan! Yeah, that's exactly what I was expecting!!"
95900 ,,,,,9105000,,,,,,,,,,,,,,,"Wow, that's nice... So you're wearing cute pants after all..."
96000 ,,,,,9105000,,,,,,,,,,,,,,,"Okay, here's the translation of that line:  ''Alright, let's save this as a still image. Got it\*onane*!''"
96100 ,,,,,9105000,,,,,,,,,,,,,,,"Hmm, is anything else showing up...?"
96200 ,,,,,9105000,,,,,,,,,,,,,,,"Oh, this time it's Komako-chan's turn to pass...."
96300 ,,,,,,,,,,,,,,,,,,,,.........
96400 ,,,,,,,,,,,,,,,,,,,,"By the way, Komako-chan was wearing hot pants. Could her pants handle it?"
96500 ,,,,,,,,,,,,,,,,,,,,"No, you can't decide that so easily! Even hot pants have gaps! It's not a perfect defense!"
96600 ,,,,,,,,,,,,,,,,,,,,"Advancing the recording frame by frame to see if anything shows up, even just a glimpse..."
96700 ,,,,,,,,,,,,,,,,,,,,"Oh, oh, oh!?"
96900 ,,,,,9104000,,,,,,,,,,,,,,,"Got it! That's it, right?!"
97000 ,,,,,9104000,,,,,,,,,,,,,,,The gap in this hot pants reveals the fabric that looks so soft!!
97100 ,,,,,9104000,,,,,,,,,,,,,,,"Wonderful! Thank you, God!!"
97200 ,,,,,9104000,,,,,,,,,,,,,,,"Well, hotpants tend to feel disappointing because the guard is so tight, but when you catch a glimpse of them, you realize the charm you've been missing all along!"
97300 ,,,,,9104000,,,,,,,,,,,,,,,"When you think about it, you're showing your legs all the way up to the groin, so that's already dazzling."
97400 ,,,,,9104000,,,,,,,,,,,,,,,"The addition of a glimpse of panties makes the contrast between the bright original color of the hot pants and the skin tone inside them, and the clean color of the panties, incredibly good."
97500 ,,,,,9104000,,,,,,,,,,,,,,,This is also saved as a still image... adding 20 ejaculations is definitely confirmed.
97600 ,,,,,,,,,,,,,,,,,,,,"Now, the problem is about Chi-chan... how is she...?"
97700 ,,,,,,,,,,,,,,,,,,,,"Well, actually, Chi-chan, you're moving around too much and aren't showing up clearly at all! Calm down!"
97800 ,,,,,,,,,,,,,,,,,,,,"Even if you say it to the recorded video, it won't do any good."
97900 ,,,,,,,,,,,,,,,,,,,,"Even if things get knocked over or you trip and bump into things inside the store, you wouldn't do that, so maybe it's better to say that you have a ''restless talent'' or something like that."
98000 ,,,,,,,,,,,,,,,,,,,,"Hmm, even after stopping for a moment, it only seems to appear like a ''ghost image.'' Maybe I got too close with the camera because I was too focused on the angle..."
98100 ,,,,,,,,,,,,,,,,,,,,"Well, let's try to find something that's at least a little bit visible..."
98200 ,,,,,,,,,,,,,,,,,,,,"Oh, well, the goal is to look for evidence of shoplifting, but if that doesn't turn up, all the better, I guess...."
98300 ,,,,,,,,,,,,,,,,,,,,Hmm?
98500 ,,,,,9103000,,,,,,,,,,,,,,,This is... could it be that what's peeking out from this chi-chan's sleeveless top is...?
98600 ,,,,,9103000,,,,,,,,,,,,,,,A little zoom in.
98800 ,,,,,9103000,,,,,,,,,,,,,,,"This ''pochi'' that's popping out... is it a nipple, right? Chi-chan's!"
98900 ,,,,,9103000,,,,,,,,,,,,,,,Yeahhhhh! Treasure footage! Conquering three beautiful girls!
99000 ,,,,,9103000,,,,,,,,,,,,,,,What a great hidden camera setup! It's capturing so well!
99100 ,,,,,9103000,,,,,,,,,,,,,,,This tiny bulge that appeared slightly in the image has infinite value. Girls really are amazing.
99200 ,,,,,9103000,,,,,,,,,,,,,,,Hmm?
99300 ,,,,,9103000,,,,,,,,,,,,,,,The chi-chan in the screen made a weird move. It looked like she was slightly concerned about her left and right sides....
99400 ,,,,,9103000,,,,,,,,,,,,,,,"Wait, is this really...?"
99500 ,,,,,9103000,,,,,,,,,,,,,,,"Then, Chi-chan quickly snatched the snack in front of her and hid it in her hand."
99600 ,,,,,9103000,,,,,,,,,,,,,,,That scene was clearly captured in the recorded footage.
99700 ,,,,,,,ålŒö,ƒ–¼„,,,,,,,,,,,,Oh no... this is bad...
99800 ,,,,,,,,,,,,,,,,,,,,"The words just came out of my mouth like that. Really, they were shoplifting."
99900 ,,,,,,,,,,,,,,,,,,,,"Well, Chi-chan, you seemed like the least likely person to be involved in something like that, you know?"
100000 ,,,,,,,,,,,,,,,,,,,,"Well, even if she's as cute as cute little Chi-chan, shoplifting's no good, shoplifting's a no-no (boron)."
100100 ,,,,,,,,,,,,,,,,,,,,"Ah, that one was the onomatopoeia of me lowering my zipper and pulling out my penis."
100200 ,,,,,,,,,,,,,,,,,,,,"This is still something that needs to be discussed properly with Chi-chan. In exchange, I won't do anything lewd... *cough*, I mean, I won't give a lecture."
100300 ,,,,,,,,,,,,,,,,,,,,"Well, since you've already done shoplifting twice now, you'll probably do it again, won't you, Chi-chan? First, let's secure the scene. Then, what should we do next...?"
100400 ,,,,,,,,,,,,,,,,,,,,"As I think about it, it all starts to feel heavy... down there."
100500 ,,,,,,,,,,,,,,,,,,,,"Hehe, hehehe... I'm looking forward to the next shop visit, Chi-chan."
100600 ,,,,,,,,,,,,,,,,,,,,Old man's imagination jerking off is making progress too... *slip-slop-slip-slop-slop*.
100700 ,,<!Lend_night>,0,9000,,,,,,,,,,,,,,,,
100900 ,@008_CB02,,,,,,,,,,,,,,,,,,,
101100 ,,<!Lbegin_day_change>,7,21,,,çŒb,çŒb,008_CB02_c_000.wav,"komako,private",,0,"chie,privateC",,0,"tenka,privateB",",37,,Hey there! Good afternoon!"
101200 ,,,,,,,“[‰Ô,“[‰Ô,008_CB02_t_000.wav,komako,,0,chie,,0,tenka,,37,,"Honestly, you come to old man's store every day, don't you?"
101300 ,,,,,,,ƒRƒ}ƒR,ƒRƒ}ƒR,008_CB02_k_000.wav,"komako,private",,0,chie,,0,tenka,,37,",It's good that it's done. Uncle's store."
101400 ,,,,,,,ålŒö,ƒ–¼„,,komako,,0,chie,,0,tenka,,37,,It would be an honor to hear you say so.
101500 ,,,,,,,,,,komako,,0,chie,,0,tenka,,37,,"Today, the three of you\Mii-chan and the others\came to the store again."
101600 ,,,,,,,,,,komako,,0,chie,,0,tenka,,37,,"Hmm, Chi-chan is as lively and carefree as ever today. It's hard to imagine her shoplifting, though."
101700 ,,,,,,,,,,komako,,0,chie,,0,tenka,,37,,"Well, let's see how things go..."
101800 ,,,,,,,,,,,,,,,,,,,,"The three of them are talking about idol stuff or TV shows and so on today as well. As for the rest, it seems no one has started on their homework during this period."
101900 ,,,,,,,,,,,,,,,,,,,,"I thought about trying to tackle writing an observation diary of morning glories for a free assignment, but even stories about giving up after just one day\let alone three-day streaks\came up, and it was heartwarming."
102000 ,,,,,,,,,,,,,,,,,,,,"By the way, this story is not about Chi-chan but Komako-chan. I'll say this for Chi-chan's sake."
102100 ,,,,,,,,,,,,,,,,,,,,"Chii-chan said, ''Was there really such homework?'' As expected, it's Chii-chan."
102200 ,,,,,,,,,,,,,,,,,,,,"Now, let's question Itchi-chan."
102300 ,,,,,,,,,,,,,,,,,,,,"There's recorded footage, and that alone would be enough evidence, but it's also bad if it gets found out that we set up the camera."
102400 ,,,,,,,,,,,,,,,,,,,,"If that's the case, it would be better to catch Chee-chan actually shoplifting."
102500 ,,,,,,,,,,,,,,,,,,,,"Well, even if Chee-chan did something wrong, it's still sad to tell on her to Amakana-chan or Komako-chan, isn't it?"
102600 ,,,,,,,,,,,,,,,,,,,,"Well, if everyone knows, it might not be much of a threat, though..."
102700 ,,,,,,,,,,,,,,,,,,,,That's why we'll wait until Chi-chan starts moving.
102900 ,,<!timepass_short>,,,,,,,,,,,,,,,,,,"As I watched the three of them, Chi-chan started moving inside the shop. Maybe it's about time."
103000 ,,,,,,,,,,,,,,,,,,,,To observe Chi-chan's behavior without being noticed.
103100 ,,,,,,,,,,,,,,,,,,,,"Still, Chi-chan seems to be so absorbed in browsing sweets that she doesn't seem to have noticed me at all. It's a bit surprising that she isn't even looking at my condition."
103200 ,,,,,,,,,,,,,,,,,,,,"Maybe I'm starting to lose feeling in my senses. Hmm, that's no good."
103300 ,,,,,,,,,,,,,,,,,,,,"Oh, I did check on Komako and Amanogawa outside, you know. And... hey, I quickly put some sakuranbo mochi in my pocket!"
103400 ,,,,,,,,,,,,,,,,,,,,"And then, as if nothing had happened, he joined in the chatter of Komako-chan and Amanohana-chan again."
103500 ,,,,,,,,,,,,,,,,,,,,"Well, I can use this as a weakness, but seeing it up close is quite a shock, you know... A kid like Chi-chan shoplifting."
103600 ,,,,,,,,,,,,,,,,,,,,"It's not like I'm overflowing with cuteness, but I kinda feel like messing with you a little."
103700 ,,,,,,,,,,,,,,,,,,,,Alright....
103900 ,,<!timepass_middle>,8,,,,,,,,,,,,,,,,,"Well, it's time for the three of them to leave."
104000 ,,,,,,,,,,,,,,,,,,,,How did you manage to call only Chacha?
104100 ,,,,,,,,,,,,,,,,,,,,"You have friends like Komako-chan and Amanohana-chan, so you should try to get Chi-chan to voluntarily stay at the shop somehow."
104200 ,,,,,,,,,,,,,,,,,,,,"Well, how about I casually let you know that I know about the shoplifting?"
104300 ,,,,,,,,,,,,,,,,,,,,"Just as Chichan is about to leave, I wave her over from inside the store."
104400 ,,,,,,,ålŒö,ƒ–¼„,,,,,,,,,,,,"Chee-chee, Chee-chee!"
104500 ,,,,,,,çŒb,çŒb,008_CB02_c_001.wav,"chieL,privateC",,3,,,,,,,",'Hmm? What's up, Uncle?'"
104600 ,,,,,,,,,,chieL,,3,,,,,,,,"Hmm, it doesn't seem like they're hiding anything shady or being on guard at all... that's amazing."
104700 ,,,15,,,,ålŒö,ƒ–¼„,,chieL,,3,,,,,,,,In my pocket'' or ''Inside my pocket
104800 ,,,,,,,,,,chieL,,3,,,,,,,,"She came running over with a *tote-tote* sound, speaking to me in a small voice that only I could hear, like a little tea."
104900 ,,,,,,,,,,chieL,,28,,,,,,,,"Then, all of a sudden, Chi-chan's face turned deathly pale."
105000 ,,,,,,,,,,chieL,,28,,,,,,,,"Ah, if it's found out, I really do turn blue. I feel relieved."
105100 ,,,,,,,ƒRƒ}ƒR,ƒRƒ}ƒR,008_CB02_k_001.wav,,,,komako,,23,,,,,......Chi-chan?
105200 ,,,,,,,çŒb,çŒb,008_CB02_c_002.wav,chie,,28,komako,,23,,,,,"Ah, um, well, uh..."
105300 ,,,,,,,çŒb,çŒb,008_CB02_c_003.wav,chie,,24,komako,,23,,,,,"Hey, Mom's late today! So stay at Uncle's place!"
105400 ,,,,,,,,,,chie,,24,komako,,23,,,,,"Wow, for a spur-of-the-moment lie, that's pretty good."
105500 ,,,,,,,“[‰Ô,“[‰Ô,008_CB02_t_001.wav,chie,,24,komako,,23,tenka,,23,,"Is that so? Then I'll leave first, is that okay?"
105600 ,,,,,,,ƒRƒ}ƒR,ƒRƒ}ƒR,008_CB02_k_002.wav,chie,,24,komako,,14,tenka,,23,,"Chi-chan is like that, huh... I want to be with you too, but..."
105700 ,,,,,,,ålŒö,ƒ–¼„,,chie,,24,komako,,14,tenka,,23,,"That's no good. You have to go home soon, or your dad and mom will worry."
105800 ,,,,,,,ƒRƒ}ƒR,ƒRƒ}ƒR,008_CB02_k_003.wav,chie,,24,komako,,28,tenka,,23,,Umm...
105900 ,,,,,,,çŒb,çŒb,008_CB02_c_004.wav,chie,,1,komako,,28,tenka,,23,,"Okay, Komachan, you can go home first. Let's play again tomorrow......!"
106000 ,,,,,,,,,,chie,,1,komako,,28,tenka,,23,,"Even with a blue face, Mochi-chan desperately tries to put on a good show. You're doing your best, aren't you...?"
106100 ,,,,,,,ƒRƒ}ƒR,ƒRƒ}ƒR,008_CB02_k_004.wav,chie,,1,komako,,0,tenka,,23,,"Okay, then I'll go home first, Chi-chan."
106200 ,,,,,,,“[‰Ô,“[‰Ô,008_CB02_t_002.wav,chie,,1,komako,,0,tenka,,0,,"See you, bye for now!"
106300 ,,,,,,,çŒb,çŒb,008_CB02_c_005.wav,chie,,0,komako,,0,tenka,,0,,Bye-bye!
106400 ,,,,,,,,,,chie,,0,,,,,,,,Then Amakurachan and Komakochan left first.  So...
106500 ,,,,,,,çŒb,çŒb,008_CB02_c_006.wav,chie,,28,,,,,,,,...............
106600 ,,,,,,,,,,chie,,28,,,,,,,,"With the two of them gone, Chi-chan is trembling so much she's about to cry."
106700 ,,,,,,,ålŒö,ƒ–¼„,,chie,,28,,,,,,,,"I think you understand,"
106800 ,,,,,,,çŒb,çŒb,008_CB02_c_007.wav,chie,,24,,,,,,,,Pii!
106900 ,,,,,,,,,,chie,,24,,,,,,,,"It was as if Chi-chan let out a scream like something from an anime. Feeling a bit sorry for her, I decided to push the conversation forward."
107000 ,,,,,,,ålŒö,ƒ–¼„,,chie,,24,,,,,,,,Can you take out whatever's in your pocket?
107100 ,,,,,,,çŒb,çŒb,008_CB02_c_008.wav,chie,,14,,,,,,,,....................
107200 ,,,,,,,,,,chie,,14,,,,,,,,Chii-chan hesitantly takes out the sakuranbo mochi from her pocket from earlier.
107300 ,,,,,,,ålŒö,ƒ–¼„,,chie,,14,,,,,,,,"You haven't received the money for this, right?"
107400 ,,,,,,,çŒb,çŒb,008_CB02_c_009.wav,chie,,8,,,,,,,,S-sorry...
107500 ,,,,,,,,,,chie,,8,,,,,,,,"Finally, Chi-chan started crying."
107600 ,,,,,,,ålŒö,ƒ–¼„,,chie,,8,,,,,,,,"To be honest, Uncle will forgive you too. How many times have you done this kind of thing so far?"
107700 ,,,,,,,çŒb,çŒb,008_CB02_c_010.wav,chie,,34,,,,,,,,"Uh, about five or six times..."
107800 ,,,,,,,,,,chie,,34,,,,,,,,"You've been doing quite a bit, huh! Well, from what I saw earlier, that makes sense too. But this number of times\is that really true?"
107900 ,,,,,,,ålŒö,ƒ–¼„,,chie,,34,,,,,,,,Why did you do such a thing?
108000 ,,,,,,,çŒb,çŒb,008_CB02_c_011.wav,chie,,25,,,,,,,,"Ah, um... I ran out of pocket money right after summer vacation..."
108100 ,,,,,,,,,,chie,,25,,,,,,,,"I see. So then, it seems like they're mostly telling the truth about the number of times."
108200 ,,,,,,,çŒb,çŒb,008_CB02_c_012.wav,chie,,8,,,,,,,,"Sorry, I won't do it again! Sorry\!"
108300 ,,,,,,,ålŒö,ƒ–¼„,,chie,,8,,,,,,,,"But if Uncle hadn't stopped me today, maybe I would've done even more, right?"
108400 ,,,,,,,çŒb,çŒb,008_CB02_c_013.wav,chie,,8,,,,,,,,"Uh...... hah, uuuh......"
108500 ,,,,,,,,,,chie,,8,,,,,,,,"When I said that to her, Chi-chan fell silent. She must have held back quite a bit."
108600 ,,,,,,,ålŒö,ƒ–¼„,,chie,,8,,,,,,,,"Uncle, you won't get angry, but since you did something wrong, you'll have to make amends for it properly."
108700 ,,,,,,,çŒb,çŒb,008_CB02_c_014.wav,chie,,28,,,,,,,,Go...... I'm sorry...... I'll pay back the money for the stolen stuff properly......
108800 ,,,,,,,ålŒö,ƒ–¼„,,chie,,28,,,,,,,,"But you don't have any pocket money left, right?"
108900 ,,,,,,,çŒb,çŒb,008_CB02_c_015.wav,chie,,25,,,,,,,,"Oh, I'll help at the old man's shop... I'll work to pay back for the snacks I ate... Is that not okay?"
109000 ,,,,,,,,,,chie,,25,,,,,,,,"Chii-chan is working part-time at my store! That cute female employee, she's so attractive..."
109100 ,,,,,,,,,,chie,,25,,,,,,,,"But even if you were to work at my shop, it can't be decided just by me and Chi-chan."
109200 ,,,,,,,ålŒö,ƒ–¼„,,chie,,25,,,,,,,,"Uncle might be okay with it, but you definitely shouldn't tell Mom."
109300 ,,,,,,,çŒb,çŒb,008_CB02_c_016.wav,chie,,8,,,,,,,,"Hey, hey! Don't tell Mom! I'm sorry! I'll pay back Chichan's money, just don't tell Mom\!"
109400 ,,,,,,,ålŒö,ƒ–¼„,,chie,,8,,,,,,,,"That can't be. Since Chi-chan stole something, at least you have to explain it to your mom."
109500 ,,,,,,,,,,chie,,8,,,,,,,,"Actually, at first, I even thought about keeping it a secret and scaring Chichan."
109600 ,,,,,,,,,,chie,,8,,,,,,,,"But if that happens, it'll be the end for Chi-chan if he runs to the adults, and besides, I felt a strong attraction to the idea of Chi-chan working at our store from what he said earlier."
109700 ,,,,,,,,,,chie,,8,,,,,,,,"If you ask them, it won't get through to Amakagari-chan or Komako-chan anyway, and if you do, it'll probably get to other people's ears too. It'll even lead to talk like, 'What are you doing using children for?'"
109800 ,,,,,,,,,,chie,,8,,,,,,,,I thought it would be best to settle the matter right from the start by getting both parents to approve of the idea that ''I'll help out at the store a little to pay for the shoplifting.''
109900 ,,,,,,,çŒb,çŒb,008_CB02_c_017.wav,chie,,29,,,,,,,,"Chii-chan's mom isn't home today! And besides, I won't take any sweets anymore!"
110000 ,,,,,,,ålŒö,ƒ–¼„,,chie,,29,,,,,,,,Damn it! Then I'll close the shop... so how about we go to Chi-chan's house?
110100 ,,,,,,,çŒb,çŒb,008_CB02_c_018.wav,chie,,28,,,,,,,,Hey...
110200 ,,,,,,,,,,chie,,28,,,,,,,,"I hurried out with Chi-chan, who didn't want to leave as the store was closing."
110500 ,,<!se_inaka_semi_S>,,,,,,,,,,,,,,,,,,
110600 ,,<!move_long>,8,122,,,ålŒö,ƒ–¼„,,,,,,,,,,,,Which one is Chi-chan's house?
110700 ,,,,,,,çŒb,çŒb,008_CB02_c_019.wav,chie,,34,,,,,,,,Over here...
110800 ,,,,,,,,,,chie,,34,,,,,,,,"Finally giving up, I looked down and answered softly, ''chi-chan,'' as we headed home."
110900 ,,<!move_middle>,,112,,,,,,chie,,34,,,,,,,,"And then, I walked for about 15 minutes, didn't I?"
111000 ,,,,,,,,,,chie,,34,,,,,,,,"When Chi-chan stopped in front of the old, small apartment building, she pointed to the room on the first floor."
111100 ,,,,,,,çŒb,çŒb,008_CB02_c_020.wav,chie,,15,,,,,,,,Here...
111200 ,,,,,,,,,,chie,,15,,,,,,,,"It looks like Chii-chan is also getting nervous, but I'm getting nervous too."
111300 ,,<!se_chime_home><se_stop id=""1"" fadeout=""8000"">,,,,,,,,,,,,,,,,,,Ding-dong!
111500 ,,,,,,,—Dq,HHH,008_CB02_y_000.wav,,,,,,,,,,,Hai!
111700 ,,<!se_door_apart_open>,,,,,,,,,,,,,,,,,,*clatter!*
111800 ,,,,,,,—Dq,—Dq,008_CB02_y_001.wav,,,,"yuko,private",,23,,,,",Umm..."
111900 ,,,,,,,ålŒö,ƒ–¼„,,,,,yuko,,23,,,,,"Ah..., I'm the old man from the candy store..."
112000 ,,,,,,,,,,,,,yuko,,23,,,,,"As soon as Mom appeared, Chi-chan quickly hid behind me."
112100 ,,,,,,,,,,,,,yuko,,23,,,,,Is this person Chi-chan's mother?
112200 ,,,,,,,—Dq,—Dq,008_CB02_y_002.wav,,,,yuko,,3,,,,,What is the nature of your business?
112300 ,,,,,,,,,,,,,yuko,,3,,,,,"The hair softly gathered in loose waves and the full chest area... somehow, she seems like such a kind person."
112400 ,,,,,,,,,,,,,yuko,,3,,,,,...but this isn't the time to be staring.
112500 ,,,,,,,ålŒö,ƒ–¼„,,,,,yuko,,3,,,,,"Ah, well, the reason I came by today was about the incident where Chichan was shoplifting from the store..."
112600 ,,,,,,,—Dq,—Dq,008_CB02_y_003.wav,,,,yuko,,24,,,,,Is it shoplifting?!
112700 ,,,,,,,çŒb,çŒb,008_CB02_c_021.wav,chie,,8,yuko,,24,,,,,"Mom, I'm sorry~!"
112800 ,,,,,,,,,,chie,,8,yuko,,24,,,,,"Hearing my mother's surprised voice, Chi-chan jumped out from behind me and started apologizing while shedding tears."
112900 ,,,,,,,—Dq,—Dq,008_CB02_y_004.wav,chie,,8,yuko,,29,,,,,"Chi-chan! Shouldn't you apologize to the old man at the candy shop, not Mom?!"
113000 ,,,,,,,çŒb,çŒb,008_CB02_c_022.wav,chie,,8,yuko,,29,,,,,"G-Go, I'm sorry~!"
113200 ,,<!timepass_short>,,,,,,,,,,,,,,,,,,"So, for a while, I just sat there silently listening to Chi-chan and Chi-chan's mother talk."
113300 ,,,,,,,,,,,,,,,,,,,,"Without getting emotionally angry, nor was she not angry at all, Chi-chan seemed to reflect deeply on what she had done as her mother spoke to her in an admonishing way."
113400 ,,,,,,,,,,,,,,,,,,,,She had stopped crying completely and was staring at her own mother with a solemn expression.
113500 ,,,,,,,,,,,,,,,,,,,,She seems like such a very rational person. Chi-chan's mom.
113600 ,,,,,,,—Dq,—Dq,008_CB02_y_005.wav,chie,,8,yuko,,9,,,,,"So, what do you think Chichan plans to pay back the old man at the candy store?"
113700 ,,,,,,,çŒb,çŒb,008_CB02_c_023.wav,chie,,25,yuko,,9,,,,,"Chii-chan, I'm working at the candy shop during summer vacation. Oi-chan said it was okay too..."
113800 ,,,,,,,—Dq,—Dq,008_CB02_y_006.wav,chie,,25,yuko,,29,,,,,"It can't be that way, can it? Chi-chan, do you know what kind of work you'd do at a candy store?"
113900 ,,,,,,,,,,chie,,25,yuko,,29,,,,,"When I saw Chi-chan shake her head in silence, Chi-chan's mother looked at me."
114000 ,,,,,,,—Dq,—Dq,008_CB02_y_007.wav,,,,"yukoL,private",,15,,,,",'Well, I'll cover the cost of what Chie stole...'"
114100 ,,,,,,,,,,,,,yukoL,,15,,,,,"Well, if we keep going like this, it'll end up being the most boring conclusion."
114200 ,,,,,,,ålŒö,ƒ–¼„,,,,,yukoL,,15,,,,,"Ah, no, look! I think it's great that Chi-chan works part-time at the candy store!"
114300 ,,,,,,,ålŒö,ƒ–¼„,,,,,yukoL,,15,,,,,"There aren't that many customers anyway, and basically, it's just about customer service!"
114400 ,,,,,,,ålŒö,ƒ–¼„,,,,,yukoL,,15,,,,,"And besides, if she learns how hard it is to earn money... I think Chi-chan won't even think about shoplifting again!"
114500 ,,,,,,,ålŒö,ƒ–¼„,,,,,yukoL,,15,,,,,"So, I'd be more than happy to welcome you, Chi-chan's part-time job. It's just summer vacation anyway."
114600 ,,,,,,,—Dq,—Dq,008_CB02_y_008.wav,,,,yukoL,,35,,,,,"But even if such a small child was in the store, it would still be a bother..."
114700 ,,,,,,,ålŒö,ƒ–¼„,,,,,yukoL,,35,,,,,"It's fine! Chichan has been coming to the candy store every day anyway, and she hasn't changed much!"
114800 ,,,,,,,,,,,,,yukoL,,35,,,,,I myself am amazed at how smoothly such words come out.
114900 ,,,,,,,—Dq,—Dq,008_CB02_y_009.wav,,,,yukoL,,35,,,,,But...
115000 ,,,,,,,ålŒö,ƒ–¼„,,,,,yukoL,,35,,,,,"Chee-chan, you're trying your hardest, right? You'll be a good kid, right?"
115100 ,,,,,,,çŒb,çŒb,008_CB02_c_024.wav,chie,,21,yuko,,35,,,,,Uhnn!
115200 ,,,,,,,,,,chie,,21,yuko,,35,,,,,"Cheerfully reply, chi-chan."
115300 ,,,,,,,,,,chie,,21,yuko,,35,,,,,"It seems like Chi-chan's mom was still a little troubled, but after a while, she looked at my face with an apologetic expression and bowed slightly."
115400 ,,,,,,,—Dq,—Dq,008_CB02_y_010.wav,chie,,21,yuko,,3,,,,,"Then, please take care of me!"
115500 ,,,,,,,çŒb,çŒb,008_CB02_c_025.wav,chie,,7,yuko,,3,,,,,"Yeah, Chi-chan, I'll help out at Ojisan's store."
115600 ,,,,,,,ålŒö,ƒ–¼„,,chie,,7,yuko,,3,,,,,Uh-huh.
115700 ,,,,,,,,,,,,,,,,,,,,"From tomorrow, Chi-chan will be a staff member at our store! With even more opportunities to interact and do all sorts of things!"
115800 ,,,,,,,,,,,,,,,,,,,,"You might think adults are sneaky if you say something like that, but maybe you could take advantage of chi-chan's sense of guilt, huh..."
116000 ,,<!move_long_r>,,42,,,,,,,,,,,,,,,,"Still, Chichan's family seems to have a lot going on."
116100 ,,,,,,,,,,,,,,,,,,,,"After it was decided that Chi-chan would work part-time at my candy shop, I had a little chat with Chi-chan's mom."
116200 ,,,,,,,,,,,,,,,,,,,,It seems that Chee-chan has no father. That's why Chee-chan's mother goes out to work during the day.
116300 ,,,,,,,,,,,,,,,,,,,,"I always thought you were a lively kid... but Chichan's family is complicated, huh?"
116400 ,,,,,,,ålŒö,ƒ–¼„,,,,,,,,,,,,"Well, let's leave the difficult stuff aside for now..."
116500 ,,,,,,,,,,,,,,,,,,,,Switching my slightly melancholic mind over by force.
116600 ,,,,,,,ålŒö,ƒ–¼„,,,,,,,,,,,,"From tomorrow, chi-chan will be a staff member at our store! Let's have her do all sorts of things! All sorts of things!"
116700 ,,,,,,,,,,,,,,,,,,,,"When I think that way, my energy surges up abundantly, and at the same time, my groin swells up too."
116800 ,,<!Lend_night>,0,9000,,,,,,,,,,,,,,,,
117200 ,$go commonB_top,,,,,,,,,,,,,,,,,,,02commonB‚Ö
,