%line%,%seq%,%effect%,%music%,%bg%,%cg%,%ov%,%truename%,%name%,%voice%,%st0_name%,%st0_pos%,%st0_face%,%st1_name%,%st1_pos%,%st1_face%,%st2_name%,%st2_pos%,%st2_face%,%pageflag%,%text%
10000 ,@commonB_top,,,,,,,,,,,,,,,,,,,‹¤’Êƒp[ƒg‚a
10500 ,@009_CB03,,,,,,,,,,,,,,,,,,,
10800 ,,<!Lbegin_day_change>,2,21,,,çŒb,çŒb,009_CB03_c_000.wav,,,,,,,,,,,Hey! Good morning!
10900 ,,,,,,,,,,,,,,,,,,,,"While preparing for opening the store, a lively and adorable voice was heard from outside the shop."
11000 ,,,,,,,,,,,,,,,,,,,,"As the air conditioning started to kick in inside the store, I could see Chi-chan running energetically from outside."
11100 ,,<!move_short>,,11,,,ålŒö,ƒ–¼„,,,,,"chie,private",,0,,,,",'Good morning. You came so early, didn't you?'"
11200 ,,,,,,,çŒb,çŒb,009_CB03_c_001.wav,,,,chie,,1,,,,,"Yeah! Because if you don't work hard, you won't be able to pay back Uncle, right?"
11300 ,,,,,,,çŒb,çŒb,009_CB03_c_002.wav,,,,chie,,1,,,,,"Besides, it sounds like so much fun to work part-time at the shop where I always go to hang out!"
11400 ,,,,,,,,,,,,,chie,,1,,,,,"Seeing the cheerful way they were chatting, I felt a little relieved."
11500 ,,,,,,,,,,,,,chie,,1,,,,,"She was worried that if she felt too responsible for the compensation for shoplifting, she might be mentally exhausted."
11600 ,,,,,,,,,,,,,chie,,1,,,,,"I like my usual energetic chi-chan, so seeing her in a depressed state is painful."
11800 ,,<!move_short_r>,,21,,,çŒb,çŒb,009_CB03_c_003.wav,,,,chie,,23,,,,,"What should we do, Uncle, Little Sister?"
11900 ,,,,,,,ålŒö,ƒ–¼„,,,,,chie,,23,,,,,"Well, maybe I'll have you do the cleaning before opening."
12000 ,,,,,,,çŒb,çŒb,009_CB03_c_004.wav,,,,chie,,0,,,,,"For cleaning, I'm helping Mom out with it."
12100 ,,,,,,,ålŒö,ƒ–¼„,,,,,chie,,0,,,,,"Wow, you're amazing. So, can I leave the cleaning to you?"
12200 ,,,,,,,çŒb,çŒb,009_CB03_c_005.wav,,,,chie,,1,,,,,Leave it to me! I'll make it shiny!
12300 ,,,,,,,,,,,,,chie,,1,,,,,"When I handed her the broom, Chi-chan raised it high above her head, as if to express her determination."
12400 ,,,,,,,,,,,,,chie,,1,,,,,"At that moment, the broom hit the product and scattered all over the floor."
12500 ,,,,,,,çŒb,çŒb,009_CB03_c_006.wav,,,,chie,,24,,,,,Ah! Umm... Uncle... I'm sorry! I'll pick it up right away\ow!
12600 ,,,,,,,,,,,,,,,,,,,,"In her hurry to pick up the snack, Chichan bumped her head against the product shelf."
12700 ,,,,,,,çŒb,çŒb,009_CB03_c_007.wav,,,,,,,,,,,It hurts~!......!
12800 ,,,,,,,ålŒö,ƒ–¼„,,,,,"chieL,private",,34,,,,",'Chee-chan, are you okay?!'"
12900 ,,,,,,,,,,,,,chieL,,34,,,,,"Forgetting about the products and everything else, I rush over to Chi-chan."
13000 ,,,,,,,,,,,,,chieL,,34,,,,,"When I showed the place where I bumped it, it was slightly red, but fortunately, no lump had formed."
13100 ,,,,,,,ålŒö,ƒ–¼„,,,,,chieL,,34,,,,,What... what should I do? Should I bring some ice?
13200 ,,,,,,,çŒb,çŒb,009_CB03_c_008.wav,,,,chieL,,13,,,,,"No, it's fine! I can handle this kind of thing easily!"
13300 ,,,,,,,çŒb,çŒb,009_CB03_c_009.wav,,,,chieL,,13,,,,,"Otherwise, you have to clean up quickly, right?"
13400 ,,,,,,,çŒb,çŒb,009_CB03_c_010.wav,,,,chieL,,20,,,,,"Here, let Chi-chan handle it, so Uncle should do his own work."
13500 ,,,,,,,,,,,,,,,,,,,,"Only the translation is provided:  So they said, and only then did I move my hand away from Chi-chan's forehead."
13600 ,,,,,,,,,,,,,,,,,,,,"Just now, I was so flustered that I didn't have time to think, but... I managed to get close enough to touch Chi-chan."
13700 ,,,,,,,,,,,,,,,,,,,,"As soon as I become aware of it, I get an erection. While the warmth on my palm remains, I want to rush to the bathroom and masturbate!"
13800 ,,,,,,,çŒb,çŒb,009_CB03_c_011.wav,,,,chie,,3,,,,,"What's up, Uncle? What's wrong?"
13900 ,,,,,,,ålŒö,ƒ–¼„,,,,,chie,,3,,,,,"Huh!? Umm... no, it's nothing!"
14000 ,,,,,,,,,,,,,chie,,3,,,,,I forced a smile and helped Chi-chan.
14100 ,,,,,,,çŒb,çŒb,009_CB03_c_012.wav,,,,chie,,5,,,,,"That's fine! I'll clean up here, Chii-chan!"
14200 ,,,,,,,ålŒö,ƒ–¼„,,,,,chie,,5,,,,,"It would be faster if we did it together. Also, the box for putting in the product is wrong."
14300 ,,,,,,,çŒb,çŒb,009_CB03_c_013.wav,,,,chie,,24,,,,,"Wow, it's really true!"
14400 ,,,,,,,,,,,,,chie,,24,,,,,"I squat very close to Chi-chan, almost touching her, and while picking up snacks or toys, I explain where to put them away."
14500 ,,,,,,,,,,,,,chie,,24,,,,,"Yeah, yeah, and chichan nodded seriously with a grave expression. Every time she shook her head, the smell of shampoo and sweat tickled her nostrils."
14600 ,,,,,,,,,,,,,chie,,24,,,,,Ahh... this smell is no good. My reason might just fly away!
14800 ,,,5,,,,ƒRƒ}ƒR,ƒRƒ}ƒR,009_CB03_k_000.wav,,,,,,,,,,,"Chi-chan, ojisan, are you there?"
14900 ,,,,,,,,,,,,,,,,,,,,The door creaked open. Standing in front of the store was Komako-chan. Next to her was Tenka-chan as well.
15000 ,,,,,,,“[‰Ô,“[‰Ô,009_CB03_t_000.wav,"komako,privateB",,0,,,,"tenka,privateB",,"23,,'Wow, I really started working part-time!'"
15100 ,,,,,,,çŒb,çŒb,009_CB03_c_014.wav,komako,,0,"chie,private",,4,tenka,,23,",How do you know that?!"
15200 ,,,,,,,ƒRƒ}ƒR,ƒRƒ}ƒR,009_CB03_k_001.wav,komako,,0,chie,,4,tenka,,23,,"I heard it from Chi-chan's mom. When I went to her house, Chi-chan wasn't there."
15300 ,,,,,,,çŒb,çŒb,009_CB03_c_015.wav,komako,,0,chie,,23,tenka,,23,,"Oh, right! Komachan and Tenka-chan, sorry. Chichan is working part-time at Ojisan's candy shop during the summer vacation."
15400 ,,,,,,,ålŒö,ƒ–¼„,,komako,,0,chie,,23,tenka,,23,,"Good morning to both of you. Sorry to interrupt while you're having fun, but we're currently preparing for opening."
15500 ,,,,,,,“[‰Ô,“[‰Ô,009_CB03_t_001.wav,komako,,0,chie,,23,tenka,,17,,"Well, if we leave it like this, we won't be able to open the store, will we?"
15600 ,,,,,,,çŒb,çŒb,009_CB03_c_016.wav,komako,,0,chie,,5,tenka,,17,,"W-Well, this is... kinda a failure, you know?"
15700 ,,,,,,,,,,komako,,0,chie,,5,tenka,,17,,Chi-chan hurriedly gathered the products. Tenka-chan sighed in exasperation.
15800 ,,,,,,,ƒRƒ}ƒR,ƒRƒ}ƒR,009_CB03_k_002.wav,komako,,27,chie,,5,tenka,,17,,"Cheer up, Chi-chan!"
15900 ,,,,,,,çŒb,çŒb,009_CB03_c_017.wav,komako,,27,chie,,21,tenka,,17,,"Yeah, let's do our best! If we don't work hard, there's no point in starting this part-time job!"
16000 ,,,,,,,,,,,,,,,,,,,,Chii-chan is holding snacks and toys in both hands and returning to her original position.
16100 ,,,,,,,,,,,,,,,,,,,,It's great that a beautiful young girl helps out at the store.... What a treat for the eyes!
16200 ,,,,,,,,,,,,,,,,,,,,I was thinking about that when I got tugged at the hem of my clothes with a ''cheep-cheep.''
16300 ,,,,,,,ålŒö,ƒ–¼„,,,,,,,,,,,,Amachan? What's wrong?
16400 ,,,,,,,“[‰Ô,“[‰Ô,009_CB03_t_002.wav,,,,,,,"tenkaL,privateB",,3,",'Hey, mister. Can't we do part-time jobs?'"
16500 ,,,,,,,ålŒö,ƒ–¼„,,,,,,,,"tenkaL,privateB",,3,",'Of course, okay... no, no, that's not it. It's definitely not okay.'"
16600 ,,,,,,,,,,,,,,,,"tenkaL,privateB",,3,",'I almost reflexively say ''Okay'' to the sudden proposal.'"
16700 ,,,,,,,,,,,,,,,,"tenkaL,privateB",,3,",I somehow managed to use my reason and rejected the sweet proposal from Tenka-chan."
16800 ,,,,,,,“[‰Ô,“[‰Ô,009_CB03_t_003.wav,,,,,,,"tenkaL,privateB",,30,",Why? I also want to work part-time and earn some pocket money!"
16900 ,,,,,,,ƒRƒ}ƒR,ƒRƒ}ƒR,009_CB03_k_003.wav,"komakoL,privateB",,27,,,,"tenkaL,privateB",,"30,,I also want to work part-time with Chi-chan."
17000 ,,,,,,,,,,"komakoL,privateB",,27,,,,"tenkaL,privateB",,"30,,Komako-chan also seems eager. The two of them stare at me seriously with intense expressions."
17100 ,,,,,,,,,,"komakoL,privateB",,27,,,,"tenkaL,privateB",,"30,,I also have feelings where I'd like both of them to work if possible...."
17200 ,,,,,,,,,,"komakoL,privateB",,27,,,,"tenkaL,privateB",,"30,,'But when three people gather, various things become difficult to do.'"
17300 ,,,,,,,,,,"komakoL,privateB",,27,,,,"tenkaL,privateB",,"30,,'And besides, if it comes to working part-time, you can't really avoid telling your parents.'"
17400 ,,,,,,,,,,"komakoL,privateB",,27,,,,"tenkaL,privateB",,"30,,'In the case of Chi-chan, there's the noble excuse of ''paying back the money for shoplifting,'' so it's still okay.'"
17500 ,,,,,,,,,,"komakoL,privateB",,27,,,,"tenkaL,privateB",,"30,,You might think that hiring Komako-chan or Tenka-chan for part-time work would make you a suspicious owner of a candy shop that's already on the watchlist."
17600 ,,,,,,,ålŒö,ƒ–¼„,,"komakoL,privateB",,27,,,,"tenkaL,privateB",,"30,,'It can't be that way. Chichan really studied hard and begged me herself to learn how to earn money by working, so Uncle hired her as an intern.'"
17700 ,,,,,,,ålŒö,ƒ–¼„,,"komakoL,privateB",,27,,,,"tenkaL,privateB",,"30,,Please tell your Mom yourself?"
17800 ,,,,,,,ålŒö,ƒ–¼„,,"komakoL,privateB",,27,,,,"tenkaL,privateB",,"30,,Did Amachan think about something like that?"
17900 ,,,,,,,“[‰Ô,“[‰Ô,009_CB03_t_004.wav,,,,,,,tenka,,12,,"Ah~...... yeah. That's right, isn't it......"
18000 ,,,,,,,,,,,,,,,,tenka,,12,,Amachan softened her words.
18100 ,,,,,,,ƒRƒ}ƒR,ƒRƒ}ƒR,009_CB03_k_004.wav,komako,,14,,,,tenka,,12,,"But if Chi-chan works part-time, we can't play together, can we?"
18200 ,,,,,,,çŒb,çŒb,009_CB03_c_018.wav,komako,,14,chie,,25,tenka,,12,,"Sorry! Even though it's summer vacation, my time to play has decreased..."
18300 ,,,,,,,,,,komako,,14,chie,,25,tenka,,12,,Komako-chan looks like she's sad.
18400 ,,,,,,,,,,komako,,14,chie,,25,tenka,,12,,"Yeah, I guess so. But even so, I think it's a bit off that I can't hang out with my friends during summer vacation."
18500 ,,,,,,,ålŒö,ƒ–¼„,,komako,,14,chie,,25,tenka,,12,,"Well, it's not like it's forbidden to come to the store, right? The old man would be happy if he came to buy some snacks, and Chi-chan can play freely during her break time, so go ahead!"
18600 ,,,,,,,ƒRƒ}ƒR,ƒRƒ}ƒR,009_CB03_k_005.wav,komako,,20,chie,,25,tenka,,12,,Really? Then I'll come shopping all the time.
18700 ,,,,,,,“[‰Ô,“[‰Ô,009_CB03_t_005.wav,komako,,20,chie,,25,tenka,,20,,"Well, maybe I'll do that too. I don't have anything else to do anyway."
18800 ,,,,,,,çŒb,çŒb,009_CB03_c_019.wav,komako,,20,chie,,1,tenka,,20,,"Wait, really!? Chii-chan is so happy!"
18900 ,,,,,,,,,,komako,,20,chie,,1,tenka,,20,,"It seems like the conversation has already been decided on its own, but looking at the three of them, you can't really say it's no good, can you?"
19000 ,,,,,,,ålŒö,ƒ–¼„,,komako,,20,chie,,1,tenka,,20,,"It's okay to play when there are no customers, but when Uncle asks you to do your work, you should do it properly."
19100 ,,,,,,,çŒb,çŒb,009_CB03_c_020.wav,komako,,20,chie,,21,tenka,,20,,"Yeah! Thanks, Uncle!"
19200 ,,,,,,,,,,,,,chie,,21,,,,,Chi-chan jumping around happily and then hugged my waist like that.
19300 ,,,,,,,,,,,,,chie,,21,,,,,My heart feels like it might jump out of my chest from such a sudden joyful event.
19400 ,,,,,,,,,,,,,chie,,21,,,,,I pretended to stay calm and stroked chi-chan's head. Her fine and soft hair tangled around my fingers...!
19500 ,,,,,,,ålŒö,ƒ–¼„,,,,,chie,,21,,,,,"Okay, let's go, Sachi-chan. We should open soon, so let's finish cleaning up quickly!"
19600 ,,,,,,,çŒb,çŒb,009_CB03_c_021.wav,,,,chie,,0,,,,,Got it! I'll clean up quickly!
19700 ,,,,,,,ålŒö,ƒ–¼„,,,,,chie,,0,,,,,Komako-chan and Tenka-chan are taking it easy there.
19800 ,,,,,,,çŒb,çŒb,009_CB03_c_022.wav,,,,chie,,5,,,,,Don't just eat the store's stuff without permission!
19900 ,,,,,,,“[‰Ô,“[‰Ô,009_CB03_t_006.wav,,,,,,,tenka,,32,,Huh? I wouldn't do something like that.
20000 ,,,,,,,,,,,,,,,,tenka,,32,,Komako-chan and Tenka-chan are looking at each other with a puzzled expression.
20100 ,,,,,,,,,,,,,,,,tenka,,32,,"If you keep talking like that, you'll get caught for shoplifting!"
20200 ,,,,,,,ålŒö,ƒ–¼„,,,,,,,,tenka,,32,,"Alright, so let's open up shop then!"
20400 ,,<!timepass_middle>,7,,,,çŒb,çŒb,009_CB03_c_023.wav,komako,,0,"chie,private",,1,tenka,,0,",Thank you very much!"
20500 ,,,,,,,“[‰Ô,“[‰Ô,009_CB03_t_007.wav,komako,,0,chie,,1,tenka,,29,,"Oh no, it's hot! Komako, close the door quickly!"
20600 ,,,,,,,ƒRƒ}ƒR,ƒRƒ}ƒR,009_CB03_k_006.wav,komako,,20,chie,,1,tenka,,29,,Uh... uh... yeah...
20700 ,,,,,,,,,,,,,,,,,,,,"After seeing off the old lady who came to buy daily necessities with three people, I returned to the store."
20800 ,,,,,,,,,,,,,,,,,,,,"Just as it's summer vacation, the strong summer sun shines down."
20900 ,,,,,,,,,,,,,,,,,,,,"It was only a matter of one or two minutes outside, but a faint sheen of sweat had appeared on her soft, unsoiled skin."
21000 ,,,,,,,,,,,,,,,,,,,,"I want to lick up the healthy sweat that flows, and I want to rub my penis against it and jerk off... So, I take a few deep breaths to suppress that desire."
21100 ,,,,,,,ålŒö,ƒ–¼„,,,,,,,,,,,,"Well, it's almost noon now. Everyone, go home and have your meal."
21200 ,,,,,,,“[‰Ô,“[‰Ô,009_CB03_t_008.wav,,,,,,,tenka,,34,,I'm so hungry...
21300 ,,,,,,,ƒRƒ}ƒR,ƒRƒ}ƒR,009_CB03_k_007.wav,komako,,0,,,,tenka,,34,,"Chii-chan, let's go!"
21400 ,,,,,,,çŒb,çŒb,009_CB03_c_024.wav,,,,chie,,23,,,,,But... do you not have to work during lunch?
21500 ,,,,,,,ålŒö,ƒ–¼„,,,,,chie,,23,,,,,"Uncle is also taking a lunch break, so come back after eating. Mom is waiting too, right?"
21600 ,,,,,,,çŒb,çŒb,009_CB03_c_025.wav,,,,chie,,28,,,,,"...Mom, I'm going to work..."
21700 ,,,,,,,ålŒö,ƒ–¼„,,,,,chie,,28,,,,,Ah!
21800 ,,,,,,,,,,,,,chie,,28,,,,,I see... I had completely forgotten.
21900 ,,,,,,,çŒb,çŒb,009_CB03_c_026.wav,,,,chie,,0,,,,,But you know what? Mom is making me a bento box. It's really delicious!
22000 ,,,,,,,,,,,,,chie,,0,,,,,"With a sudden smile, Chi-chan started bragging about her mother's bento."
22100 ,,,,,,,,,,,,,chie,,0,,,,,"But still, it looks a little lonely."
22200 ,,,,,,,,,,,,,chie,,0,,,,,Maybe you always eat meals alone during long breaks like summer vacation or winter vacation.
22300 ,,,,,,,çŒb,çŒb,009_CB03_c_027.wav,,,,chie,,1,,,,,"Okay, Uncle, I'll eat dinner and come back right away!"
22400 ,,,,,,,ålŒö,ƒ–¼„,,,,,chie,,1,,,,,"Well, wait! ... If you like, how about eating at my place?"
22500 ,,,,,,,çŒb,çŒb,009_CB03_c_028.wav,,,,chie,,4,,,,,Here? Really?!''
22600 ,,,,,,,ålŒö,ƒ–¼„,,,,,chie,,4,,,,,"Uh... At my uncle's house, lunch is mostly like that, so if that's okay, can I start eating lunch with my uncle from today?"
22700 ,,,,,,,çŒb,çŒb,009_CB03_c_029.wav,,,,chie,,1,,,,,Yattaa! Osomen daisuki!
22800 ,,,,,,,ålŒö,ƒ–¼„,,,,,chie,,1,,,,,"Oh, but I should eat the bento too. Mom made it especially for me after all."
22900 ,,,,,,,çŒb,çŒb,009_CB03_c_030.wav,,,,chie,,21,,,,,"Yeah, that's right. Then I'll go get it and come back!"
23000 ,,,,,,,çŒb,çŒb,009_CB03_c_031.wav,,,,chie,,20,,,,,"Komachan and Tenkachan, let's eat together! Is that okay with you, uncle?"
23100 ,,,,,,,ålŒö,ƒ–¼„,,,,,chie,,20,,,,,"Well, maybe Komako-chan and Tenka-chan have their mom making lunch for them?"
23200 ,,,,,,,ƒRƒ}ƒR,ƒRƒ}ƒR,009_CB03_k_008.wav,komako,,14,chie,,20,,,,,...Yeah.
23300 ,,,,,,,“[‰Ô,“[‰Ô,009_CB03_t_009.wav,komako,,14,chie,,20,tenka,,20,,"Then, starting tomorrow, I'll have Mom make me a bento lunch, so can I eat here at noon?"
23400 ,,,,,,,ƒRƒ}ƒR,ƒRƒ}ƒR,009_CB03_k_009.wav,komako,,4,chie,,20,tenka,,20,,I'll do that too!
23500 ,,,,,,,ålŒö,ƒ–¼„,,komako,,4,chie,,20,tenka,,20,,"Of course, that's fine. But you're supposed to explain that you're having lunch with your friend at the convenience store, right?"
23600 ,,,,,,,“[‰Ô,“[‰Ô,009_CB03_t_010.wav,komako,,4,chie,,20,tenka,,21,,"Shoo-shoo! Thanks, mister!"
23700 ,,,,,,,ƒRƒ}ƒR,ƒRƒ}ƒR,009_CB03_k_010.wav,komako,,0,chie,,20,tenka,,21,,I want Mom to make me a bento too.
23800 ,,,,,,,ålŒö,ƒ–¼„,,komako,,0,chie,,20,tenka,,21,,"Well then, today have dinner at home. Chi-chan, please bring your bento. Meanwhile, I'll prepare the somen noodles."
23900 ,,,,,,,çŒb,çŒb,009_CB03_c_032.wav,komako,,0,chie,,1,tenka,,21,,Got it! Here's the translation:  ''Yeah! I'll get it right away!''
24000 ,,,,,,,ƒRƒ}ƒR,ƒRƒ}ƒR,009_CB03_k_011.wav,komako,,20,chie,,1,tenka,,21,,"Chii-chan, let's go together until halfway!"
24100 ,,,,,,,“[‰Ô,“[‰Ô,009_CB03_t_011.wav,,,,,,,tenka,,24,,Ah~! I'm going too!
24300 ,,,,,,,,,,,,,,,,,,,,The three rushed out of the store and ran away at full speed.
24400 ,,,,,,,,,,,,,,,,,,,,I put up a ''Closed for Break'' sign at the storefront.
24500 ,,,,,,,,,,,,,,,,,,,,"Well, I wonder if I should boil some somen noodles..."
24800 ,,<!timepass_short>,,31,,,,,,,,,,,,,,,,"After that, I came back home out of breath with chi-chan and ate soba together."
24900 ,,,,,,,,,,,,,,,,,,,,"Chii-chan was showing me her lunch box, which her mother had made for her, and boasting about it with great pride."
25000 ,,,,,,,,,,,,,,,,,,,,"They let me have a little, but it was worth bragging about\it was very homely but incredibly delicious."
25100 ,,,,,,,çŒb,çŒb,009_CB03_c_033.wav,chie,,21,,,,,,,,Ahhh~! I'm already full~! It was delicious!
25200 ,,,,,,,ålŒö,ƒ–¼„,,chie,,21,,,,,,,,"Thank you for the meal. Chi-chan ate a lot, huh?"
25300 ,,,,,,,,,,,,,,,,,,,,I'll take the dishes and chopsticks that chi-chan used to the kitchen.
25400 ,,,,,,,,,,,,,,,,,,,,"After all, it was good to hire Chi-chan as a part-timer."
25500 ,,,,,,,,,,,,,,,,,,,,The remaining ramen broth was sipped a little and rolled around in my mouth.
25600 ,,,,,,,,,,,,,,,,,,,,I'm really glad I opened the candy store!
25700 ,,,,,,,,,,,,,,,,,,,,"Starting tomorrow, you might be able to get your hands on Komako-chan and Tenka-chan too."
26100 ,,,,,,,“[‰Ô—ƒRƒ}ƒR,“[‰Ô•ƒRƒ}ƒR,009_CB03_t_012.wav—009_CB03_k_012.wav,,,,,,,,,,,"Hello, how are you today?"
26200 ,,,,,,,,,,,,,,,,,,,,"I wanted to savor happiness a little longer, but I hurried back to my room and invited Amikachan and Komakochan in."
26300 ,,<!move_veryshort>,,41,,,ålŒö,ƒ–¼„,,,,,,,,,,,,You two can come up.
26400 ,,,,,,,çŒb,çŒb,009_CB03_c_034.wav,komako,,0,chie,,17,tenka,,0,,"Uh......fuh-ahhhh`......everyone, welcome!"
26500 ,,,,,,,,,,komako,,0,chie,,17,tenka,,0,,What a huge yawn! I could see all the way into your mouth!
26600 ,,,,,,,ƒRƒ}ƒR,ƒRƒ}ƒR,009_CB03_k_013.wav,komako,,21,chie,,17,tenka,,0,,"Chii-chan, that's a big yawn!"
26700 ,,,,,,,çŒb,çŒb,009_CB03_c_035.wav,komako,,21,chie,,17,tenka,,0,,"My stomach is full, and Chii-chan is getting sleepy..."
26800 ,,,,,,,çŒb,çŒb,009_CB03_c_036.wav,komako,,21,chie,,14,tenka,,0,,"But,... I have a part-time job\"
26900 ,,,,,,,,,,komako,,21,chie,,14,tenka,,0,,"Drowsily... already starting to row the boat, Chi-chan."
27000 ,,,,,,,“[‰Ô,“[‰Ô,009_CB03_t_013.wav,komako,,21,chie,,14,tenka,,37,,"Chii is really a child, isn't she? Can she even get a part-time job with something like that?"
27100 ,,,,,,,çŒb,çŒb,009_CB03_c_037.wav,komako,,21,chie,,17,tenka,,37,,"Chi-chan, do your best!"
27200 ,,,,,,,,,,,,,,,,,,,,"Despite the words, I could see drool dripping from Chi-chan's mouth."
27300 ,,,,,,,ålŒö,ƒ–¼„,,,,,,,,,,,,"If you're sleepy, you might as well take a nap."
27400 ,,,,,,,çŒb,çŒb,009_CB03_c_038.wav,,,,chie,,14,,,,,"Uh~... but, a part-time job..."
27500 ,,,,,,,ålŒö,ƒ–¼„,,,,,chie,,14,,,,,"If you push yourself too hard from the first day, you'll get tired. Taking breaks properly is also part of the job."
27600 ,,,,,,,çŒb,çŒb,009_CB03_c_039.wav,,,,chie,,17,,,,,If that's the case... good night!
27700 ,,,,,,,çŒb,çŒb,009_CB03_c_040.wav,,,,,,,,,,,Ssss... ssss...
27800 ,,,,,,,,,,,,,,,,,,,,"As expected of Chii-chan. Once she makes a decision, she acts quickly."
27900 ,,,,,,,,,,,,,,,,,,,,"With a thud, he flopped onto the spot and fell asleep within a few seconds."
28000 ,,,,,,,“[‰Ô,“[‰Ô,009_CB03_t_014.wav,,,,,,,tenka,,37,,"Ah, now that I finally hurried over..."
28100 ,,,,,,,ƒRƒ}ƒR,ƒRƒ}ƒR,009_CB03_k_014.wav,komako,,26,,,,tenka,,37,,"W-well, I'll go to sleep too... next to Chii-chan."
28200 ,,,,,,,ålŒö,ƒ–¼„,,komako,,26,,,,tenka,,37,,"Well, you're right. Should we take a nap together? At our age, sleeping is also an important part of studying, you know?"
28300 ,,,,,,,“[‰Ô,“[‰Ô,009_CB03_t_015.wav,komako,,26,,,,tenka,,1,,"Well, I'll go to sleep over here then."
28400 ,,,,,,,,,,,,,,,,,,,,Komako-chan and Tenka-chan were lying down with chi-chan sandwiched between them.
28500 ,,,,,,,,,,,,,,,,,,,,They also closed their eyes and soon fell asleep.
28700 ,,<!scene_h_begin>,15,,4130000,,,,,,,,,,,,,,,
28800 ,*mem,,,,4130000,,,,,,,,,,,,,,,
28900 ,,,15,,4130000,,ƒRƒ}ƒR,ƒRƒ}ƒR,009_CB03_k_015.wav,,,,komako,,0,,,,,Kuuu...... kuuu......
29000 ,,,,,4130000,,“[‰Ô,“[‰Ô,009_CB03_t_016.wav,,,,tenka,,0,,,,,Hmmm...
29100 ,,,,,4130000,,,,,,,,,,,,,,,Three beautiful young girls are... sleeping in my room... The scene I dreamed of has become reality!
29200 ,,,,,4130000,,,,,,,,,,,,,,,I confirmed that everyone was sleeping deeply before picking up my smartphone.
29300 ,,,,,4130000,,,,,,,,,,,,,,,"I had downloaded a small camera just in case, and I turned it on to take turns photographing the sleeping faces of the three people."
29400 ,,,,,4130000,,,,,,,,,,,,,,,Amazing! Just looking at your sleeping face makes me wonder how many times I can last!
29500 ,,,,,4130000,,çŒb,çŒb,009_CB03_c_041.wav,,,,chie,,0,,,,,Nnnn......!
29600 ,,,,,4130000,,ålŒö,ƒ–¼„,,,,,,,,,,,,''Hiiiiiiii
29700 ,,,,,4130000,,çŒb,çŒb,009_CB03_c_042.wav,,,,chie,,0,,,,,"...swoosh, swoosh."
29800 ,,,,,4130000,,ålŒö,ƒ–¼„,,,,,,,,,,,,"W-well, I was surprised! ...Was it just a rollover?"
29900 ,,,,,4130000,,,,,,,,,,,,,,,I thought Chichan might have woken up and almost panicked.
30000 ,,,,,4130000,,,,,,,,,,,,,,,"Chii-chan shifts her posture awkwardly. Suddenly, her lower half catches my eye."
30100 ,,,,,4130000,,ålŒö,ƒ–¼„,,,,,,,,,,,,"Oh, ohhhh......!"
30200 ,,,,,4130000,,,,,,,,,,,,,,,The skirt is... getting messed up!
30300 ,,,,,4130000,,,,,,,,,,,,,,,"If you adjust this a little more, won't your underwear show through?"
30400 ,,,,,4130000,,ålŒö,ƒ–¼„,,,,,,,,,,,,This might be a once-in-a-thousand-years opportunity...
30500 ,,,,,4130000,,,,,,,,,,,,,,,"I watched Amachan and Komako-chan. Unlike Chi-chan, they were wearing short pants."
30600 ,,,,,4130000,,,,,,,,,,,,,,,"Everyone has short hemlines, so their thighs are fully exposed. I was overcome by the urge to bury my face in their smooth, soft skin."
30700 ,,,,,4130000,,,,,,,,,,,,,,,"Somehow suppressing instinct with reason, I captured everyone's thighs. From above and from the side, I saved the angelic body in various angles as data."
30800 ,,,,,4130000,,ålŒö,ƒ–¼„,,,,,,,,,,,,Haaaa...... It's no good. I can't hold it back anymore......!
30900 ,,,,,4130000,,,,,,,,,,,,,,,"As I was shooting, my desire gradually began to surpass my reason."
31000 ,,,,,4130000,,,,,,,,,,,,,,,I want to see the pants... the desire that can't be suppressed.
31100 ,,,,,4130000,,ålŒö,ƒ–¼„,,,,,,,,,,,,"Everyone's asleep, so if it's just for a little while... if it's just a quick peek..."
31200 ,,,,,4130000,,,,,,,,,,,,,,,"It must not be found out, it must not be found out.... Right, maybe not putting my hand out here would be rude?"
31300 ,,,,,4130000,,,,,,,,,,,,,,,"The situation is in order. Then, it's just up to me to take action."
31400 ,,,,,4130000,,,,,,,,,,,,,,,"Just a little courage, and you can peek into paradise...."
31500 ,,,,,4130000,,ålŒö,ƒ–¼„,,,,,,,,,,,,...gulps...
31600 ,,,,,4130000,,,,,,,,,,,,,,,"Now, whose underwear should I look at...?"
31700 ,$menu_begin,,,,,,,,,,,,,,,,,,,Multiple-choice options
«,"$menu_item 0,‚¿[‚¿‚á‚ñ,sel_1a",,,,,,,,,,,,,,,,,
«,"$menu_item 1,ƒRƒ}ƒR‚¿‚á‚ñ,sel_1b",,,,,,,,,,,,,,,,,
«,"$menu_item 2,“[‰Ô‚¿‚á‚ñ,sel_1c",,,,,,,,,,,,,,,,,
«,"$menu_item 3,‘Sˆõ,sel_1d",,,,,,,,,,,,,,,,,
«,$menu_end,,,,,,,,,,,,,,,,,,,
31800 ,*sel_1a,,,,,,,,,,,,,,,,,,,Chie
31900 ,"$fadd %chie%,1",,,,,,,,,,,,,,,,,,","
32100 ,,,,,1160000,,,,,,,,,,,,,,,"After all, it's probably the easiest one to take off, isn't it?"
32200 ,,,,,1160000,,,,,,,,,,,,,,,Saying you're wearing a skirt is like saying you want your panties to be seen. You have to respond to that intention.
32300 ,,,,,1160000,,ålŒö,ƒ–¼„,,,,,,,,,,,,"Wait for me, Chi-chan... I'll look right away, okay?"
32400 ,,,,,1160000,,,,,,,,,,,,,,,"Just a single sheet of cloth. Something that could be done with a mere flip, yet my heart beats like a drum. My hands were trembling too."
32500 ,,,,,1160000,,ålŒö,ƒ–¼„,,,,,,,,,,,,Haaaa... haaaa...!
32600 ,,,,,1160000,,,,,,,,,,,,,,,"Trying to calm my rough breathing, I gently touched chi-chan's skirt with my fingertips."
32700 ,,,,,1160000,,,,,,,,,,,,,,,The fluffy feel of the pleated skirt is very light.
32800 ,,,,,1160000,,,,,,,,,,,,,,,"Pinch it gently between your thumb and index finger, then lift it slowly without stimulating it."
32900 ,,,,,1160010,,ålŒö,ƒ–¼„,,,,,,,,,,,,"Oh, oh, ohhhh...!"
33000 ,,,,,1160010,,,,,,,,,,,,,,,"Little by little, Chi-chan's cute panties are being exposed."
33100 ,,,,,1160010,,,,,,,,,,,,,,,"Flipping through it decisively in one go, the sacred cloth that had been hidden under the skirt revealed its complete form."
33200 ,,,,,1160010,,ålŒö,ƒ–¼„,,,,,,,,,,,,K-Kore ga......!
33300 ,,,,,1160010,,,,,,,,,,,,,,,"The clear outline of the plump, rounded buttocks is visible. Ah, the mystery of the female body!"
33400 ,,,,,1160010,,ålŒö,ƒ–¼„,,,,,,,,,,,,"Ah! Uh, a photo... a camera...!"
33500 ,,,,,1160010,,,,,,,,,,,,,,,"She held up her skirt and took out her smartphone. However, her hands were shaking and the focus wouldn't align."
33600 ,,,,,1160010,,,,,,,,,,,,,,,"She gently lowered her skirt and then steadied her phone with both hands. Then, she captured the miraculous shot in a photo."
33700 ,,,,,1160010,,ålŒö,ƒ–¼„,,,,,,,,,,,,"K, kamisama......!"
33800 ,,,,,1160010,,,,,,,,,,,,,,,The sense of accomplishment that can't be experienced just by seeing punchline photos online was there.
33900 ,,,,,1160010,,,,,,,,,,,,,,,"I stared at the photos I had just taken, as if they might have holes in them."
34000 ,,,,,1160010,,,,,,,,,,,,,,,"This is not something that happened in a distant, far-off world... it is something happening right now, in reality, right before our eyes... it is a record of that!"
34100 ,,,,,1160010,,çŒb,çŒb,009_CB03_c_043.wav,,,,chie,,0,,,,,"Uuuh, n... oi-chan..."
34200 ,,,,,1160010,,ålŒö,ƒ–¼„,,,,,,,,,,,,"Nananananana, what the hell is it?"
34300 ,,,,,1160010,,çŒb,çŒb,009_CB03_c_044.wav,,,,chie,,0,,,,,Ssss... ssss...
34400 ,,,,,1160010,,ålŒö,ƒ–¼„,,,,,,,,,,,,"...uh, was that a sleep talk?"
34500 ,,,,,1160010,,,,,,,,,,,,,,,A large amount of cold sweat sprayed out on my back. The tension was so intense that my teeth couldn't meet.
34600 ,,,,,1160010,,,,,,,,,,,,,,,"After confirming that the child is asleep with a wave in front of their face, I took a few more photos as an addition."
34700 ,,<!scene_h_end>,,,4130000,,ålŒö,ƒ–¼„,,,,,,,,,,,,I wonder if this is enough to take...
34800 ,,,,,4130000,,,,,,,,,,,,,,,"After exhaling with a sigh, I looked back and forth between Komako-chan and Tenka-chan."
34900 ,,,,,4130000,,,,,,,,,,,,,,,"Well, since everyone is friends, it would be sad if we didn't let them stay together, wouldn't it?"
35000 ,,,,,4130000,,,,,,,,,,,,,,,Hmmm... it's unfair that only Chichan shows her panties.
35100 ,,,,,4130000,,,,,,,,,,,,,,,"As I approached Komako-chan and Tenka-chan, I started unbuttoning the buttons on their skirts and shorts."
35200 ,$go join_1,,,,,,,,,,,,,,,,,,,
35300 ,*sel_1b,,,,,,,,,,,,,,,,,,,¡?AKoma Koma
35400 ,"$fadd %komako%,1",,,,,,,,,,,,,,,,,,","
35600 ,,,,,2150000,,,,,,,,,,,,,,,"This must be Komako-chan. After all, the chance to take off a half-Japanese girl's short pants might not come again in the future."
35700 ,,,,,2150000,,ålŒö,ƒ–¼„,,,,,,,,,,,,"Oh, sorry to bother you..."
35800 ,,,,,2150000,,,,,,,,,,,,,,,"Slowly reaching out, first feel the texture of the shorts."
35900 ,,,,,2150000,,,,,,,,,,,,,,,The warmth of Komako-chan spreads across my palm!...
36000 ,,,,,2150000,,ålŒö,ƒ–¼„,,,,,,,,,,,,Now isn't the time to be doing something like that!
36100 ,,,,,2150000,,,,,,,,,,,,,,,"I wanted to scratch the itch more, so I suppressed the urge with my willpower and reached for the button on my shorts."
36200 ,,,,,2150000,,,,,,,,,,,,,,,"The first hurdle is here... If I dawdle, Komako might wake up."
36300 ,,,,,2150000,,ålŒö,ƒ–¼„,,,,,,,,,,,,Hmm... It's a bit stiff...
36400 ,,,,,2150000,,,,,,,,,,,,,,,"It seems to fit quite snugly, as pulling from left and right doesn't create much margin at all."
36500 ,,,,,2150000,,,,,,,,,,,,,,,"I try to push the button tip into the buttonhole, but it doesn't go smoothly because I'm tense."
36600 ,,,,,2150000,,ålŒö,ƒ–¼„,,,,,,,,,,,,"Calm down... hey, calm down...!"
36700 ,,,,,2150000,,,,,,,,,,,,,,,"My hands tremble even more from panic. Thinking ''This won't do,'' I let go of them for a moment."
36800 ,,,,,2150000,,ålŒö,ƒ–¼„,,,,,,,,,,,,Haaaa`......
36900 ,,,,,2150000,,,,,,,,,,,,,,,Swinging both arms loosely and exhaling.
37000 ,,,,,2150000,,,,,,,,,,,,,,,I never thought I'd be this nervous. I feel a little off due to too much stress.
37100 ,,,,,2150000,,,,,,,,,,,,,,,But you can't stop. Because there's a beautiful girl sleeping there.
37200 ,,,,,2150000,,ålŒö,ƒ–¼„,,,,,,,,,,,,One more time...
37300 ,,,,,2150000,,,,,,,,,,,,,,,I imagine a scene in my head where Komako-chan is inviting me.
37400 ,,,,,2150000,,,,,,,,,,,,,,,"Take it off quickly... please... I mean it... okay, okay, Komako-chan..."
37500 ,,,,,2150000,,,,,,,,,,,,,,,"With a sense of mission, my hands, which had been trembling just a moment ago, stopped as if the shaking had been a lie."
37600 ,,,,,2150000,,,,,,,,,,,,,,,The button slips smoothly into the buttonhole and slides out effortlessly.
37700 ,,,,,2150000,,ålŒö,ƒ–¼„,,,,,,,,,,,,"Alright, the opening ceremony begins!"
37800 ,,,,,2150010,,,,,,,,,,,,,,,"When the zipper was lowered, Komako-chan's panties appeared right in front of me. I almost cried and came from the overwhelming holiness."
37900 ,,,,,2150010,,,,,,,,,,,,,,,But you must not be satisfied here. This is the second gate.
38000 ,,,,,2150010,,,,,,,,,,,,,,,She gently pulls at the hem of her shorts and slowly slides them down.
38100 ,,,,,2150010,,,,,,,,,,,,,,,"This requires delicate work. If you forcefully pull it, Komako might wake up."
38200 ,,,,,2150010,,ålŒö,ƒ–¼„,,,,,,,,,,,,......!!
38300 ,,<!scene_h_end>,,,4130000,,,,,,,,,,,,,,,She clenched her lips tightly as she struggled for several minutes. Komako-chan's panties were now almost fully visible.
38400 ,,,,,4130000,,ålŒö,ƒ–¼„,,,,,,,,,,,,"Hah, Harash?......!"
38500 ,,,,,4130000,,,,,,,,,,,,,,,"I made a small victory pose. Along with a sense of accomplishment, I was also experiencing a strange feeling of omnipotence."
38600 ,,,,,4130000,,ålŒö,ƒ–¼„,,,,,,,,,,,,"Now that we've come this far, I should undress Chi-chan and Tenka-chan too, huh..."
38700 ,,,,,4130000,,,,,,,,,,,,,,,"Everyone is friends, so it's not fair to only have Komako's pants completely exposed."
38800 ,,,,,4130000,,,,,,,,,,,,,,,"I approached Chi-chan and Tenka-chan, and let each of them expose their panties in turn."
38900 ,$go join_1,,,,,,,,,,,,,,,,,,,
39000 ,*sel_1c,,,,,,,,,,,,,,,,,,,¡?BSweet Flower
39100 ,"$fadd %tenka%,1",,,,,,,,,,,,,,,,,,","
39300 ,,,,,3140000,,,,,,,,,,,,,,,I wonder if I should go to Tenka-chan... I'm curious about what kind of stylish pants the girl from the city is wearing.
39400 ,,,,,3140000,,ålŒö,ƒ–¼„,,,,,,,,,,,,"What kind of pants does the idol of the future prefer, I wonder?"
39500 ,,,,,3140000,,,,,,,,,,,,,,,There are also reasons why I chose Tenka-chan. It's because her short pants always have their buttons undone.
39600 ,,,,,3140000,,,,,,,,,,,,,,,"Probably, the buttons are left undone as a fashion statement. I think it's cute too."
39700 ,,,,,3140000,,,,,,,,,,,,,,,"However, because the button is undone, every time I look at the shorts, I get turned on."
39800 ,,,,,3140000,,,,,,,,,,,,,,,The pent-up pent-up restlessness must be released here. This opportunity was surely created for that purpose.
39900 ,,,,,3140000,,ålŒö,ƒ–¼„,,,,,,,,,,,,"Haaaa... haaaa... oh, it's gonna open up now..."
40000 ,,,,,3140000,,,,,,,,,,,,,,,"I pinched the zipper and pulled it slowly... Wait, what?"
40100 ,,,,,3140000,,ålŒö,ƒ–¼„,,,,,,,,,,,,"It's not moving at all, huh?"
40200 ,,,,,3140000,,,,,,,,,,,,,,,"I pull hard, but it still doesn't move. This buckle seems pretty tight."
40300 ,,,,,3140000,,,,,,,,,,,,,,,"Still, I can't pull with all my might. If Amikachan wakes up halfway through, it would be a problem."
40400 ,,,,,3140000,,,,,,,,,,,,,,,"Try pulling the waist part quickly with one hand, but it doesn't move."
40500 ,,,,,3140000,,“[‰Ô,“[‰Ô,009_CB03_t_017.wav,,,,tenka,,0,,,,,"\'heh!' (with a sharp, abrupt sound)"
40600 ,,,,,3140000,,ålŒö,ƒ–¼„,,,,,,,,,,,,H-heh!?
40700 ,,,,,3140000,,,,,,,,,,,,,,,I almost jumped out of my skin when a sudden sneeze made my heart feel like it would leap out of my mouth.
40800 ,,,,,3140000,,,,,,,,,,,,,,,"Quickly pull your hand away and distance yourself from Amanogawa-chan. If you were conscious just now, what excuse could you come up with...!?"
40900 ,,,,,3140000,,“[‰Ô,“[‰Ô,009_CB03_t_018.wav,,,,tenka,,0,,,,,"U~n......n, kuu......kuu......"
41000 ,,,,,3140000,,ålŒö,ƒ–¼„,,,,,,,,,,,,...Are you sleeping?
41100 ,,,,,3140000,,,,,,,,,,,,,,,It seems like I just sneezed. I let out a deep sigh and look for the air conditioner remote.
41200 ,,,,,3140000,,,,,,,,,,,,,,,It looks like only Amachan has her belly button showing. It must be cold with the air conditioning running all the time....
41300 ,,,,,3140000,,,,,,,,,,,,,,,"If the air conditioning is turned down, I will approach Amachan again. If she isn't awake, I'll continue working."
41400 ,,,,,3140000,,ålŒö,ƒ–¼„,,,,,,,,,,,,......Hmm? It's moving......
41500 ,,,,,3140000,,,,,,,,,,,,,,,"When I pinched the zipper, it slid smoothly. Did it loosen from the sneeze earlier?"
41600 ,,,,,3140010,,,,,,,,,,,,,,,"Anyway, this is lucky. Quickly lower the zipper and take a look at the pants."
41700 ,,,,,3140010,,ålŒö,ƒ–¼„,,,,,,,,,,,,"N-n, how cute..."
41800 ,,,,,3140010,,,,,,,,,,,,,,,"As expected of Sweet Flower-chan. She even chooses something cute for her panties, making her a top-tier fashionista."
41900 ,,,,,3140010,,,,,,,,,,,,,,,"Actually, I want to pull up my shorts and check all the way to the crack, but the thought of sneezing makes me hesitate, and I don't have the courage to go that far."
42000 ,,<!scene_h_end>,,,4130000,,,,,,,,,,,,,,,"This frustration can only be released with Chi-chan and Komako-chan... no, since they're friends, it would be cruel not to let them expose their panties together."
42100 ,,,,,4130000,,,,,,,,,,,,,,,"Driven by righteous indignation, I gave the remaining two the same treatment, showing their panties."
42200 ,$go join_1,,,,,,,,,,,,,,,,,,,
42300 ,*sel_1d,,,,,,,,,,,,,,,,,,,All members
42400 ,"$fadd %chie%,1",,,,,,,,,,,,,,,,,,","
42500 ,"$fadd %komako%,1",,,,,,,,,,,,,,,,,,","
42600 ,"$fadd %tenka%,1",,,,,,,,,,,,,,,,,,","
42800 ,,,,,4130000,,,,,,,,,,,,,,,Choosing just one person... is something I can't do....
42900 ,,,,,4130000,,,,,,,,,,,,,,,"Chi-chan, Komako-chan, and Tenka-chan are all friends. It would be too bad if they weren't all together."
43000 ,,,,,4130000,,,,,,,,,,,,,,,"So, we decided to let all three of us have a look at each other's pants."
43100 ,,,,,4130000,,ålŒö,ƒ–¼„,,,,,,,,,,,,Who should I start with first...
43200 ,,,,,4130000,,,,,,,,,,,,,,,Check everyone's outfits one by one. Komako-chan and Tenka-chan are wearing shorts. Chi-chan is wearing a skirt...
43400 ,,,,,1160000,,ålŒö,ƒ–¼„,,,,,,,,,,,,"Okay, it's from Chi-chan."
43500 ,,,,,1160000,,,,,,,,,,,,,,,"With a pounding heart, I approach chi-chan. In cases like this, where it's something I'm doing for the first time, the lower the difficulty, the better."
43600 ,,,,,1160000,,,,,,,,,,,,,,,"Among the three, the one whose pants are easiest to worship is undoubtedly chichan. All you have to do is flip up her skirt."
43700 ,,,,,1160000,,ålŒö,ƒ–¼„,,,,,,,,,,,,Chi-chan's panties... Chi-chan's panties...
43800 ,,,,,1160010,,,,,,,,,,,,,,,"When I lifted the hem of the skirt, the thing I had hoped for appeared effortlessly before my eyes."
43900 ,,,,,1160010,,ålŒö,ƒ–¼„,,,,,,,,,,,,"Fah, ahh...... aaaah......!"
44000 ,,,,,1160010,,,,,,,,,,,,,,,"Because both legs are spread wide open, the mound of Venus and the cleft between the labia and anus are clearly visible."
44100 ,,,,,1160010,,,,,,,,,,,,,,,I want to rub it and cum all over you... I want to show you the maximum expression of my love!
44200 ,,,,,1160010,,,,,,,,,,,,,,,"Caught up in the immediate lust, I reached into my pants and touched my penis."
44300 ,,,,,1160010,,ålŒö,ƒ–¼„,,,,,,,,,,,,"...Wait, no. Can't lose..."
44400 ,,,,,1160010,,,,,,,,,,,,,,,But I came to my senses and banished my lust with a steel will.
44500 ,,,,,1160010,,,,,,,,,,,,,,,"So far, only Chii-chan is still showing her panties. I need to get Komako-chan and Tenka-chan into the same situation soon."
44700 ,,,,,3140000,,ålŒö,ƒ–¼„,,,,,,,,,,,,"Then, next, let's do it with Tenka-chan."
44800 ,,,,,3140000,,,,,,,,,,,,,,,"The next target is Tenka-chan. Since the button on her short pants is undone, I'll be able to take them off easily."
44900 ,,,,,3140000,,,,,,,,,,,,,,,"Grasping the waist and the fly of the shorts respectively, she slowly lowered them without making a sound."
45000 ,,,,,3140010,,ålŒö,ƒ–¼„,,,,,,,,,,,,It's a ribbon... how cute...
45100 ,,,,,3140010,,,,,,,,,,,,,,,"I confirmed a small, cute pair of pants with a ribbon attached\perfect for Tenka-chan."
45200 ,,,,,3140010,,ålŒö,ƒ–¼„,,,,,,,,,,,,"M, m-more I want to see...!"
45300 ,,,,,3140010,,,,,,,,,,,,,,,"Just opening the front part isn't enough to see the whole thing. I tried to pull down the shorts, putting my hand on the hem."
45400 ,,,,,3140010,,ålŒö,ƒ–¼„,,,,,,,,,,,,...Hmm? This... might be impossible?
45500 ,,,,,3140010,,,,,,,,,,,,,,,"Hmm, hmm, I tried pulling it, but it doesn't seem to come down at all. Short pants really are tricky, huh."
45600 ,,,,,3140010,,,,,,,,,,,,,,,"If I shake my body any more, Amakagari-chan might wake up, so reluctantly, I gave up."
45800 ,,,,,2150000,,ålŒö,ƒ–¼„,,,,,,,,,,,,"Alright... then, lastly, it's Komako-chan!"
45900 ,,,,,2150000,,,,,,,,,,,,,,,"Komako-chan... just like Tenka-chan, she's wearing short pants, but this time they're properly buttoned all the way up. The difficulty level is the highest."
46000 ,,,,,2150000,,ålŒö,ƒ–¼„,,,,,,,,,,,,But right now... I can do it!
46100 ,,,,,2150000,,,,,,,,,,,,,,,"Chee-chan, we succeeded with Tenka-chan. With this momentum, we should be able to succeed with Komako-chan as well."
46200 ,,,,,2150000,,,,,,,,,,,,,,,"The overflowing confidence in my heart led to the result, or perhaps the difficult button-miss that I had thought was so challenging ended up going smoothly."
46300 ,,,,,2150000,,,,,,,,,,,,,,,"Pull down the zipper... huh? It doesn't go down much... At this rate, my nice pants won't show much."
46400 ,,,,,2150000,,ålŒö,ƒ–¼„,,,,,,,,,,,,...can't be helped
46500 ,,,,,2150000,,,,,,,,,,,,,,,"Even if it means taking some risks, I need to shift Komako-chan's short pants."
46600 ,,,,,2150000,,,,,,,,,,,,,,,"If you hold the waist part from both sides, it makes Komako-chan's waist rise slightly."
46700 ,,,,,2150010,,,,,,,,,,,,,,,"It seemed to work, unlike with Tenka-chan, and the short pants slid off smoothly."
46800 ,,,,,2150010,,ålŒö,ƒ–¼„,,,,,,,,,,,,Did it... I made it...!
46900 ,,,,,2150010,,,,,,,,,,,,,,,"With this, I successfully exposed everyone's underwear. I felt like a victorious hero who had won the battle."
47000 ,*join_1,,,,,,,,,,,,,,,,,,,¡Confluence
47200 ,,,,,4130010,,ålŒö,ƒ–¼„,,,,,,,,,,,,How cute... Is it okay to be this happy...?
47300 ,,,,,4130010,,,,,,,,,,,,,,,In front of me are three beautiful young girls sleeping in my room. And all of them are showing their panties.
47400 ,,,,,4130010,,,,,,,,,,,,,,,"When I held up my smartphone, I wandered around them, taking tons of photos from all kinds of angles."
47500 ,,,,,4130010,,,,,,,,,,,,,,,"Just with this, how many days' worth... how many hundreds of times' worth of jerk-off material would it be? Just imagining it makes my cock ache."
47600 ,,,,,4130010,,ålŒö,ƒ–¼„,,,,,,,,,,,,It's so cute...! It's so cute......!
47700 ,,,,,4130010,,,,,,,,,,,,,,,I can no longer keep my emotions hidden inside. Words of praise slip out of my mouth on their own.
47800 ,,,,,4130010,,,,,,,,,,,,,,,"At this moment, be eternal...."
47900 ,,,,,4130010,,çŒb,çŒb,009_CB03_c_045.wav,,,,,,,,,,,Nnnn...
48000 ,,,,,4130010,,ƒRƒ}ƒR,ƒRƒ}ƒR,009_CB03_k_016.wav,,,,,,,,,,,Ssss...... ssss......
48100 ,,,,,4130010,,“[‰Ô,“[‰Ô,009_CB03_t_019.wav,,,,,,,,,,,"Kuuu...... n, nmm......"
48200 ,,,,,4130010,,,,,,,,,,,,,,,"From a short distance away, I watch the sleeping faces of angelic-looking beautiful girls."
48300 ,,,,,4130010,,ålŒö,ƒ–¼„,,,,,,,,,,,,...let's call it a day for today.
48400 ,,,,,4130010,,,,,,,,,,,,,,,A girl's panties... it's no exaggeration to say that it's a sacred domain for men.
48500 ,,,,,4130010,,,,,,,,,,,,,,,"Today, in this short time, I was able to touch the sacred domains of three people. Maybe it's too much\it might bring bad luck."
48600 ,,,,,4130010,,,,,,,,,,,,,,,"And if we don't put everything back in order before everyone wakes up, there's a chance it'll cause a commotion about why the clothes are messed up."
48700 ,,,,,4130010,,,,,,,,,,,,,,,"If my bad reputation spreads from here, I'll lose time to interact with the girls. I have to avoid that at all costs...."
48800 ,,,,,4130010,,ålŒö,ƒ–¼„,,,,,,,,,,,,"Ahh... let's meet again, for sure, someday..."
48900 ,,,,,4130000,,,,,,,,,,,,,,,"After saying goodbye to everyone's pants, I carefully straightened their clothes to avoid waking them up."
49000 ,$event_return,,,,,,,,,,,,,,,,,,,
49100 ,,<!scene_h_end>,0,41,,,,,,,,,,,,,,,,
49300 ,@010_CB04,,,,,,,,,,,,,,,,,,,
49600 ,,<!Lbegin_continue>,7,21,,,çŒb,çŒb,010_CB04_c_000.wav,,,,"chie,private",,20,,,,",'\Ahhh, I slept so well! Hey, Uncle, good morning!'"
49700 ,,,,,,,ålŒö,ƒ–¼„,,,,,chie,,20,,,,,"Good morning, Chi-chan. Did you sleep well?"
49800 ,,,,,,,çŒb,çŒb,010_CB04_c_001.wav,,,,chie,,4,,,,,"Yeah! I'm full of energy now\oh, but I have to work my part-time job!"
49900 ,,,,,,,“[‰Ô,“[‰Ô,010_CB04_t_000.wav,,,,,,,"tenka,privateB",,9,",'Mooo~... come on, shut up...'"
50000 ,,,,,,,ƒRƒ}ƒR,ƒRƒ}ƒR,010_CB04_k_000.wav,"komako,privateB",,34,,,,tenka,,9,",What's all the noise about...? What's wrong?"
50100 ,,,,,,,,,,komako,,34,,,,tenka,,9,,Everyone seems to have woken up because of the sound of Chi-chan hurrying to get ready for her part-time job.
50200 ,,,,,,,ålŒö,ƒ–¼„,,,,,,,,,,,,"It hasn't been noon yet, and no customers have come in, so you don't have to worry."
50300 ,,,,,,,çŒb,çŒb,010_CB04_c_002.wav,,,,chie,,9,,,,,"No, I decided to work part-time, so I have to do it properly!"
50400 ,,,,,,,çŒb,çŒb,010_CB04_c_003.wav,,,,chie,,9,,,,,"Hey, Dad, what should we do?"
50500 ,,,,,,,ålŒö,ƒ–¼„,,,,,chie,,9,,,,,"Yeah, that's a good idea... maybe we should ask someone to clean around the store."
50600 ,,,,,,,çŒb,çŒb,010_CB04_c_004.wav,,,,chie,,21,,,,,Got it! I'll be back!
50700 ,,,,,,,ƒRƒ}ƒR,ƒRƒ}ƒR,010_CB04_k_001.wav,komako,,3,,,,,,,,"Wait, I'll go too."
50800 ,,,,,,,ålŒö,ƒ–¼„,,komako,,3,,,,,,,,"Komako-chan isn't working a part-time job, so it's okay if you take it easy."
50900 ,,,,,,,ƒRƒ}ƒR,ƒRƒ}ƒR,010_CB04_k_002.wav,komako,,27,,,,,,,,I want to go because I want to go. I'll help Chi-chan.
51000 ,,,,,,,“[‰Ô,“[‰Ô,010_CB04_t_001.wav,komako,,27,,,,tenka,,0,,"Then, I'll go too! There's nothing to do here anyway..."
51100 ,,,,,,,çŒb,çŒb,010_CB04_c_005.wav,komako,,27,chie,,1,tenka,,0,,Everyone's gonna help me!? Thanks a lot!
51200 ,,,,,,,“[‰Ô,“[‰Ô,010_CB04_t_002.wav,komako,,27,chie,,1,tenka,,1,,"Since there are three of us, let's divide the tasks. One person handles the broom, another picks up the dust, and the third takes care of the trash bags."
51300 ,,,,,,,çŒb,çŒb,010_CB04_c_006.wav,komako,,27,chie,,20,tenka,,1,,Sure! How should we decide?
51400 ,,,,,,,ƒRƒ}ƒR,ƒRƒ}ƒR,010_CB04_k_003.wav,komako,,0,chie,,20,tenka,,1,,Rock-paper-scissors
51500 ,,,,,,,çŒb,çŒb,010_CB04_c_007.wav,,,,chie,,1,,,,,"Okay! Let's go! ... Uh, rock-paper-scissors\"
51900 ,,,,,,,çŒb—ƒRƒ}ƒR—“[‰Ô,Ol,010_CB04_c_008.wav—010_CB04_k_004.wav—010_CB04_t_003.wav,komako,,23,chie,,1,tenka,,1,,Pon!
52000 ,,,,,,,çŒb,çŒb,010_CB04_c_008a.wav,komako,,23,chie,,4,tenka,,1,,......eh? Chi-chan lost all by herself?!
52100 ,,,,,,,“[‰Ô,“[‰Ô,010_CB04_t_004.wav,komako,,23,chie,,4,tenka,,21,,"Too bad! Komako, what kind of duty do you want? You can choose first."
52200 ,,,,,,,ƒRƒ}ƒR,ƒRƒ}ƒR,010_CB04_k_005.wav,komako,,0,chie,,4,tenka,,21,,...the person in charge of picking out the chili peppers is good.
52300 ,,,,,,,“[‰Ô,“[‰Ô,010_CB04_t_005.wav,komako,,0,chie,,4,tenka,,0,,"I think the broom duty is good.... So, Chii will be in charge of the trash bags."
52400 ,,,,,,,çŒb,çŒb,010_CB04_c_009.wav,komako,,0,chie,,25,tenka,,0,,"Wait, what?! Chichan also wants to be in charge of sweeping or cleaning up the dust!"
52500 ,,,,,,,“[‰Ô,“[‰Ô,010_CB04_t_006.wav,komako,,0,chie,,25,tenka,,38,,"Since you lost at rock-paper-scissors, no hard feelings!"
52600 ,,,,,,,ƒRƒ}ƒR,ƒRƒ}ƒR,010_CB04_k_006.wav,komako,,26,chie,,25,tenka,,38,,"...Chii-chan. I'll take over, okay?"
52700 ,,,,,,,çŒb,çŒb,010_CB04_c_010.wav,komako,,26,chie,,4,tenka,,38,,Is that okay?!
52800 ,,,,,,,“[‰Ô,“[‰Ô,010_CB04_t_007.wav,komako,,26,chie,,4,tenka,,9,,"No way! If it's like that, then rock-paper-scissors was pointless!"
52900 ,,,,,,,çŒb,çŒb,010_CB04_c_011.wav,komako,,26,chie,,33,tenka,,9,,"Yeah, that's right, isn't it...? Thanks, Komachan. Chi-chan, you're in charge of the trash bags\got it!"
53000 ,,,,,,,,,,,,,,,,,,,,"The three of them left the store, making a racket and laughing loudly."
53100 ,,,,,,,,,,,,,,,,,,,,Seeing such trivial back-and-forth exchanges up close like that... it was unimaginable just a little while ago.
53200 ,,,,,,,,,,,,,,,,,,,,"There are few customers, but on the contrary, I have time to play with the beautiful girls, so I'm satisfied."
53300 ,,,,,,,ålŒö,ƒ–¼„,,,,,,,,,,,,"Well, I'll do a bit of work too..."
53400 ,,,,,,,,,,,,,,,,,,,,He slowly stood up and looked around the store. It doesn't seem like much candy is selling today. There's nothing in particular that needs to be restocked.
53600 ,,<!timepass_quick>,,,,,çŒb,çŒb,010_CB04_c_012.wav,,,,chie,,1,,,,,I'm home! I cleaned up!
53700 ,,,,,,,ålŒö,ƒ–¼„,,,,,chie,,1,,,,,You look tired. Was it hot?
53800 ,,,,,,,“[‰Ô,“[‰Ô,010_CB04_t_008.wav,,,,,,,tenka,,12,,It's so hot! It would be nice if it didn't get this hot!
53900 ,,,,,,,,,,,,,,,,,,,,"As for me, the heat is more than welcome. You can't see a beautiful girl in light clothing in the winter."
54000 ,,,,,,,çŒb,çŒb,010_CB04_c_013.wav,,,,chie,,0,,,,,"Hey, what's the next job, Uncle?"
54100 ,,,,,,,ålŒö,ƒ–¼„,,,,,chie,,0,,,,,How about we take a break until a new customer comes?
54200 ,,,,,,,çŒb,çŒb,010_CB04_c_014.wav,,,,chie,,5,,,,,"You just took a break a little while ago, didn't you?"
54300 ,,,,,,,ålŒö,ƒ–¼„,,,,,chie,,5,,,,,"You said that breaks are part of the job, right? So, we can all play until customers arrive."
54400 ,,,,,,,,,,,,,,,,,,,,"Chii-chan seemed a little dissatisfied, but she was invited by Komako-chan and Tenka-chan to go out and play."
54500 ,,,,,,,,,,,,,,,,,,,,Gazing at beautiful young girls playing under the summer sun from the cool interior.
54600 ,,,,,,,,,,,,,,,,,,,,"In the end, no customers came after noon that day."
54800 ,,<!timepass_short>,6,,,,,,,,,,,,,,,,,"It's still early in the day, but when I checked the clock, it was already late."
54900 ,,,,,,,ålŒö,ƒ–¼„,,,,,,,,,,,,"It's time for everyone to go home now. Chi-chan, you're done helping. Good job!"
55000 ,,,,,,,,,,,,,,,,,,,,I already feel this time has passed... and a sense of loneliness overflows in my chest.
55100 ,,,,,,,ƒRƒ}ƒR,ƒRƒ}ƒR,010_CB04_k_007.wav,komako,,0,,,,,,,,"Chii-chan, let's go home."
55200 ,,,,,,,çŒb,çŒb,010_CB04_c_015.wav,,,,chie,,1,,,,,"Yeah! Uncle, you've worked hard\thanks!"
55300 ,,,,,,,ålŒö,ƒ–¼„,,,,,chie,,1,,,,,"Oh, Chichan, wait just a minute. There's cleanup to do too."
55400 ,,,,,,,ƒRƒ}ƒR,ƒRƒ}ƒR,010_CB04_k_008.wav,komako,,20,,,,,,,,"We'll help too. That way, it'll finish faster, right?"
55500 ,,,,,,,ålŒö,ƒ–¼„,,komako,,20,,,,,,,,"I'm really happy about that, but it's not okay. You shouldn't stay out after it gets dark, or your family will worry."
55600 ,,,,,,,,,,komako,,29,,,,,,,,"Komako-chan looks like she's dissatisfied with her expression. Since I said I'd help out, maybe it's not good to refuse too much?"
55700 ,,,,,,,ålŒö,ƒ–¼„,,komako,,29,,,,,,,,"Well, today is Chi-chan's first job, so I want you to do your best to handle it on your own."
55800 ,,,,,,,ƒRƒ}ƒR,ƒRƒ}ƒR,010_CB04_k_009.wav,komako,,9,,,,,,,,...if that's the case...
55900 ,,,,,,,,,,komako,,9,,,,,,,,He nodded with a reluctant look.
56000 ,,,,,,,“[‰Ô,“[‰Ô,010_CB04_t_009.wav,komako,,9,,,,tenka,,0,,"Komako, let's go home. I'm working a part-time job, so don't push it, okay?"
56100 ,,,,,,,ƒRƒ}ƒR,ƒRƒ}ƒR,010_CB04_k_010.wav,komako,,34,,,,tenka,,0,,Uh... I see.
56300 ,,<!move_middle>,,111,,,“[‰Ô,“[‰Ô,010_CB04_t_010.wav,komako,,34,,,,tenka,,20,,"''See you tomorrow, old man,'' she said with a cute voice."
56400 ,,,,,,,çŒb,çŒb,010_CB04_c_016.wav,,,,chie,,1,,,,,Bye-bye!
56500 ,,,,,,,ƒRƒ}ƒR,ƒRƒ}ƒR,010_CB04_k_011.wav,komako,,20,,,,,,,,...bye-bye
56600 ,,,,,,,,,,,,,,,,,,,,We waved goodbye to Komako-chan and Tenka-chan until their figures disappeared from sight.
56800 ,,<!move_middle_r>,2,21,,,ålŒö,ƒ–¼„,,,,,,,,,,,,"...Well, then I guess I should give you today's part-time job pay now."
56900 ,,,,,,,çŒb,çŒb,010_CB04_c_017.wav,,,,chie,,1,,,,,Part-time job pay!? Yeah!
57000 ,,,,,,,ålŒö,ƒ–¼„,,,,,chie,,1,,,,,Could you hold your hands like a tray and close your eyes for me?
57100 ,,,,,,,çŒb,çŒb,010_CB04_c_018.wav,,,,chie,,20,,,,,Got it!
57200 ,,,,,,,,,,,,,"chieL,private",,38,,,,",'She looks like she can't wait any longer, closing her eyes. She fidgets her body restlessly, unable to stay still.'"
57300 ,,,,,,,,,,,,,chieL,,38,,,,,"If only we could kiss like this, that would be the best, though...."
57400 ,,,,,,,ålŒö,ƒ–¼„,,,,,chieL,,38,,,,,Be careful not to drop it.
57500 ,,<!se_coins>,,,,,,,,,,,chieL,,38,,,,,I gave a few coins to Chi-chan. Chi-chan kept her eyes tightly shut and rolled the coins on her palm.
57600 ,,,,,,,çŒb,çŒb,010_CB04_c_019.wav,,,,chieL,,34,,,,,"Hey, Uncle, still? Still can't open your eyes yet?"
57700 ,,,,,,,ålŒö,ƒ–¼„,,,,,chieL,,34,,,,,"Okay, go ahead and check it."
57800 ,,,,,,,çŒb,çŒb,010_CB04_c_020.wav,,,,chie,,14,,,,,"Waaah! ... Uh, what's that?"
57900 ,,,,,,,,,,,,,chie,,14,,,,,"As soon as the amount was confirmed, Chi-chan tilted her head. She counted the coins again\one, two...\and tilted her head once more."
58000 ,,,,,,,çŒb,çŒb,010_CB04_c_021.wav,,,,chie,,5,,,,,"...Hey, Dad, aren't you messing with little sister?"
58100 ,,,,,,,ålŒö,ƒ–¼„,,,,,chie,,5,,,,,"That's rough, I didn't trick you or anything!"
58200 ,,,,,,,çŒb,çŒb,010_CB04_c_022.wav,,,,chie,,14,,,,,"But but...! I worked so hard, and it was only 20 yen?!"
58300 ,,,,,,,,,,,,,chie,,14,,,,,"With two 10-yen coins clenched in her hand, Chi-chan protests. She must have expected to get more."
58400 ,,,,,,,çŒb,çŒb,010_CB04_c_023.wav,,,,chie,,34,,,,,20 yen... you can only buy two pieces of bubble gum!
58500 ,,,,,,,ålŒö,ƒ–¼„,,,,,chie,,34,,,,,"Well, you see, Chi-chan. Uncle isn't trying to trick you or be mean to you."
58600 ,,,,,,,çŒb,çŒb,010_CB04_c_024.wav,,,,chie,,14,,,,,But...~
58700 ,,,,,,,,,,,,,chie,,14,,,,,Hmm... maybe it's impossible to hint at it indirectly.
58800 ,,,,,,,ålŒö,ƒ–¼„,,,,,chie,,14,,,,,"...It might be a bit difficult to talk about, but would you listen?"
58900 ,,,,,,,çŒb,çŒb,010_CB04_c_025.wav,,,,chie,,25,,,,,Hmm... what?
59000 ,,,,,,,ålŒö,ƒ–¼„,,,,,chie,,25,,,,,"You know, working at a candy store is actually a really tough job."
59100 ,,,,,,,ålŒö,ƒ–¼„,,,,,chie,,25,,,,,Chee-chan's favorite candy that costs 10 yen\do you think how much profit the old man makes if he sells just one of these?
59200 ,,,,,,,çŒb,çŒb,010_CB04_c_026.wav,,,,chie,,5,,,,,Umm... about 8 yen?
59300 ,,,,,,,ålŒö,ƒ–¼„,,,,,chie,,5,,,,,"It doesn't make much profit. With a 10-yen snack, the old man's profit is just 1 yen."
59400 ,,,,,,,çŒb,çŒb,010_CB04_c_027.wav,,,,chie,,29,,,,,"...one meter? Uncle, you really weren't lying?"
59500 ,,,,,,,ålŒö,ƒ–¼„,,,,,chie,,29,,,,,It's not a lie. If you ask how much money the old man made today in one day... it's about 100 yen.
59600 ,,,,,,,çŒb,çŒb,010_CB04_c_028.wav,,,,chie,,4,,,,,What? That's all there is?!
59700 ,,,,,,,ålŒö,ƒ–¼„,,,,,chie,,4,,,,,"I get that 100 yen is really cheap, don't you?"
59800 ,,,,,,,çŒb,çŒb,010_CB04_c_029.wav,,,,chie,,14,,,,,"Hmm... once I buy snacks, they disappear right away..."
59900 ,,,,,,,ålŒö,ƒ–¼„,,,,,chie,,14,,,,,"Uncle also has to eat, so no matter how hard I work, that's all I can get for my allowance, chichi-chan."
60000 ,,,,,,,çŒb,çŒb,010_CB04_c_030.wav,,,,chie,,25,,,,,"Oh, really? Chii-chan, I had no idea at all..."
60100 ,,,,,,,ålŒö,ƒ–¼„,,,,,chie,,25,,,,,"Yeah, so, when someone shoplifts, it really puts the old man in a tough spot."
60200 ,,,,,,,ålŒö,ƒ–¼„,,,,,chie,,25,,,,,"I thought I'd earn back what Chii-chan stole by shoplifting, but at least I'd have to sell 3,000 yen worth of snacks, so it's no good."
60400 ,,,,,,,çŒb,çŒb,010_CB04_c_031.wav,,,,chie,,28,,,,,"''Uh... g, g-g-g-g-g"
60500 ,,,,,,,çŒb,çŒb,010_CB04_c_032.wav,,,,chie,,5,,,,,"Oh, I see..., candy stores must be tough. Chii-chan, 20 yen is fine..."
60600 ,,,,,,,,,,,,,chie,,5,,,,,"It seems like they've come around to understanding. Chi-chan is so honest and cute, huh."
60700 ,,,,,,,,,,,,,chie,,5,,,,,but...
60800 ,,,,,,,çŒb,çŒb,010_CB04_c_033.wav,,,,chie,,3,,,,,......
60900 ,,,,,,,,,,,,,chie,,3,,,,,"After staring at her part-time job money, Chi-chan looked up at me."
61000 ,,,,,,,,,,,,,chie,,3,,,,,It seems like she's thinking about something. Her gaze keeps shifting between the part-time job money and me.
61100 ,,,,,,,çŒb,çŒb,010_CB04_c_034.wav,,,,chie,,25,,,,,"...Hey, Dad, can I buy some snacks?"
61200 ,,,,,,,,,,,,,chie,,25,,,,,"Still, it seems the temptation for sweets can't be cut off."
61300 ,,,,,,,ålŒö,ƒ–¼„,,,,,chie,,25,,,,,"You can buy it. That allowance money is for chi-chan, after all."
61400 ,,,,,,,çŒb,çŒb,010_CB04_c_035.wav,,,,chie,,1,,,,,Yatta! Nani k?? kana~?
61500 ,,,,,,,ålŒö,ƒ–¼„,,,,,chie,,1,,,,,"You think carefully before using it, okay?"
61600 ,,,,,,,,,,,,,chie,,1,,,,,The part-time job pay is 20 yen... Maybe they'll give me at least 10 yen as compensation?
61700 ,,,,,,,çŒb,çŒb,010_CB04_c_036.wav,,,,chie,,21,,,,,"Okay, bye, bye... here! I'll take this one!"
61800 ,,,,,,,ålŒö,ƒ–¼„,,,,,chie,,21,,,,,Hmm... this one...
61900 ,,,,,,,,,,,,,chie,,21,,,,,"Show me the 10-yen ramen candy that could win a prize, two pieces for me."
62000 ,,,,,,,ålŒö,ƒ–¼„,,,,,chie,,21,,,,,"...the money from my part-time job will all be gone, won't it?"
62100 ,,,,,,,çŒb,çŒb,010_CB04_c_037.wav,,,,chie,,25,,,,,"But, I want to eat that..."
62200 ,,,,,,,ålŒö,ƒ–¼„,,,,,chie,,25,,,,,"Why was Chi-chan working part-time, I wonder?"
62300 ,,,,,,,çŒb,çŒb,010_CB04_c_038.wav,,,,chie,,34,,,,,"Hey, I'm gonna pay back Uncle..."
62400 ,,,,,,,çŒb,çŒb,010_CB04_c_039.wav,,,,chie,,14,,,,,...then I'll go with this!
62500 ,,,,,,,,,,,,,chie,,14,,,,,The ramen cake changed into a 5-yen chocolate.
62600 ,,,,,,,,,,,,,chie,,14,,,,,"Well, I guess there's no way around it. It's impossible to spend summer vacation without any pocket money, after all."
62700 ,,,,,,,ålŒö,ƒ–¼„,,,,,chie,,14,,,,,"Got it. Then, 15 yen. I'll deduct the remaining 5 yen from Chi-chan's debt, okay?"
62800 ,,,,,,,çŒb,çŒb,010_CB04_c_040.wav,,,,chie,,21,,,,,"Yeah, Uncle! @......mmm, it's delicious!!"
62900 ,,,,,,,,,,,,,chie,,21,,,,,"As soon as I received the sweets from me, Chi-chan was tearing open the wrapper of the 5-yen chocolate."
63000 ,,,,,,,,,,,,,chie,,21,,,,,Seeing chi-chan happily devouring the sweets with a joyful smile made me forget all about making amends.
63100 ,,,,,,,ålŒö,ƒ–¼„,,,,,chie,,21,,,,,"Well, it's about time to close the shop, so Chii-chan, you should start getting ready to go home. If you don't hurry, it'll get dark."
63200 ,,,,,,,çŒb,çŒb,010_CB04_c_041.wav,,,,chie,,4,,,,,"Oh, I see! W-Wow, I hit the jackpot with 10 yen!"
63300 ,,,,,,,ålŒö,ƒ–¼„,,,,,chie,,4,,,,,"Then, how about leaving that for tomorrow?"
63400 ,,,,,,,çŒb,çŒb,010_CB04_c_042.wav,,,,chie,,1,,,,,"Yeah, that's right! Let's do that!"
63500 ,,,,,,,,,,,,,chie,,1,,,,,Looking at the 10-yen character on the back of the lid and jumping up and down while answering.
63600 ,,,,,,,,,,,,,chie,,1,,,,,"And so, a day's work was finished. It was my first part-time job... I'm really glad it ended without any major trouble."
63800 ,,<!timepass_short>,,12,,,çŒb,çŒb,010_CB04_c_043.wav,,,,chie,,0,,,,,"Then see you tomorrow, Uncle!"
63900 ,,,,,,,ålŒö,ƒ–¼„,,,,,chie,,0,,,,,Be careful on your way back.
64100 ,,<!move_middle_r>,,33,,,,,,,,,,,,,,,,I saw off Chi-chan and finally locked up the shop.
64200 ,,,,,,,,,,,,,,,,,,,,"Make sure all the keys are locked and that there's no one around, then take out your smartphone from your pocket."
64300 ,,,,,,,ålŒö,ƒ–¼„,,,,,,,,,,,,Well... has this moment finally arrived?
64400 ,,,,,,,,,,,,,,,,,,,,"The photos of Chii-chan, Komako-chan, and Tenka-chan's panties taken at noon...."
64500 ,,,,,,,ålŒö,ƒ–¼„,,,,,,,,,,,,I don't know what time I'll be able to go to bed today.
64600 ,,,,,,,,,,,,,,,,,,,,"When I grasp the fully swollen meat, it starts self-powered jerking."
64700 ,,,,,,,,,,,,,,,,,,,,"In the end, that day, no matter how many times I ejaculated, my penis remained rock-hard."
64800 ,,<!Lend_night>,0,9000,,,,,,,,,,,,,,,,
65000 ,@011_CB05,,,,,,,,,,,,,,,,,,,
65200 ,,<hide><!se_inaka_semi>,,,,,,,,,,,,,,,,,,
65300 ,,<!Lbegin_day_change>,5,11,,,ålŒö,ƒ–¼„,,,,,,,,,,,,Ahhchi\i...!?
65400 ,,,,,,,,,,,,,,,,,,,,The voice comes out under the scorching sunlight.
65500 ,,,,,,,,,,,,,,,,,,,,"This area has a lot of greenery and a river, and while the scenery is refreshing compared to a city packed with buildings, it's still summer after all."
65600 ,,,,,,,,,,,,,,,,,,,,"Given the temperature, the store has closed the entrance sash and turned on the air conditioner inside."
65700 ,,,,,,,,,,,,,,,,,,,,"I remember that when I was a kid, the candy store used to be run without closing the door much... I wonder if the products were okay back then."
65800 ,,,,,,,ålŒö,ƒ–¼„,,,,,,,,,,,,"But in this state, I wonder if we're even operating or not."
65900 ,,,,,,,,,,,,,,,,,,,,The sunlight is so strong that the inside of the store looks pitch dark.
66000 ,,<se_stop id=""1"" fadeout=""8000"">,,,,,,,,,,,,,,,,,,"Well, there were days even after opening when there weren't many customers."
66100 ,,,,,,,çŒb,çŒb,011_CB05_c_000.wav,,,,,,,,,,,"Hey, Mom!'' or ''Hey, Mommy!"
66200 ,,,,,,,,,,,,,,,,,,,,Huh? I heard a cheerful voice.
66300 ,,,,,,,,,,,,,,,,,,,,"Looking back, Chi-chan, Komako-chan, and Tenka-chan were coming toward me down the road."
66400 ,,,,,,,ålŒö,ƒ–¼„,,,,,,,,,,,,Welcome!
66500 ,,,,,,,,,,,,,,,,,,,,"I couldn't help but feel excited. Since Chi-chan started coming to the shop, it seems like we've had a slight increase in customers."
66600 ,,,,,,,,,,,,,,,,,,,,It looks like another fun day ahead.
66700 ,,,,,,,çŒb,çŒb,011_CB05_c_001.wav,,,,"chie,privateC",,1,,,,",Hey there! Good afternoon!"
66800 ,,,,,,,ålŒö,ƒ–¼„,,,,,chie,,1,,,,,Chee-chan is full of energy today too!
66900 ,,,,,,,“[‰Ô,“[‰Ô,011_CB05_t_000.wav,,,,,,,"tenka,private",,12,",'I think Chii is just being unnecessarily energetic on her own... ugh, it's hot\'"
67000 ,,,,,,,ålŒö,ƒ–¼„,,,,,,,,tenka,,12,,"Ah, you must be tired. It's kept cool inside."
67200 ,,<!move_short>,,21,,,“[‰Ô,“[‰Ô,011_CB05_t_001.wav,,,,,,,tenka,,18,,"Well, let's cool off for now... ahhh\it's cool..."
67300 ,,,,,,,ƒRƒ}ƒR,ƒRƒ}ƒR,011_CB05_k_000.wav,"komako,privateC",,21,,,,,,,",Suzushi-"
67400 ,,,,,,,,,,,,,,,,,,,,"Just opening the door at the entrance lets a chilly breeze flow out from inside. There, Amakagari-chan and Komako-chan are standing, blowing out their cheeks with relaxed faces and cooling off."
67500 ,,,,,,,ålŒö,ƒ–¼„,,,,,,,,,,,,"By the way, today everyone seems to have a lot of luggage, huh?"
67600 ,,,,,,,ƒRƒ}ƒR,ƒRƒ}ƒR,011_CB05_k_001.wav,komako,,0,,,,,,,,"Hmm, I brought a bento."
67700 ,,,,,,,,,,komako,,0,,,,,,,,"Komako-chan, who seemed to be enjoying the breeze, turned around and showed off the package she was holding in her hand."
67800 ,,,,,,,ålŒö,ƒ–¼„,,,,,,,,,,,,Did you really get someone to make you a bento?
68300 ,,,,,,,ƒRƒ}ƒR,ƒRƒ}ƒR,011_CB05_k_002.wav,komako,,21,,,,,,,,I also want to eat with Chi-chan together.
68400 ,,,,,,,“[‰Ô,“[‰Ô,011_CB05_t_002.wav,,,,,,,tenka,,32,,"I\well, Chii insists on it, so I guess we're dating or something..."
68500 ,,,,,,,,,,,,,,,,tenka,,32,,"Tenka-chan isn't very straightforward, huh? But it seems like the two of you have gotten pretty close lately. That's good."
68600 ,,,,,,,ålŒö,ƒ–¼„,,,,,,,,tenka,,32,,"Then everyone, let's eat together with Uncle!"
68900 ,,,,,,,çŒb,çŒb,011_CB05_c_003.wav,,,,chie,,0,,,,,Yeah!
69000 ,,,,,,,,,,,,,chie,,0,,,,,I almost jumped for joy after hearing Chee-chan's energetic reply.
69100 ,,,,,,,ålŒö,ƒ–¼„,,,,,chie,,0,,,,,Uncle is so happy. Uncle also prefers eating with everyone to eating alone because it's more fun.
69200 ,,,,,,,,,,,,,chie,,0,,,,,It's my true heart without lies. Having lunch with a cute girl seems like a dream.
69300 ,,,,,,,ålŒö,ƒ–¼„,,,,,chie,,0,,,,,"Well then, let's have lunch right away? It's about lunchtime now, so everyone come up."
69400 ,,,,,,,çŒb,çŒb,011_CB05_c_004.wav,,,,chie,,1,,,,,Hai-yah!
69500 ,,,,,,,“[‰Ô,“[‰Ô,011_CB05_t_003.wav,,,,,,,tenka,,1,,"Then I'll be intruding. / Well, I'll be intruding then. / Alright, I'll be intruding then."
69600 ,,,,,,,ƒRƒ}ƒR,ƒRƒ}ƒR,011_CB05_k_003.wav,komako,,0,,,,,,,,Excuse me for coming in. / Excuse the intrusion. / Sorry to barge in.
69800 ,,<!move_middle_r>,,31,,,,,,,,,,,,,,,,"When I put out the ''Closed for Break'' sign at the storefront and came back, the three of them had already started spreading out their bento boxes."
69900 ,,,,,,,çŒb,çŒb,011_CB05_c_005.wav,,,,chie,,23,,,,,"Ah, Komachan's korokke looks delicious!"
70000 ,,,,,,,ƒRƒ}ƒR,ƒRƒ}ƒR,011_CB05_k_004.wav,komako,,24,chie,,23,,,,,...want to eat?
70100 ,,,,,,,çŒb,çŒb,011_CB05_c_006.wav,komako,,24,chie,,4,,,,,Is that okay?!
70200 ,,,,,,,“[‰Ô,“[‰Ô,011_CB05_t_004.wav,,,,,,,tenka,,3,,"If you're going to take it, at least give something in return."
70300 ,,,,,,,çŒb,çŒb,011_CB05_c_007.wav,,,,chie,,0,,,,,"Yeah, that's just like Amanogawa-chan! Komachi, you can take the one you like!"
70400 ,,,,,,,ƒRƒ}ƒR,ƒRƒ}ƒR,011_CB05_k_005.wav,komako,,22,chie,,0,,,,,...then this meatball
70500 ,,,,,,,çŒb,çŒb,011_CB05_c_008.wav,komako,,22,chie,,21,,,,,"Oh, is that the one Chichan is eating? This one is bigger, isn't it?"
70600 ,,,,,,,ƒRƒ}ƒR,ƒRƒ}ƒR,011_CB05_k_006.wav,komako,,13,chie,,21,,,,,"Well then, I'll take the big one."
70700 ,,,,,,,,,,,,,,,,,,,,I want to join the girls who are eating their bento boxes so appetizingly and call out to them.
70800 ,,,,,,,ålŒö,ƒ–¼„,,,,,,,,,,,,"Uncle, for lunch it's somen noodles, but will everyone else be eating too?"
70900 ,,,,,,,çŒb,çŒb,011_CB05_c_009.wav,,,,chie,,1,,,,,Eat\!
71000 ,,,,,,,ƒRƒ}ƒR,ƒRƒ}ƒR,011_CB05_k_007.wav,komako,,0,,,,,,,,Uh-huh.
71100 ,,,,,,,“[‰Ô,“[‰Ô,011_CB05_t_005.wav,,,,,,,tenka,,3,,"But even if there's a bento, won't you get full before eating it?"
71200 ,,,,,,,çŒb,çŒb,011_CB05_c_010.wav,,,,chie,,0,tenka,,3,,"Okay, let's swap with Uncle too. Let's swap somen noodles and bento boxes!"
71300 ,,,,,,,,,,,,,,,,,,,,Chii-chan placed a meatball on top of the bento box lid and pushed it toward me.
71400 ,,,,,,,,,,,,,,,,,,,,Komako-chan and Tenka-chan also put side dishes from their own bento boxes onto mine.
71500 ,,,,,,,ålŒö,ƒ–¼„,,,,,,,,,,,,"Uncle, I'm so happy..."
71700 ,,<!timepass_short>,,,,,,,,,,,,,,,,,,"Before you know it, lunchtime is over."
71800 ,,,,,,,ƒRƒ}ƒR,ƒRƒ}ƒR,011_CB05_k_008.wav,komako,,20,,,,,,,,''I'm full.'' or ''Thank you for the meal.'' (context-dependent)
71900 ,,,,,,,“[‰Ô,“[‰Ô,011_CB05_t_006.wav,komako,,20,,,,tenka,,14,,"Hmm, maybe I ate too much..."
72000 ,,,,,,,çŒb,çŒb,011_CB05_c_011.wav,komako,,20,chie,,1,tenka,,14,,Eating meals with a lot of people is fun!
72100 ,,,,,,,ƒRƒ}ƒR,ƒRƒ}ƒR,011_CB05_k_009.wav,komako,,21,chie,,1,tenka,,14,,"Yeah, it's fun!"
72200 ,,,,,,,ålŒö,ƒ–¼„,,komako,,21,chie,,1,tenka,,14,,"Even the uncle is usually eating meals alone, so it's nice."
72300 ,,,,,,,“[‰Ô,“[‰Ô,011_CB05_t_007.wav,komako,,21,chie,,1,tenka,,37,,"I think if we keep this energy up, we'll definitely get tired halfway through."
72400 ,,,,,,,ålŒö,ƒ–¼„,,komako,,21,chie,,1,tenka,,37,,Hah! Maybe so!
72500 ,,,,,,,çŒb,çŒb,011_CB05_c_012.wav,komako,,21,chie,,21,tenka,,37,,It's such a precious summer vacation! Don't you want to do all sorts of things?
72600 ,,,,,,,,,,,,,,,,,,,,"Chii-chan is as energetic today as ever, undefeated by the intense sunlight. Hmm, I want to do all sorts of things, you know."
72700 ,,,,,,,,,,,,,,,,,,,,Things like that or this...
72800 ,,,,,,,,,,,,,,,,,,,,"The voice in my heart that I think the girls might hear was, of course, not audible to them, and the three of them continued chatting happily."
72900 ,,,,,,,çŒb,çŒb,011_CB05_c_013.wav,,,,chie,,1,,,,,"Hey hey, what should we do after a little break?"
73000 ,,,,,,,“[‰Ô,“[‰Ô,011_CB05_t_008.wav,,,,chie,,1,tenka,,37,,Chii can't work.
73100 ,,,,,,,çŒb,çŒb,011_CB05_c_014.wav,,,,chie,,34,tenka,,37,,Yes.
73200 ,,,,,,,ålŒö,ƒ–¼„,,,,,chie,,34,tenka,,37,,"Sharp cutting edge, huh!"
73300 ,,,,,,,,,,,,,chie,,34,tenka,,37,,"Tenka-chan, you're so harsh."
73400 ,,,,,,,“[‰Ô,“[‰Ô,011_CB05_t_009.wav,,,,chie,,34,tenka,,32,,"Well, you know, the part-time job at the store sounds fun, but it's lonely without us, and they're so noisy about it, so I'm reluctantly tagging along."
73500 ,,,,,,,çŒb,çŒb,011_CB05_c_015.wav,,,,chie,,34,tenka,,32,,Ah-oo!
73600 ,,,,,,,ålŒö,ƒ–¼„,,,,,chie,,34,tenka,,32,,It's with a guardian.
73700 ,,,,,,,ƒRƒ}ƒR,ƒRƒ}ƒR,011_CB05_k_010.wav,komako,,20,chie,,34,,,,,"I want to play with Chi-chan, so it's fine with me."
73800 ,,,,,,,çŒb,çŒb,011_CB05_c_016.wav,komako,,20,chie,,1,,,,,Komachan!
73900 ,,,,,,,,,,komako,,20,chie,,1,,,,,Chii-chan desperately hugging Komako-chan.
74000 ,,,,,,,“[‰Ô,“[‰Ô,011_CB05_t_010.wav,,,,,,,tenka,,12,,Just looking at it makes me feel hot...
74100 ,,,,,,,çŒb,çŒb,011_CB05_c_017.wav,,,,chie,,0,,,,,"Alright! Let's get to work, work!"
74200 ,,,,,,,ålŒö,ƒ–¼„,,,,,chie,,0,,,,,"I'm glad to see you're hyped up, but I wonder if we'll get any customers today."
74300 ,,,,,,,çŒb,çŒb,011_CB05_c_018.wav,,,,chie,,25,,,,,"I want customers to come. Otherwise, I won't get my salary..."
74400 ,,,,,,,,,,,,,,,,,,,,"Well, if they don't come, it's not like we can just have no days off, so that's something we need to think about...."
74500 ,,,,,,,,,,,,,,,,,,,,"But the amount Mochi-chan stole isn't that much, and if I give her a little every day, maybe the repayment will be over soon..."
74600 ,,,,,,,,,,,,,,,,,,,,Hmmm....
74800 ,,<!timepass_middle>,6,21,,,,,,,,,,,,,,,,"As I was thinking about such things, the sun began to set little by little. Though it's still quite bright because of the season, it's already evening by the clock."
74900 ,,,,,,,,,,,,,,,,,,,,"I want to keep these three adorable people with me forever, but I can't do that. I can't spread strange rumors about them either."
75000 ,,,,,,,ålŒö,ƒ–¼„,,,,,,,,,,,,"It's about time to finish today's help. Good job, Chi-chan. Komako-chan and Tenka-chan, it's time to head home now."
75100 ,,,,,,,,,,,,,,,,,,,,Tell yourself again that you'll come back tomorrow and try not to spew out words like a proper adult.
75200 ,,,,,,,ƒRƒ}ƒR,ƒRƒ}ƒR,011_CB05_k_011.wav,komako,,0,,,,,,,,"Ah, uh..."
75300 ,,,,,,,“[‰Ô,“[‰Ô,011_CB05_t_011.wav,,,,,,,tenka,,20,,There weren't many customers today. I'm sorry we didn't buy anything.
75400 ,,,,,,,ålŒö,ƒ–¼„,,,,,,,,tenka,,20,,"You don't have to worry about it, Tenka-chan. If you keep spending your daily allowance, it'll run out quickly."
75500 ,,,,,,,“[‰Ô,“[‰Ô,011_CB05_t_012.wav,,,,,,,tenka,,12,,"Yeah, but when I'm in the store, I end up wanting to use it, so it's bad for my eyes."
75600 ,,,,,,,çŒb,çŒb,011_CB05_c_019.wav,,,,chie,,21,tenka,,12,,"Come on, let's grab it! That's Chichan's salary, you know!"
75700 ,,,,,,,“[‰Ô,“[‰Ô,011_CB05_t_013.wav,,,,chie,,21,tenka,,10,,Naaah!
75800 ,,,,,,,ålŒö,ƒ–¼„,,,,,chie,,21,tenka,,10,,"Chee-chan is quite the schemer, huh..."
75900 ,,,,,,,“[‰Ô,“[‰Ô,011_CB05_t_014.wav,,,,chie,,21,tenka,,30,,"Even if I can't say I won't shop in front of the uncle, it feels like it's kinda hard to accept that it becomes Chi's allowance..."
76000 ,,,,,,,ålŒö,ƒ–¼„,,,,,chie,,21,tenka,,30,,"Hahaha, don't worry about it too much, okay?"
76100 ,,,,,,,ƒRƒ}ƒR,ƒRƒ}ƒR,011_CB05_k_012.wav,komako,,0,,,,,,,,"Okay, Chichan, let's go home?"
76200 ,,,,,,,çŒb,çŒb,011_CB05_c_020.wav,komako,,0,chie,,20,,,,,"Ah, Chi-chan is staying at Oj?-san's place for a little longer!"
76300 ,,,,,,,ålŒö,ƒ–¼„,,komako,,0,chie,,20,,,,,Huh? Really?
76400 ,,,,,,,ƒRƒ}ƒR,ƒRƒ}ƒR,011_CB05_k_013.wav,komako,,23,chie,,20,,,,,"Eh, w-why?"
76500 ,,,,,,,“[‰Ô,“[‰Ô,011_CB05_t_015.wav,komako,,23,chie,,20,tenka,,3,,It seems like even the old man is surprised.
76600 ,,,,,,,çŒb,çŒb,011_CB05_c_021.wav,komako,,23,chie,,0,tenka,,3,,Today Mom still hasn't come back yet... I'll stay at Uncle's place until then.
76700 ,,,,,,,,,,,,,chie,,0,,,,,"Oh, is that so? I was surprised because it was sudden, but if it means I can spend more time with Chi-chan, then it's fine with me no matter what."
76800 ,,,,,,,,,,,,,chie,,0,,,,,"It would be nice if the two of us could stay together, but that might be a bit difficult. It's getting dark outside soon anyway."
76900 ,,,,,,,ålŒö,ƒ–¼„,,,,,chie,,0,,,,,Maybe Komako-chan and Tenka-chan should go home. Their parents might be worried.
77000 ,,,,,,,“[‰Ô,“[‰Ô,011_CB05_t_016.wav,,,,,,,tenka,,20,,"...Yeah, you're right. Let's go home together, Komako."
77100 ,,,,,,,ƒRƒ}ƒR,ƒRƒ}ƒR,011_CB05_k_014.wav,komako,,14,,,,tenka,,20,,......hmm.
77200 ,,,,,,,ålŒö,ƒ–¼„,,komako,,14,,,,tenka,,20,,"Chi-chan is being sent home by the uncle properly, so you don't have to worry, Komako-chan."
77300 ,,,,,,,çŒb,çŒb,011_CB05_c_022.wav,,,,chie,,1,,,,,"Yeah, I'll be back tomorrow. I'm going to Komachan's place again."
77400 ,,,,,,,ƒRƒ}ƒR,ƒRƒ}ƒR,011_CB05_k_015.wav,komako,,34,chie,,1,,,,,"...Yeah, I got it."
77500 ,,,,,,,,,,komako,,34,chie,,1,,,,,"Finally, it seemed like Komako-chan had come to terms with it, nodding as she swallowed, and left the store with Tenka-chan."
77700 ,,<!move_short>,,11,,,çŒb,çŒb,011_CB05_c_023.wav,komako,,20,chie,,21,,,,,Bye-bye!!'' or ''See ya!!
77800 ,,,,,,,ƒRƒ}ƒR,ƒRƒ}ƒR,011_CB05_k_016.wav,komako,,20,chie,,21,,,,,"See you tomorrow, okay?!!"
77900 ,,,,,,,,,,,,,,,,,,,,"Hmm... once the two of them leave, the place suddenly gets a lot quieter, doesn't it?"
78100 ,,<!move_short_r>,2,21,,,çŒb,çŒb,011_CB05_c_024.wav,,,,chie,,0,,,,,"It's just the two of us, huh?"
78200 ,,,,,,,,,,,,,chie,,0,,,,,"Well, that's fine too, huhu."
78300 ,,,,,,,,,,,,,chie,,0,,,,,"Well, when you think about it, it's just me and Chi-chan alone. Being surrounded by three beautiful girls is like heaven, but this one-on-one thing is pretty great too."
78400 ,,,,,,,çŒb,çŒb,011_CB05_c_025.wav,,,,chie,,26,,,,,"So, um... Uncle, you know..."
78500 ,,,,,,,ålŒö,ƒ–¼„,,,,,chie,,26,,,,,"Uh, uh?"
78600 ,,,,,,,,,,,,,chie,,26,,,,,What's with this vibe? Is this a flow where I can expect something good?!
78700 ,,,,,,,çŒb,çŒb,011_CB05_c_026.wav,,,,"chieL,privateC",,1,,,,",Please give me today's part-time work pay!"
78800 ,,,,,,,ålŒö,ƒ–¼„,,,,,chieL,,1,,,,,Gakkuuuu!!
78900 ,,,,,,,,,,,,,chieL,,1,,,,,It came out in my voice! My feelings just came out in my voice!!
79000 ,,,,,,,,,,,,,chieL,,1,,,,,"I wonder why you wanted to talk to me alone about that... Well, it would be hard to ask for money in front of Komako-chan or Tenka-chan anyway."
79100 ,,,,,,,,,,,,,chieL,,1,,,,,"Well... then should we get that out of the way first? That said, today... today there were no customers at all again, huh."
79200 ,,,,,,,ålŒö,ƒ–¼„,,,,,chieL,,1,,,,,"Today was also quiet with few customers, so maybe this amount? ...20 yen. Is this okay?"
79300 ,,,,,,,çŒb,çŒb,011_CB05_c_027.wav,,,,chie,,21,,,,,"Yeah! So, uh, this! Can I buy this snack?"
79400 ,,,,,,,ålŒö,ƒ–¼„,,,,,chie,,21,,,,,I'm gonna use it already!
79500 ,,,,,,,,,,,,,chie,,21,,,,,"No matter how much time passes, it won't be enough to make up for it... like that..."
79600 ,,,,,,,,,,,,,chie,,21,,,,,"Well, I thought that, but maybe that's okay too. It means Chi-chan will keep coming to the store forever."
79700 ,,,,,,,çŒb,çŒb,011_CB05_c_028.wav,,,,chie,,1,,,,,"Woo-hoo! Then, itadakimasu!"
79800 ,,,,,,,,,,,,,chie,,1,,,,,"Wow, Chichan really loves snacks, doesn't she? She's such a sweet tooth!"
79900 ,,,,,,,,,,,,,chie,,1,,,,,"Well, it was really hot today, no doubt about it. I was out quite a bit, and I sweated quite a lot too."
80000 ,,,,,,,ålŒö,ƒ–¼„,,,,,chie,,1,,,,,"Okay, Chi-chan, I'll go heat up the bath for Uncle."
80100 ,,,,,,,çŒb,çŒb,011_CB05_c_029.wav,,,,chie,,23,,,,,"Hey, Dad, are you taking a bath? I wanna take one too, Dad!"
80200 ,,,,,,,ålŒö,ƒ–¼„,,,,,chie,,23,,,,,"What? Did Chii-chan also sweat a lot? Wait, what the\!?"
80300 ,,,,,,,,,,,,,chie,,23,,,,,"What did you just call me, Chi-chan?"
80400 ,,,,,,,,,,,,,chie,,23,,,,,Do you want to join me? Where? In the bath!?
80500 ,,,,,,,ålŒö,ƒ–¼„,,,,,chie,,23,,,,,"Uh, uh\Chi-chan, are you going to take a bath together with the uncle?"
80600 ,,,,,,,çŒb,çŒb,011_CB05_c_030.wav,,,,chie,,0,,,,,"Hmm, is it no good? I'm all sticky with sweat, and I'd love to take a bath too, Chi-chan..."
80700 ,,,,,,,ålŒö,ƒ–¼„,,,,,chie,,0,,,,,"Momomomo, of course it's fine! You have to clean it up properly, or it feels gross!"
80800 ,,,,,,,,,,,,,chie,,0,,,,,I can't move my mouth properly from the shock! But I can't miss this chance!!
80900 ,,,,,,,ålŒö,ƒ–¼„,,,,,chie,,0,,,,,"Okay, okay, I'll boil it quickly, wait for me, tee-chan!"
81000 ,,,,,,,,,,,,,,,,,,,,I dashed into the bathroom.
81200 ,,<!scene_h_begin>,13,,1100000,,,,,,,,,,,,,,,
81300 ,*mem,,,,1100000,,,,,,,,,,,,,,,
81400 ,,,13,,1100000,,çŒb,çŒb,011_CB05_c_031.wav,,,,chie,,0,,,,,"Bath time, bath time!"
81500 ,,,,,1100000,,ålŒö,ƒ–¼„,,,,,,,,,,,,"Uh, please put your clothes in the basket over there."
81600 ,,,,,1100000,,çŒb,çŒb,011_CB05_c_032.wav,,,,chie,,0,,,,,Got it!
81700 ,,,,,1100000,,,,,,,,,,,,,,,"I tried saying something like ''Hurry up and take it off!'' to prompt her, but before I could even finish, Chi-chan had already taken off her pants and underwear together!"
81800 ,,,,,1100000,,,,,,,,,,,,,,,"Uuohhh!!!! Even without looking closely, you can see between the legs and legs...... gulp!!"
81900 ,,,,,1100000,,,,,,,,,,,,,,,"One might find oneself kneeling in worship, saying, ''How grateful I am, how grateful I am....''"
82000 ,,,,,1100000,,çŒb,çŒb,011_CB05_c_033.wav,,,,chie,,0,,,,,"Even if you don't take off your clothes, you can't take a bath, Uncle!"
82100 ,,,,,1100000,,ålŒö,ƒ–¼„,,,,,,,,,,,,"Well, yeah... I guess I should take off my clothes."
82200 ,,,,,1100000,,,,,,,,,,,,,,,"Is it okay to take off my clothes in this state? My lower half seems to be reacting a lot. Well, I'll take off my upper half first anyway."
82300 ,,,,,1100000,,ålŒö,ƒ–¼„,,,,,,,,,,,,"It was hot today too, huh?"
82400 ,,,,,1100000,,çŒb,çŒb,011_CB05_c_034.wav,,,,chie,,0,,,,,"Oh, so it looks like it burned again, huh?"
82500 ,,,,,1100000,,ålŒö,ƒ–¼„,,,,,,,,,,,,"After all, since you're a girl, do you worry about things like sunburn?"
82600 ,,,,,1100000,,,,,,,,,,,,,,,"Of course, from my perspective, a healthy tan is very welcome."
82700 ,,,,,1100000,,,,,,,,,,,,,,,"If you can enjoy it with a perfect contrast between the unburned parts hidden in the clothes and the rest, then you can safely say there's nothing better."
82900 ,,,,,1100010,,çŒb,çŒb,011_CB05_c_035.wav,,,,chie,,0,,,,,"Hey, Dad, you have to fold it more neatly, okay?"
83000 ,,,,,1100010,,ålŒö,ƒ–¼„,,,,,,,,,,,,"Ah, what's that?"
83100 ,,,,,1100010,,,,,,,,,,,,,,,"Looking inside the bag, Chi-chan's pants and underwear were neatly folded. When he took them off, he used to just take them all off together in a careless manner...."
83200 ,,,,,1100010,,,,,,,,,,,,,,,"In contrast, when it comes to the clothes I took off, it's more like they were just rolled up rather than folded."
83300 ,,,,,1100010,,ålŒö,ƒ–¼„,,,,,,,,,,,,"Chee-chan, you're good at folding. Did your mom or someone teach you?"
83400 ,,,,,1100010,,çŒb,çŒb,011_CB05_c_036.wav,,,,chie,,0,,,,,"Yeah, that's true, but if you leave it messy and all undone, it's a hassle for Grandma. She's tired from work sometimes too, you know."
83500 ,,,,,1100010,,ålŒö,ƒ–¼„,,,,,,,,,,,,"Ah, I see..."
83600 ,,,,,1100010,,,,,,,,,,,,,,,"You're holding it together, aren't you, Chi-chan? I don't really understand how tough it must be, but it's a single-parent household, after all."
83700 ,,,,,1100010,,ålŒö,ƒ–¼„,,,,,,,,,,,,"Yeah, you're right, I have to do it properly... uh, uh, wait? Can't fold it as neatly as Chii-chan does."
83800 ,,,,,1100010,,,,,,,,,,,,,,,I just cram all my clothes into the washing machine without folding them... That's a bit embarrassing for an old man like me.
84000 ,,,,,1100020,,çŒb,çŒb,011_CB05_c_037.wav,,,,chie,,0,,,,,"Well, can't be helped, watch what Chichan does, okay?"
84100 ,,,,,1100020,,ålŒö,ƒ–¼„,,,,,,,,,,,,"Huh? Uh, y-yeah... like that."
84200 ,,,,,1100020,,,,,,,,,,,,,,,"Chii-chan took off her jacket all at once... meaning, she was completely naked!"
84300 ,,,,,1100020,,çŒb,çŒb,011_CB05_c_038.wav,,,,chie,,0,,,,,"So, like? You fold it like this, like this, right?"
84400 ,,,,,1100020,,ålŒö,ƒ–¼„,,,,,,,,,,,,"Huh? Huh? Oh, sorry, I wasn't looking closely."
84500 ,,,,,1100020,,,,,,,,,,,,,,,"To be precise, I was staring intently at Chi-chan's body."
84700 ,,,,,1100030,,çŒb,çŒb,011_CB05_c_039.wav,,,,chie,,0,,,,,"Hey, Dad, you're pretty drunk, huh?"
84800 ,,,,,1100030,,ålŒö,ƒ–¼„,,,,,,,,,,,,"Nah, it's not like that!"
84900 ,,,,,1100030,,çŒb,çŒb,011_CB05_c_040.wav,,,,chie,,0,,,,,"Eh heh heh, Chi-chan is better at it, huh!"
85000 ,,,,,1100030,,,,,,,,,,,,,,,"Well, I guess that's unavoidable. To be honest, it's surprising that Chi-chan has such a solid side to her."
85100 ,,,,,1100030,,,,,,,,,,,,,,,"Thanks to you, there's Chi-chan's naked body right in front of me, and even though it's incredibly dazzling, somehow I feel a strange feeling."
85200 ,,,,,1100030,,çŒb,çŒb,011_CB05_c_041.wav,,,,chie,,0,,,,,"Did you finish sewing the clothes, Chi-chan? Oi-chan should take a bath soon too!"
85300 ,,,,,1100030,,ålŒö,ƒ–¼„,,,,,,,,,,,,"Ah, yeah, I see."
85400 ,,,,,1100030,,,,,,,,,,,,,,,Chasing Chi-chan as she happily opens the bathroom door.
85600 ,,<!scene_h_begin><!se_bath_water2>,,,1101000,,ålŒö,ƒ–¼„,,,,,,,,,,,,"I'm sorry, it's a bit narrow, isn't it? Our bathroom."
85700 ,,,,,1101000,,çŒb,çŒb,011_CB05_c_042.wav,,,,chie,,0,,,,,"Nah, that's not true\maybe it's even bigger than Chichan's house, huh?"
85800 ,,,,,1101000,,,,,,,,,,,,,,,"Soaking together in the bath, I can really tell how small Chi-chan's body is. It fits completely between my spread legs."
85900 ,,,,,1101000,,,,,,,,,,,,,,,"If that were not the case, it would have been impossible for us to enter together."
86000 ,,,,,1101000,,çŒb,çŒb,011_CB05_c_043.wav,,,,chie,,0,,,,,"Ahhh, that feels so good!"
86100 ,,,,,1101000,,ålŒö,ƒ–¼„,,,,,,,,,,,,"Come on, come on, get in up to your shoulders."
86200 ,,,,,1101000,,çŒb,çŒb,011_CB05_c_044.wav,,,,chie,,0,,,,,Hey! Let's take a bath together with Uncle\ehhehe!
86300 ,,,,,1101000,,,,,,,,,,,,,,,"Saying that, Chichan entrusted her small body to me. When her smooth back was pressed against my stomach, I felt a little flutter."
86400 ,,,,,1101000,,ålŒö,ƒ–¼„,,,,,,,,,,,,"C-cha, thanks for rubbing my back!"
86500 ,,,,,1101000,,,,,,,,,,,,,,,I tried to start a casual conversation to calm my nerves.
86600 ,,,,,1101000,,,,,,,,,,,,,,,"It's only natural to wash your body before soaking in the bath, but just now, when I was washing my body, Chi-chan scrubbed my back vigorously."
86700 ,,,,,1101000,,,,,,,,,,,,,,,"It was a place that was literally hard for me to reach even by myself, and it felt really good to have every corner washed for me."
86800 ,,,,,1101000,,çŒb,çŒb,011_CB05_c_045.wav,,,,chie,,0,,,,,"Nnn, it's okay, Chichan, when you're taking a bath with Mom, Mom washes Mom's back."
86900 ,,,,,1101000,,ålŒö,ƒ–¼„,,,,,,,,,,,,"I see, is that so?"
87000 ,,,,,1101000,,çŒb,çŒb,011_CB05_c_046.wav,,,,chie,,0,,,,,"Yeah, Uncle's back is a bit big, so I was surprised."
87100 ,,,,,1101000,,çŒb,çŒb,011_CB05_c_047.wav,,,,chie,,0,,,,,"So, Mom washes my hair for me."
87200 ,,,,,1101000,,ålŒö,ƒ–¼„,,,,,,,,,,,,"I see. You're close with your mom, huh?"
87300 ,,,,,1101000,,çŒb,çŒb,011_CB05_c_048.wav,,,,chie,,0,,,,,Unn!
87400 ,,,,,1101000,,,,,,,,,,,,,,,"You really are close with your mom, huh."
87500 ,,,,,1101000,,ålŒö,ƒ–¼„,,,,,,,,,,,,"Well, maybe I should wash Uncle's hair too, like Michi-chan's?"
87600 ,,,,,1101000,,çŒb,çŒb,011_CB05_c_049.wav,,,,chie,,0,,,,,Yeah! I want Uncle to wash my hair!
87700 ,,,,,1101000,,,,,,,,,,,,,,,Oh... it's really cute.
87800 ,,,,,1101000,,,,,,,,,,,,,,,"It's already weird enough that I'd probably cum just from being in the bath with a naked little girl, but for some reason, I'm feeling uneasy."
87900 ,,,,,1101000,,,,,,,,,,,,,,,"Of course, if it gets found out by chi-chan's mom that we took a bath together, it might be bad, you know..."
88000 ,,,,,1101000,,,,,,,,,,,,,,,Seeing chee-chan's unguarded and innocent appearance somehow doesn't lead to an erection.
88300 ,,,,,1101010,,,,,,,,,,,,,,,"When I turned around, my big eyes met Chichan's."
88400 ,,,,,1101010,,çŒb,çŒb,011_CB05_c_050.wav,,,,chie,,0,,,,,Eh heh
88500 ,,,,,1101010,,,,,,,,,,,,,,,"Really, how cute...."
88600 ,,,,,1101010,,,,,,,,,,,,,,,Being able to take a bath with such a cute kid.
88700 ,,,,,1101010,,ålŒö,ƒ–¼„,,,,,,,,,,,,"Ah, um..., is Chi-chan okay with naked men or something?"
88800 ,,,,,1101020,,çŒb,çŒb,011_CB05_c_051.wav,,,,chie,,0,,,,,Naked?
88900 ,,,,,1101020,,ålŒö,ƒ–¼„,,,,,,,,,,,,"Hmm, I wonder if it's okay to take a bath with Uncle..."
89000 ,,,,,1101020,,,,,,,,,,,,,,,"Well, I mean, saying we'd go in together was a bit too much, wasn't it? I was really shocked."
89100 ,,,,,1101010,,çŒb,çŒb,011_CB05_c_052.wav,,,,chie,,0,,,,,I've seen a little boy playing naked before.
89200 ,,,,,1101010,,ålŒö,ƒ–¼„,,,,,,,,,,,,"Ah, it's the countryside, isn't it?"
89300 ,,,,,1101010,,,,,,,,,,,,,,,"Girls don't really care that much either, you know. Boys probably don't care even less."
89400 ,,,,,1101010,,ålŒö,ƒ–¼„,,,,,,,,,,,,"But you wouldn't take a bath with a boy together, would you?"
89500 ,,,,,1101010,,,,,,,,,,,,,,,"Or have you ever taken a bath together with a boy? Y-you can't say that, old man!"
89600 ,,,,,1101010,,çŒb,çŒb,011_CB05_c_053.wav,,,,chie,,0,,,,,"The bath is\just for Dad and me, okay?"
89700 ,,,,,1101010,,ålŒö,ƒ–¼„,,,,,,,,,,,,Huh?
89800 ,,,,,1101010,,çŒb,çŒb,011_CB05_c_054.wav,,,,chie,,0,,,,,"Chii-chan, I want to be like Oi-chan's kid!"
89900 ,,,,,1101010,,,,,,,,,,,,,,,Wow!? A controversial statement!?
90000 ,,,,,1101010,,çŒb,çŒb,011_CB05_c_055.wav,,,,chie,,0,,,,,There are so many sweets.
90100 ,,,,,1101010,,,,,,,,,,,,,,,"Oh, I see what you mean."
90200 ,,,,,1101010,,ålŒö,ƒ–¼„,,,,,,,,,,,,"Chii-chan, do you want to become a child of this uncle? You already have a mother, Chii-chan, don't you?"
90300 ,,,,,1101010,,çŒb,çŒb,011_CB05_c_056.wav,,,,chie,,0,,,,,"That's right, isn't it?"
90400 ,,,,,1101010,,,,,,,,,,,,,,,"Well, Chichan retracted her words quite easily. It was a bit disappointing, though."
90500 ,,,,,1101010,,çŒb,çŒb,011_CB05_c_057.wav,,,,chie,,0,,,,,"Uncle's body is cool, isn't it?"
90600 ,,,,,1101010,,,,,,,,,,,,,,,I was startled by the words that came out of Chi-chan's mouth one after another.
90700 ,,,,,1101010,,ålŒö,ƒ–¼„,,,,,,,,,,,,"Ah, really!?"
90800 ,,,,,1101010,,,,,,,,,,,,,,,"I think your body is unfit and flabby, isn't it!?"
90900 ,,,,,1101010,,,,,,,,,,,,,,,"Well, I do think there are some aspects where moving over here has made me healthier, like having to walk longer distances and all..."
91000 ,,,,,1101010,,çŒb,çŒb,011_CB05_c_058.wav,,,,chie,,0,,,,,"Yeah. It's big and stiff, like a robot. Hehehe~"
91100 ,,,,,1101010,,,,,,,,,,,,,,,Oh no! Chii-chan pressed her back against mine again.
91200 ,,,,,1101010,,ålŒö,ƒ–¼„,,,,,,,,,,,,"Well, compared to a girl like Chi-chan, I guess I'm a little better, huh!?"
91300 ,,,,,1101010,,çŒb,çŒb,011_CB05_c_059.wav,,,,chie,,0,,,,,"Chii-chan, it's fun to take a bath with Ojii-chan!"
91400 ,,,,,1101010,,,,,,,,,,,,,,,"She looked at me with her eyes wide open, peering over her shoulder, her gaze fixed on me with a curious, darting look."
91500 ,,,,,1101020,,çŒb,çŒb,011_CB05_c_060.wav,,,,chie,,0,,,,,"Hey, Dad, your face is red?"
91600 ,,,,,1101020,,ålŒö,ƒ–¼„,,,,,,,,,,,,"Huh, really? Maybe I got a little overheated..."
91700 ,,,,,1101010,,çŒb,çŒb,011_CB05_c_061.wav,,,,chie,,0,,,,,"Ah, Chi-chan is about to head back home too, right? Uncle, can you walk me home together?"
91800 ,,,,,1101010,,ålŒö,ƒ–¼„,,,,,,,,,,,,Of course!
91900 ,,,,,1101010,,çŒb,çŒb,011_CB05_c_062.wav,,,,chie,,0,,,,,"Okay, count to fifty and then come out! Uncle's gonna get you up to his shoulders too!"
92000 ,,,,,1101010,,ålŒö,ƒ–¼„,,,,,,,,,,,,Uncle can't do it! The bath is too narrow!
92100 ,,,,,1101010,,,,,,,,,,,,,,,"While doing that, after counting up to fifty slowly after getting out of the bath, I took chi-chan home."
92200 ,$event_return,,,,,,,,,,,,,,,,,,,
92400 ,,<!scene_h_end>,6,33,,,,,,,,,,,,,,,,"And when I got back home, I suddenly realized that..."
92500 ,,,,,,,,,,,,,,,,,,,,"I was with Chichan from Hadakanb? the whole time, but we didn't do anything!"
92600 ,,,,,,,,,,,,,,,,,,,,"On the contrary, I don't even think I got an erection!"
92700 ,,,,,,,,,,,,,,,,,,,,"Suddenly, my penis starts to swell up plumply."
92800 ,,,,,,,ålŒö,ƒ–¼„,,,,,,,,,,,,"Huh, I wonder why? Maybe I got so tense because that situation suddenly happened...!?"
92900 ,,,,,,,,,,,,,,,,,,,,"I keep thinking about how we took a bath together, chichi-chan, how she was naked, and the feeling of her\while jerking off my rock-hard dick to the max."
93000 ,,,,,,,ålŒö,ƒ–¼„,,,,,,,,,,,,"Uh! .... Yeah, if I saw Chii-chan in that state, I'd shoot off immediately, normally.... shikoshikoshikoshiko..."
93100 ,,,,,,,,,,,,,,,,,,,,"Without hesitation, he starts preparing for the second shot. It's fine, we've got plenty of ammo. Ready to fire anytime from the dangling sack! Hurry up and get it out! he urges."
93200 ,,,,,,,ålŒö,ƒ–¼„,,,,,,,,,,,,"How strange...? Well, it was nice even without ejaculating, and it was really fun... I wonder why? Next time, I want to do something sexy... ugh!"
93300 ,,,,,,,,,,,,,,,,,,,,"Wrinkling my neck as I thought about it, the chi-chan in my memories was still incredibly cute, so I devoted myself to reminiscing and masturbating."
93400 ,,,,,,,ålŒö,ƒ–¼„,,,,,,,,,,,,It looks like it's going to be a great night all night long! ...!
93500 ,,,,,,,,,,,,,,,,,,,,"Yes, thinking so."
93600 ,,<!Lend_night>,0,9000,,,,,,,,,,,,,,,,
93800 ,@012_CB06,,,,,,,,,,,,,,,,,,,
94100 ,,<!Lbegin_day_change>,5,31,,,,,,,,,,,,,,,,"Today's lunch was also eaten by me, Chi-chan, Komako-chan, and Tenka-chan, the four of us."
94200 ,,,,,,,,,,,,,,,,,,,,"I always only prepare *osomen* (thin wheat noodles), but the bento boxes for the beautiful girls were absolutely amazing."
94300 ,,,,,,,ålŒö,ƒ–¼„,,,,,,,,,,,,"Every time I see them, everyone's bento boxes are amazing. I'm really impressed."
94400 ,,,,,,,çŒb,çŒb,012_CB06_c_000.wav,,,,"chie,privateB",,0,,,,",Oichan's somen is delicious too."
94600 ,,,,,,,,,,,,,chie,,0,,,,,"Yeah, yeah. It's really delicious. Especially, the noodle broth that the beautiful young girls licked after finishing their rice is the best."
94700 ,,,,,,,“[‰Ô,“[‰Ô,012_CB06_t_000.wav,,,,chie,,0,"tenka,privateB",,3,",Is there no way to eat somen that tastes even better?"
94800 ,,,,,,,çŒb,çŒb,012_CB06_c_001.wav,,,,chie,,38,tenka,,3,,"Chii-chan is fine just as she is now, I think."
94900 ,,,,,,,“[‰Ô,“[‰Ô,012_CB06_t_001.wav,,,,chie,,38,tenka,,20,,"The curry is delicious, but if pork cutlet is on it, it would be even more delicious, right?"
95000 ,,,,,,,ƒRƒ}ƒR,ƒRƒ}ƒR,012_CB06_k_001.wav,"komako,private",,21,chie,,38,tenka,,23,",'Katsu curry, delicious.'"
95100 ,,,,,,,çŒb,çŒb,012_CB06_c_002.wav,komako,,21,chie,,1,tenka,,23,,Wowww... Chi-chan loves katsu curry so much!
95200 ,,,,,,,“[‰Ô,“[‰Ô,012_CB06_t_002.wav,komako,,21,chie,,1,tenka,,35,,"So, I think you can eat soba noodles even more deliciously."
95300 ,,,,,,,çŒb,çŒb,012_CB06_c_003.wav,komako,,21,chie,,1,tenka,,35,,"Oh, so you're saying we should put something in it! ... But what could we put in it?"
95400 ,,,,,,,ålŒö,ƒ–¼„,,,,,,,,,,,,Negi is in there... was there anything else?
95500 ,,,,,,,,,,,,,,,,,,,,"I looked for something in the refrigerator, but there was nothing that would go well with the somen noodles."
95600 ,,,,,,,,,,,,,,,,,,,,"While rummaging around, the seasoning in the door pocket caught my eye."
95700 ,,,,,,,ålŒö,ƒ–¼„,,,,,,,,,,,,...How about adding some ginger?
95800 ,,,,,,,çŒb,çŒb,012_CB06_c_004.wav,,,,chie,,3,,,,,Is galangal delicious?
95900 ,,,,,,,ƒRƒ}ƒR,ƒRƒ}ƒR,012_CB06_k_002.wav,komako,,27,chie,,3,,,,,Adult flavors. I'm a bit bad at them.
96100 ,,,,,,,“[‰Ô,“[‰Ô,012_CB06_t_003.wav,komako,,27,chie,,3,tenka,,9,,"I also hate that. It tastes weird, kinda like leaves, you know?"
96200 ,,,,,,,çŒb,çŒb,012_CB06_c_005.wav,komako,,27,chie,,3,tenka,,9,,"Huh? Hey, Dad, can I try putting it in?"
96300 ,,,,,,,ålŒö,ƒ–¼„,,,,,chie,,3,,,,,"Maybe it would be better to hold off for now, just for a little while?"
96400 ,,,,,,,çŒb,çŒb,012_CB06_c_006.wav,,,,chie,,20,,,,,Just a little bit...
96500 ,,,,,,,,,,,,,chie,,20,,,,,Chi-chan dropped a generous amount of julienned galangal into the bowl.
96600 ,,,,,,,ålŒö,ƒ–¼„,,,,,chie,,20,,,,,"Chii-chan, isn't that too much?"
96700 ,,,,,,,,,,,,,chie,,20,,,,,"I scoop up most of the ginger from the bowl, leaving just a little bit behind."
96800 ,,,,,,,çŒb,çŒb,012_CB06_c_007.wav,,,,chie,,14,,,,,It feels like there's not enough...
96900 ,,,,,,,ålŒö,ƒ–¼„,,,,,chie,,14,,,,,"If it was delicious, I'll give you the rest too, okay?"
97000 ,,,,,,,çŒb,çŒb,012_CB06_c_008.wav,,,,chie,,1,,,,,"Well then, itadakimasu!"
97100 ,,,,,,,,,,,,,chie,,1,,,,,"After wrapping wasabi around the somen noodles and bringing them to my mouth, I chewed them a few times\mogu mogu...\and tears welled up in Chi-chan's eyes."
97200 ,,,,,,,çŒb,çŒb,012_CB06_c_009.wav,,,,chie,,8,,,,,"Hmm, nngh......it smells like grass......"
97300 ,,,,,,,ƒRƒ}ƒR,ƒRƒ}ƒR,012_CB06_k_003.wav,komako,,26,,,,,,,,"Chi-chan, tea."
97400 ,,,,,,,,,,komako,,26,,,,,,,,"Before Komako-chan could even finish, she handed over the tea."
97500 ,,,,,,,çŒb,çŒb,012_CB06_c_010.wav,,,,chie,,14,,,,,"Nnkuh, nnkuh... haaaah!! It's the taste of some crunchy grass. Is this the taste of an adult?"
97600 ,,,,,,,,,,,,,chie,,14,,,,,"With a frown, Chi-chan asks everyone."
97700 ,,,,,,,“[‰Ô,“[‰Ô,012_CB06_t_004.wav,,,,chie,,14,tenka,,9,,That's why I said so. It tastes weird.
97800 ,,,,,,,çŒb,çŒb,012_CB06_c_011.wav,,,,chie,,34,tenka,,9,,"Chii-chan, I should have eaten it."
97900 ,,,,,,,,,,,,,chie,,34,tenka,,9,,"That's how, today, the four of us happily enjoyed some somen together."
98100 ,,<!timepass_short>,7,,,,,,,,,,,,,,,,,
98200 ,,,,,,,ƒRƒ}ƒR,ƒRƒ}ƒR,012_CB06_k_004.wav,komako,,21,,,,,,,,I'm done.'' / ''That was delicious.'' / ''Thank you for the meal.
98300 ,,,,,,,“[‰Ô,“[‰Ô,012_CB06_t_005.wav,,,,,,,tenka,,14,,"Hmm~, maybe I ate too much..."
98400 ,,,,,,,çŒb,çŒb,012_CB06_c_012.wav,,,,chie,,1,,,,,"It's delicious when we all eat together, isn't it?"
98500 ,,,,,,,ålŒö,ƒ–¼„,,,,,,,,,,,,"Well, after lunch, are you all going to take a nap today too? I'll be manning the shop while you do."
98600 ,,,,,,,,,,,,,,,,,,,,"Today, the fun time has arrived again."
98700 ,,,,,,,,,,,,,,,,,,,,"Everyone enjoys eating lunch together, but for me, the time for my nap is even more exciting."
98800 ,,,,,,,çŒb,çŒb,012_CB06_c_013.wav,,,,chie,,1,,,,,"Hi there, good night!"
98900 ,,,,,,,ƒRƒ}ƒR,ƒRƒ}ƒR,012_CB06_k_005.wav,komako,,23,,,,,,,,"Uncle, can I do the dishes and stuff?"
99000 ,,,,,,,“[‰Ô,“[‰Ô,012_CB06_t_006.wav,komako,,23,,,,tenka,,21,,Me too! Me too!
99100 ,,,,,,,ålŒö,ƒ–¼„,,komako,,23,,,,tenka,,21,,"Yeah, yeah. Don't worry about it. Three of you sleep as your job, right?"
99200 ,,,,,,,,,,komako,,23,,,,tenka,,21,,"If the dishes are washed away so easily, the fun will be reduced."
99300 ,,,,,,,,,,komako,,23,,,,tenka,,21,,"Also, I want everyone to go to bed early."
99400 ,,,,,,,“[‰Ô,“[‰Ô,012_CB06_t_007.wav,komako,,23,,,,tenka,,1,,"Okay, I'll sleep too~"
99500 ,,,,,,,çŒb,çŒb,012_CB06_c_014.wav,komako,,23,chie,,0,,,,,"Komachan, let's sleep together!"
99600 ,,,,,,,ƒRƒ}ƒR,ƒRƒ}ƒR,012_CB06_k_006.wav,komako,,22,chie,,0,,,,,Umm...
99700 ,,,,,,,ålŒö,ƒ–¼„,,,,,,,,,,,,Good night.
99900 ,,<!timepass_quick>,15,,,,,,,,,,,,,,,,,"After confirming that everyone had started going to bed, I began tidying up."
100000 ,,,,,,,,,,,,,,,,,,,,"After slowly licking the chopsticks that had touched three people's mouths, they spent some time passing it around."
100100 ,,,,,,,ålŒö,ƒ–¼„,,,,,,,,,,,,Hmm... maybe it's time to play a prank now.
100200 ,,,,,,,,,,,,,,,,,,,,"Yesterday, I saw your underwear, so maybe I can go a bit further now?"
100300 ,,,,,,,,,,,,,,,,,,,,"For example, like breasts."
100400 ,,,,,,,,,,,,,,,,,,,,"Everyone's still here, and touching someone's clothes like that feels good. If anything goes wrong and it gets found out, it'll be easy to come up with an excuse anyway..."
100500 ,,,,,,,,,,,,,,,,,,,,Ahh... it feels so romantic.
100600 ,,,,,,,ålŒö,ƒ–¼„,,,,,,,,,,,,"...! Komako-chan, are you awake......?"
100700 ,,,,,,,,,,,,,,,,,,,,"When I got back to the room, Komako-chan was sitting next to Chi-chan, staring blankly."
100800 ,,,,,,,,,,,,,,,,,,,,"I wonder if she's still half-asleep... while I was watching her, Komako-chan's face slowly moved closer to chi-chan."
100900 ,,,,,,,ålŒö,ƒ–¼„,,,,,,,,,,,,...huh?
101000 ,,,,,,,,,,,,,,,,,,,,Komako-chan gently bumped her forehead against chi-chan's forehead.
101100 ,,,,,,,,,,,,,,,,,,,,"And after taking a few steps back, she blushes and looks down at chi-chan."
101200 ,,,,,,,ƒRƒ}ƒR,ƒRƒ}ƒR,012_CB06_k_007.wav,"komakoL,private",,22,,,,,,,",Chii-chan..."
101300 ,,,,,,,,,,komakoL,,22,,,,,,,,Komako-chan murmured softly and stroked Chi-chan's hair.
101400 ,,,,,,,,,,komakoL,,22,,,,,,,,Komako-chan's lips slowly approached chi-chan's cheek and lightly touched it before pulling away immediately.
101600 ,,,,,,,ålŒö,ƒ–¼„,,,,,,,,,,,,"Huh, huh...?!"
101700 ,,,,,,,,,,,,,,,,,,,,I get flustered by unexpected events.
101800 ,,,,,,,,,,,,,,,,,,,,I took an involuntary step back and ended up bumping into the shelf.
101900 ,,,,,,,ƒRƒ}ƒR,ƒRƒ}ƒR,012_CB06_k_009.wav,komakoL,,24,,,,,,,,\...!!
102000 ,,,,,,,,,,komakoL,,24,,,,,,,,"I heard a clattering sound, and Komako-chan looked over here."
102100 ,,,,,,,ålŒö,ƒ–¼„,,komakoL,,24,,,,,,,,.........
102200 ,,,,,,,,,,komakoL,,24,,,,,,,,Our eyes met for a moment....
102300 ,,,,,,,,,,,,,,,,,,,,"I hurriedly left the scene, and from the direction of the room came a sound of rustling. After a while, it became quiet with a soft ''shhh...''"
102400 ,,,,,,,,,,,,,,,,,,,,"Peeking in cautiously, Komako-chan was lying down next to Chi-chan as if nothing had happened, pretending to be asleep."
102500 ,,,,,,,,,,,,,,,,,,,,"I couldn't move from the spot for a while, replaying the scene from earlier repeatedly in my mind as I watched the figures of Komako-chan and Chi-chan."
102600 ,,<!Lend_scene_change>,0,9001,,,,,,,,,,,,,,,,
102800 ,@013_CB07,,,,,,,,,,,,,,,,,,,
103100 ,,<!Lbegin_scene_change>,6,21,,,,,,,,,,,,,,,,"The sun's strength is gradually waning. Another day is coming to an end, I see."
103200 ,,,,,,,ålŒö,ƒ–¼„,,,,,,,,,,,,"Chii-chan, shall we call it a day?"
103300 ,,,,,,,çŒb,çŒb,013_CB07_c_000.wav,,,,"chie,privateB",,1,,,,",Hai!"
103400 ,,,,,,,,,,,,,,,,,,,,The little sister cheerfully replied and brought in the products that had been placed outside the store.
103500 ,,,,,,,,,,,,,,,,,,,,"As I was about to go help, someone pulled at the hem of my clothes."
103600 ,,,,,,,ƒRƒ}ƒR,ƒRƒ}ƒR,013_CB07_k_000.wav,"komakoL,private",,14,,,,,,,",......"
103700 ,,,,,,,ålŒö,ƒ–¼„,,komakoL,,14,,,,,,,,What's wrong?
103800 ,,,,,,,,,,komakoL,,14,,,,,,,,It was Komako-chan who was pulling on the clothes.
103900 ,,,,,,,,,,komakoL,,14,,,,,,,,"I wonder what she wants, but Komako-chan is still looking down and staying silent."
104000 ,,,,,,,ƒRƒ}ƒR,ƒRƒ}ƒR,013_CB07_k_001.wav,komakoL,,13,,,,,,,,...there's something to talk about.
104100 ,,,,,,,ålŒö,ƒ–¼„,,komakoL,,13,,,,,,,,What kind of story?
104200 ,,,,,,,ƒRƒ}ƒR,ƒRƒ}ƒR,013_CB07_k_002.wav,komakoL,,13,,,,,,,,I can't say it here... because everyone is around.
104300 ,,,,,,,,,,komakoL,,13,,,,,,,,"Speaking in a low, muffled voice so that Chi-chan and Tenka-chan wouldn't hear."
104400 ,,,,,,,,,,komakoL,,13,,,,,,,,"So, I finally figured out that you want to talk about lunch..."
104500 ,,,,,,,çŒb,çŒb,013_CB07_c_001.wav,komakoL,,13,,,,,,,,"Koma-chan, just help me out for a sec~!"
104600 ,,,,,,,ƒRƒ}ƒR,ƒRƒ}ƒR,013_CB07_k_003.wav,"komako,private",,24,,,,,,,",Ah... yeah! I'm coming now!"
104700 ,,,,,,,“[‰Ô,“[‰Ô,013_CB07_t_000.wav,,,,,,,"tenka,privateB",,37,",Isn't tidying up a part-time job? Does that mean I can get some pocket money for helping with it?"
104800 ,,,,,,,çŒb,çŒb,013_CB07_c_002.wav,,,,chie,,24,tenka,,37,,"W-Well, that is......!"
104900 ,,,,,,,“[‰Ô,“[‰Ô,013_CB07_t_001.wav,,,,,,,tenka,,1,,"Hahaha, just kidding! Of course, the reason Chii started working part-time was probably because she blew through her pocket money, right?"
105000 ,,,,,,,,,,,,,,,,,,,,Chi-chan and Tenka-chan are chatting happily in front of the store.
105100 ,,,,,,,,,,,,,,,,,,,,"Seeing that, Komako-chan joined the conversation a little fidgety."
105200 ,,,,,,,ƒRƒ}ƒR,ƒRƒ}ƒR,013_CB07_k_004.wav,komako,,20,,,,,,,,What can I help you with?
105300 ,,,,,,,çŒb,çŒb,013_CB07_c_003.wav,komako,,20,chie,,25,,,,,"The toys are all over the place, so pick them up! Please!"
105400 ,,,,,,,“[‰Ô,“[‰Ô,013_CB07_t_002.wav,komako,,20,chie,,25,tenka,,12,,Because you're trying to tidy up in a rush...
105500 ,,,,,,,çŒb,çŒb,013_CB07_c_004.wav,komako,,20,chie,,5,tenka,,12,,"N-no, that's not it! I just messed up the balance a little!"
105600 ,,,,,,,,,,komako,,20,chie,,5,tenka,,12,,The three finished collecting the toys and carried them into the store. The preparations for closing are complete.
105700 ,,,,,,,ålŒö,ƒ–¼„,,komako,,20,chie,,5,tenka,,12,,"Everyone, you've worked hard. Komako-chan and Tenka-chan, helping out with Chi-chan's work is really impressive!"
105800 ,,,,,,,“[‰Ô,“[‰Ô,013_CB07_t_003.wav,,,,,,,tenka,,23,,"Well, because Chi-chi asked for it, so there's no way around it."
105900 ,,,,,,,ƒRƒ}ƒR,ƒRƒ}ƒR,013_CB07_k_005.wav,komako,,21,,,,tenka,,23,,I like working with Chi-chan!
106000 ,,,,,,,çŒb,çŒb,013_CB07_c_005.wav,komako,,21,chie,,1,tenka,,23,,"Oh, I see! Hehe!"
106100 ,,,,,,,ålŒö,ƒ–¼„,,komako,,21,chie,,1,tenka,,12,,"Okay, then everyone should start leaving soon! The music for leaving will start playing in about 30 minutes, so!"
106200 ,,,,,,,“[‰Ô,“[‰Ô,013_CB07_t_004.wav,,,,,,,tenka,,0,,"Komako, should we head back? I guess Chii will stay behind again."
106300 ,,,,,,,ƒRƒ}ƒR,ƒRƒ}ƒR,013_CB07_k_006.wav,komako,,4,,,,tenka,,0,,"Uh... yeah, I see."
106400 ,,,,,,,,,,,,,,,,,,,,"Amakurachan and Komakochan are also leaving the shop together. There was something to talk about, but... what do you intend to do?"
106500 ,,,,,,,çŒb,çŒb,013_CB07_c_006.wav,,,,chie,,20,,,,,"Hey, Uncle. Give me my part-time job money!"
106600 ,,,,,,,ålŒö,ƒ–¼„,,,,,chie,,20,,,,,"Okay, just a moment!"
106700 ,,,,,,,,,,,,,chie,,20,,,,,Chi-chan looks at me with sparkling eyes. I guess she'll use her part-time job money to buy more snacks again...
106800 ,,,,,,,ålŒö,ƒ–¼„,,,,,chie,,20,,,,,"Today, we had quite a few customers, so... 30 yen."
106900 ,,,,,,,çŒb,çŒb,013_CB07_c_007.wav,,,,chie,,1,,,,,"Okay then, okay then... this! I'll buy this!"
107000 ,,,,,,,ålŒö,ƒ–¼„,,,,,chie,,1,,,,,"Ah, um, Chi-chan..."
107100 ,,,,,,,,,,,,,chie,,1,,,,,It doesn't seem like they have any intention of making amends at all.... Maybe I should give them a warning after all?
107200 ,,,,,,,ålŒö,ƒ–¼„,,,,,chie,,1,,,,,"...Well, never mind. Here you go, exactly 30 yen."
107300 ,,,,,,,çŒb,çŒb,013_CB07_c_008.wav,,,,chie,,21,,,,,"Here we go! .... Mmm, since I worked so hard, the sweets taste so good~!"
107400 ,,,,,,,,,,,,,chie,,21,,,,,"Actually, it might be better to pay Chi-chan's part-time job allowance in kind."
107500 ,,,,,,,,,,,,,chie,,21,,,,,"But if it's like that, you really won't be able to make up for it, will you? It'll end up feeling like you're working part-time for nothing."
107600 ,,,,,,,,,,,,,chie,,21,,,,,We also talked to Chichan's mother on the premise of compensation.
107800 ,,<!timepass_short>,,,,,çŒb,çŒb,013_CB07_c_009.wav,,,,chie,,0,,,,,"Well, then, Chi-chan should be heading home soon too."
107900 ,,,,,,,,,,,,,chie,,0,,,,,"After finishing the sweets, she said that with a satisfied look on her face."
108000 ,,,,,,,,,,,,,chie,,0,,,,,"I was about to leave already... but it makes me feel lonely, but today I still have to listen to Komako-chan's story."
108100 ,,,,,,,,,,,,,chie,,0,,,,,"I don't know if they'll come back or not, but maybe it's better to have Chi-chan come home early."
108200 ,,,,,,,ålŒö,ƒ–¼„,,,,,chie,,0,,,,,Can you go home by yourself?
108400 ,,<!move_short>,,11,,,çŒb,çŒb,013_CB07_c_010.wav,,,,chie,,1,,,,,"It's all good! Okay, see you tomorrow!"
108500 ,,,,,,,,,,,,,,,,,,,,Chii-chan waved her hands around excitedly as she looked back.
108600 ,,,,,,,,,,,,,,,,,,,,I also turned back to look at the departing hands.
108700 ,,,3,,,,ƒRƒ}ƒR,ƒRƒ}ƒR,013_CB07_k_007.wav,,,,komako,,13,,,,,......uncle
108800 ,,,,,,,,,,,,,komako,,13,,,,,"Just as I was about to enter the store because Chi-chan had disappeared, Komako appeared."
108900 ,,,,,,,ålŒö,ƒ–¼„,,,,,komako,,13,,,,,"KomaKochan, you're back!"
109000 ,,,,,,,ƒRƒ}ƒR,ƒRƒ}ƒR,013_CB07_k_008.wav,,,,komako,,33,,,,,Umm...
109100 ,,,,,,,ålŒö,ƒ–¼„,,,,,komako,,33,,,,,...Come on up already.
109200 ,,,,,,,ƒRƒ}ƒR,ƒRƒ}ƒR,013_CB07_k_009.wav,,,,komako,,33,,,,,Uh...
109300 ,,,,,,,,,,,,,komako,,33,,,,,"Komako-chan, fidgeting around and not trying to talk. For now, let me get you to come up to the room and change your mood."
109500 ,,<!move_middle_r>,,31,,,ƒRƒ}ƒR,ƒRƒ}ƒR,013_CB07_k_010.wav,,,,komako,,13,,,,,......
109600 ,,,,,,,ålŒö,ƒ–¼„,,,,,komako,,13,,,,,............
109700 ,,,,,,,,,,,,,komako,,13,,,,,"We sat facing each other on the zafu, silent."
109800 ,,,,,,,,,,,,,komako,,13,,,,,"Komako-chan is making a slightly tearful expression and pursing her lips, so it's hard to start a conversation awkwardly."
109900 ,,,,,,,ålŒö,ƒ–¼„,,,,,komako,,13,,,,,......Do you like Chi-chan?
110000 ,,,,,,,,,,,,,komako,,13,,,,,"Pikku and Komako-chan reacts. After stiffening her body for a while, she nods with a ''kokun.''"
110100 ,,,,,,,ƒRƒ}ƒR,ƒRƒ}ƒR,013_CB07_k_011.wav,,,,komako,,31,,,,,Don't tell... Chii-chan!
110200 ,,,,,,,,,,,,,komako,,31,,,,,"I almost start crying with a pleading voice. If I hear such a voice, I might want to use this as an excuse to do all sorts of things for you."
110300 ,,,,,,,,,,,,,komako,,31,,,,,But wait a minute...
110400 ,,,,,,,,,,,,,komako,,31,,,,,"Indeed, controlling the current Komako-chan as I wish is easy."
110500 ,,,,,,,,,,,,,komako,,31,,,,,Maybe it would be okay to make the reluctant girl do something naughty...
110600 ,,,,,,,,,,,,,komako,,31,,,,,But I also feel like I want to see how Komako-chan's love story will turn out.
110700 ,,,,,,,ålŒö,ƒ–¼„,,,,,komako,,31,,,,,"It's fine. I won't tell, so relax."
110900 ,,,,,,,,,,,,,komako,,31,,,,,Komako-chan's body is trembling slightly.
111000 ,,,,,,,,,,,,,komako,,31,,,,,"Oh, I see... You're thinking you did something wrong, huh?"
111100 ,,,,,,,ƒRƒ}ƒR,ƒRƒ}ƒR,013_CB07_k_013.wav,,,,komako,,13,,,,,"It's weird that a girl likes another girl, isn't it?"
111200 ,,,,,,,ålŒö,ƒ–¼„,,,,,komako,,13,,,,,"Hmm, old man doesn't think so. It's not a bad thing for Komako-chan to like Chi-chan."
111300 ,,,,,,,ƒRƒ}ƒR,ƒRƒ}ƒR,013_CB07_k_014.wav,,,,komako,,24,,,,,......eh? Really?
111400 ,,,,,,,ålŒö,ƒ–¼„,,,,,komako,,24,,,,,"That's right. The feeling of liking someone isn't about whether they're a boy or a girl, is it?"
111500 ,,,,,,,ålŒö,ƒ–¼„,,,,,komako,,24,,,,,"In foreign countries, even girls can get married to each other, you know."
111600 ,,,,,,,,,,,,,komako,,24,,,,,"It seemed like I wasn't understood, so Komako-chan looked surprised before smiling with relief."
111700 ,,,,,,,ƒRƒ}ƒR,ƒRƒ}ƒR,013_CB07_k_015.wav,,,,komako,,0,,,,,Is that so? Good... I'm not weird...
111800 ,,,,,,,ålŒö,ƒ–¼„,,,,,komako,,0,,,,,How long have you liked it?
111900 ,,,,,,,ƒRƒ}ƒR,ƒRƒ}ƒR,013_CB07_k_016.wav,,,,komako,,33,,,,,"Uh, well..., since I started school..."
112000 ,,,,,,,ƒRƒ}ƒR,ƒRƒ}ƒR,013_CB07_k_017.wav,,,,komako,,33,,,,,"I, my hair color and skin color and stuff... are different... so I got bullied a lot..."
112100 ,,,,,,,ƒRƒ}ƒR,ƒRƒ}ƒR,013_CB07_k_018.wav,,,,komako,,22,,,,,"But, Chi-chan praised me by saying, ''You're beautiful, you know...''"
112200 ,,,,,,,ƒRƒ}ƒR,ƒRƒ}ƒR,013_CB07_k_019.wav,,,,komako,,22,,,,,"Well, you saved me from that mean little boy..."
112400 ,,,,,,,ƒRƒ}ƒR,ƒRƒ}ƒR,013_CB07_k_021.wav,,,,komako,,22,,,,,"When I think about Chi-chan, sometimes I get all fidgety..."
112500 ,,,,,,,,,,,,,komako,,22,,,,,"The way you speak while blushing is unbearably sexy. Oh no, I'm getting hard."
112600 ,,,,,,,ålŒö,ƒ–¼„,,,,,komako,,22,,,,,"Maybe you've been thinking about Chi-chan and, uh, uh, uh... masturbating?"
112700 ,,,,,,,ƒRƒ}ƒR,ƒRƒ}ƒR,013_CB07_k_022.wav,,,,komako,,3,,,,,What is ''onani''...?
112800 ,,,,,,,,,,,,,komako,,3,,,,,"Komako-chan didn't even know the word ''onani,'' huh? She's so innocent."
112900 ,,,,,,,,,,,,,komako,,3,,,,,"I want to dye her, pure and innocent like the pristine white campus, in my colors."
113000 ,,,,,,,ålŒö,ƒ–¼„,,,,,komako,,3,,,,,"Uh, have you never touched your own chest or rubbed the area between your legs to feel good?"
113100 ,,,,,,,ƒRƒ}ƒR,ƒRƒ}ƒR,013_CB07_k_023.wav,,,,komako,,33,,,,,O-mata no... tsukene...
113200 ,,,,,,,,,,,,,komako,,33,,,,,"As soon as she put it in her mouth, Komako-chan's face turned bright red."
113300 ,,,,,,,ålŒö,ƒ–¼„,,,,,komako,,33,,,,,"Komako-chan, your face is bright red... did you do something?"
113400 ,,,,,,,ƒRƒ}ƒR,ƒRƒ}ƒR,013_CB07_k_024.wav,,,,komako,,13,,,,,......
113500 ,,,,,,,,,,,,,komako,,13,,,,,Komako-chan nodded once slightly.
113600 ,,,,,,,,,,,,,komako,,13,,,,,"Wow, it says that such a cute Komako-chan is masturbating...!"
113700 ,,,,,,,,,,,,,komako,,13,,,,,I want to watch... I want to watch it live! I want to see Komako-chan getting aroused by thinking about Chi-chan!
114300 ,,,,,,,ålŒö,ƒ–¼„,,,,,komako,,26,,,,,"Got it! Okay, Uncle, I think I'll support Komako-chan's love!"
114400 ,,,,,,,ƒRƒ}ƒR,ƒRƒ}ƒR,013_CB07_k_026.wav,,,,komako,,24,,,,,Huh\really?
114500 ,,,,,,,ålŒö,ƒ–¼„,,,,,komako,,24,,,,,Yeah. But... I still don't know if Komako-chan's 'like' is the real deal or not.
114600 ,,,,,,,ålŒö,ƒ–¼„,,,,,komako,,24,,,,,"So, can you show Uncle how much Komako-chan likes Chi-chan?"
114700 ,,,,,,,ƒRƒ}ƒR,ƒRƒ}ƒR,013_CB07_k_027.wav,,,,komako,,3,,,,,How do you say ''show''?
114800 ,,,,,,,ålŒö,ƒ–¼„,,,,,komako,,3,,,,,"When I think about Chi-chan, my pussy gets all itchy, you know?"
114900 ,,,,,,,ƒRƒ}ƒR,ƒRƒ}ƒR,013_CB07_k_028.wav,,,,komako,,2,,,,,"Omaneko? Oh, you mean the *omata* thing... right. Yeah..."
115000 ,,,,,,,ålŒö,ƒ–¼„,,,,,komako,,2,,,,,"Well, if Komako-chan is always thinking about chi-chan... I'd like her to show me her masturbation."
115100 ,,,,,,,ålŒö,ƒ–¼„,,,,,komako,,2,,,,,"If Komako-chan's feelings were understood, I think Uncle would be able to help out seriously too."
115200 ,,,,,,,ƒRƒ}ƒR,ƒRƒ}ƒR,013_CB07_k_029.wav,,,,komako,,33,,,,,Such a... embarrassing thing.
115300 ,,,,,,,ålŒö,ƒ–¼„,,,,,komako,,33,,,,,Why does Komako-chan keep masturbating if she thinks it's not okay to show it to others? Maybe she thinks what she's doing is wrong?
115400 ,,,,,,,ålŒö,ƒ–¼„,,,,,komako,,33,,,,,"If it's not the case, I guess Uncle will get to see me masturbating, right?"
115500 ,,,,,,,ƒRƒ}ƒR,ƒRƒ}ƒR,013_CB07_k_030.wav,,,,komako,,13,,,,,...maybe... it could be...
115600 ,,,,,,,ålŒö,ƒ–¼„,,,,,komako,,13,,,,,Isn't Chi-chan the best?
115700 ,,,,,,,ƒRƒ}ƒR,ƒRƒ}ƒR,013_CB07_k_031.wav,,,,komako,,26,,,,,Umm... I like Chi-chan the most.
115800 ,,,,,,,ålŒö,ƒ–¼„,,,,,komako,,26,,,,,"Then prove it. If you like it that much that you can't even show me your onanies, old man can't help you either."
115900 ,,,,,,,ƒRƒ}ƒR,ƒRƒ}ƒR,013_CB07_k_032.wav,,,,komako,,33,,,,,"...Got it. I'll... masturbate, show it to the old man..."
116000 ,,,,,,,,,,,,,,,,,,,,"Steeling herself, Komako-chan stands up."
116100 ,,,,,,,,,,,,,,,,,,,,Slowly lifting the hem of the skirt....
116300 ,,<!scene_h_begin>,10,,2100000,,,,,,,,,,,,,,,
116400 ,*mem,,,,2100000,,,,,,,,,,,,,,,
116500 ,,,10,,2100000,,,,,,,,,,,,,,,It's... Komako-chan's panties can be seen!
116600 ,,,,,2100000,,,,,,,,,,,,,,,"And this time, it wasn't because I undressed her. She showed it to me on her own...!"
116700 ,,,,,2100000,,,,,,,,,,,,,,,"I want to set up a camera, I want to jerk off, I want to bite into my pants...!"
116800 ,,,,,2100000,,,,,,,,,,,,,,,"While enduring various desires and afflictions, I maintain a calm exterior. If I show my true intentions, Komako might start to distrust me."
116900 ,,,,,2100000,,ƒRƒ}ƒR,ƒRƒ}ƒR,013_CB07_k_033.wav,,,,komako,,0,,,,,"U, uuuu......!"
117000 ,,,,,2100000,,,,,,,,,,,,,,,Komako-chan turns bright red and grabs her panties.
117100 ,,,,,2100000,,ƒRƒ}ƒR,ƒRƒ}ƒR,013_CB07_k_034.wav,,,,komako,,0,,,,,"Ah, not so much... don't stare at me like that..."
117200 ,,,,,2100000,,ålŒö,ƒ–¼„,,,,,,,,,,,,"It can't be that easy. We have to confirm Komako-chan's feelings, after all."
117300 ,,,,,2100000,,ƒRƒ}ƒR,ƒRƒ}ƒR,013_CB07_k_035.wav,,,,komako,,0,,,,,"But... still, it's embarrassing..."
117400 ,,,,,2100000,,ålŒö,ƒ–¼„,,,,,,,,,,,,"It might be embarrassing, but do your best. Also, if you can make my love for Komako-chan even more obvious, Uncle would be really happy."
117500 ,,,,,2100010,,,,,,,,,,,,,,,Komako-chan slowly blinks once and puts the hem of her skirt in her mouth.
117700 ,,,,,2100010,,ƒRƒ}ƒR,ƒRƒ}ƒR,013_CB07_k_036.wav,,,,komako,,0,,,,,Chii-chan...
117800 ,,,,,2100010,,,,,,,,,,,,,,,"Muttering ''Chi-chan's name,'' she pulls her pants off more forcefully than before."
117900 ,,,,,2100010,,,,,,,,,,,,,,,"I see, Komako-chan is rubbing her panties against her pussy while masturbating, huh?"
118000 ,,,,,2100010,,ƒRƒ}ƒR,ƒRƒ}ƒR,013_CB07_k_037.wav,,,,komako,,0,,,,,"Nn, aaaah...... Chi-chan...... haaah, haaah......!"
118100 ,,,,,2100010,,,,,,,,,,,,,,,"Komako-chan's waist starts moving mozo-mozo. She seems to react so quickly, it looks like she's really used to it."
118200 ,,,,,2100010,,,,,,,,,,,,,,,The panties digging into your pussy clearly show the shape of your split.
118300 ,,,,,2100010,,ƒRƒ}ƒR,ƒRƒ}ƒR,013_CB07_k_038.wav,,,,komako,,0,,,,,Nfuh... ahh...!
118400 ,,,,,2100010,,,,,,,,,,,,,,,Maybe Komako-chan is doing something naughty with chi-chan in her imagination.
118500 ,,,,,2100010,,ƒRƒ}ƒR,ƒRƒ}ƒR,013_CB07_k_039.wav,,,,komako,,0,,,,,Haaaa... I guess being seen is embarrassing... but...
118600 ,,,,,2100010,,,,,,,,,,,,,,,"I pull my pants hard, so they keep digging in more and more."
118700 ,,,,,2100010,,,,,,,,,,,,,,,The soft pussy squishes and changes shape under the pressure of the panties.
118800 ,,,,,2100010,,ƒRƒ}ƒR,ƒRƒ}ƒR,013_CB07_k_040.wav,,,,komako,,0,,,,,"''Hyaaahfuu...... ahnn, uu...... yaaaaaaaaa"
118900 ,,,,,2100010,,,,,,,,,,,,,,,"As Komako-chan's pleasure intensifies, the stain on her panties spreads wider and wider."
119100 ,,,,,2100020,,ƒRƒ}ƒR,ƒRƒ}ƒR,013_CB07_k_041.wav,,,,komako,,0,,,,,Fuh-aaaah!... Underwear...
119200 ,,,,,2100020,,,,,,,,,,,,,,,"Even though I'm just rubbing with my panties, my love juices keep overflowing one after another."
119300 ,,,,,2100020,,,,,,,,,,,,,,,"When Komako-chan moves her hand, her love juices make a disgusting, wet sound."
119400 ,,,,,2100020,,ƒRƒ}ƒR,ƒRƒ}ƒR,013_CB07_k_042.wav,,,,komako,,0,,,,,"Ahhhh......aaahhh, uh, fwaaaah......aaaaahhhh......!"
119500 ,,,,,2100020,,,,,,,,,,,,,,,"Little by little, Komako-chan's voice is getting louder."
119600 ,,,,,2100020,,,,,,,,,,,,,,,"In the countryside, it was fortunate that the houses weren't close together... In the city, if I had shouted this loudly, I would've been found out right away."
119700 ,,,,,2100020,,ƒRƒ}ƒR,ƒRƒ}ƒR,013_CB07_k_043.wav,,,,komako,,0,,,,,"Nn, it feels good...... more, *pants* cuu~tte......"
119800 ,,,,,2100020,,,,,,,,,,,,,,,She seems to be completely lost in her fantasy world. It looks like I don't even exist to her.
119900 ,,,,,2100020,,,,,,,,,,,,,,,"I feel a little lonely, but if I can see Komako-chan this obscene, it's no problem."
120000 ,,,,,2100020,,,,,,,,,,,,,,,I desperately tried to remember every move of Komako-chan by widening my eyes and focusing my nerves.
120200 ,,,,,2100030,,ƒRƒ}ƒR,ƒRƒ}ƒR,013_CB07_k_044.wav,,,,komako,,0,,,,,My legs are...... twitching...... nng......!
120300 ,,,,,2100030,,ƒRƒ}ƒR,ƒRƒ}ƒR,013_CB07_k_045.wav,,,,komako,,0,,,,,"Hyaaaaaah...... aah, hah hah...... nnh, kuh, yaa, aaaaaah......!"
120400 ,,,,,2100030,,,,,,,,,,,,,,,The endless overflowing love juice runs down Komako-chan's thighs.
120500 ,,,,,2100030,,,,,,,,,,,,,,,"Ah, what a waste.... I want to lick it all up and clean it up nicely...."
120600 ,,,,,2100030,,,,,,,,,,,,,,,"Right now is enough. I want to become Komako-chan's panties. Then, I can drink up all her love juices."
120700 ,,,,,2100030,,ƒRƒ}ƒR,ƒRƒ}ƒR,013_CB07_k_046.wav,,,,komako,,0,,,,,Chii-chan... I like you... I want to kiss Chii-chan...
120800 ,,,,,2100030,,,,,,,,,,,,,,,"As her body was overcome by pleasure, Komako-chan's legs started to tremble uncontrollably."
120900 ,,,,,2100030,,,,,,,,,,,,,,,"However, the hands won't stop moving. Greedily and fiercely, they move in search of even greater pleasure."
121100 ,,,,,2100020,,ƒRƒ}ƒR,ƒRƒ}ƒR,013_CB07_k_047.wav,,,,komako,,0,,,,,Ahhh! Press my panties harder......
121200 ,,,,,2100020,,,,,,,,,,,,,,,It's probably the clitoris that's being pulled and stimulated hard.
121300 ,,,,,2100020,,,,,,,,,,,,,,,"I didn't even know the word ''onanism,'' but I guess I knew how to make myself feel good."
121400 ,,,,,2100020,,ƒRƒ}ƒR,ƒRƒ}ƒR,013_CB07_k_048.wav,,,,komako,,0,,,,,Th-that... it's all the way in... ahh... hiiii!
121500 ,,,,,2100020,,,,,,,,,,,,,,,The cramps in both legs are getting worse. It's barely manageable to stand up anymore.
121600 ,,,,,2100020,,ƒRƒ}ƒR,ƒRƒ}ƒR,013_CB07_k_049.wav,,,,komako,,0,,,,,Feels so good...! Ch-chan... Ch-chan...!
121700 ,,,,,2100020,,,,,,,,,,,,,,,Koma-chan pulled her pants down with a ''gu-gu-gu'' sound and stretched both legs straight.
121900 ,,,,,2100030,,ƒRƒ}ƒR,ƒRƒ}ƒR,013_CB07_k_050.wav,,,,komako,,0,,,,,"''Nnfaaaaaaa... ahh, haaaaaaaaa"
122000 ,,,,,2100030,,ƒRƒ}ƒR,ƒRƒ}ƒR,013_CB07_k_051.wav,,,,komako,,0,,,,,"''Oh, my pussy is tingling...! It's like... zo-wah... getting bigger... haaaaaaaaa"
122100 ,,,,,2100030,,,,,,,,,,,,,,,"Komako-chan shudders with little ''piku piku'' sounds. Tears well up at the corners of her eyes, and she closes her eyes tightly as if savoring the pleasure."
122200 ,,,,,2100030,,ƒRƒ}ƒR,ƒRƒ}ƒR,013_CB07_k_052.wav,,,,komako,,0,,,,,Haaaa...... haaa...... nngg...... haaa......
122300 ,,,,,2100030,,ƒRƒ}ƒR,ƒRƒ}ƒR,013_CB07_k_053.wav,,,,komako,,0,,,,,"Until now, this was the hardest I've ever worked... it felt so great..."
122400 ,,,,,2100030,,ålŒö,ƒ–¼„,,,,,,,,,,,,"It looks like that. Your pants are soaked through, right? I really got to know Komako-chan's favorite uncle well."
122500 ,,,,,2100030,,ƒRƒ}ƒR,ƒRƒ}ƒR,013_CB07_k_054.wav,,,,komako,,0,,,,,Haa... haa... ...good...
122600 ,,,,,2100030,,,,,,,,,,,,,,,"Komako-chan heard my words and flashed a smile, then suddenly slumped down in exhaustion."
122700 ,$event_return,,,,,,,,,,,,,,,,,,,
123000 ,,<!scene_h_end>,3,,,,ålŒö,ƒ–¼„,,,,,,,,,,,,"Komako-chan, do you want to kiss Chi-chan?"
123100 ,,,,,,,ƒRƒ}ƒR,ƒRƒ}ƒR,013_CB07_k_055.wav,,,,komako,,31,,,,,want to do
123200 ,,,,,,,ålŒö,ƒ–¼„,,,,,komako,,31,,,,,What else?
123300 ,,,,,,,ƒRƒ}ƒR,ƒRƒ}ƒR,013_CB07_k_056.wav,,,,komako,,24,,,,,Anything more than that...?
123400 ,,,,,,,ålŒö,ƒ–¼„,,,,,komako,,24,,,,,"Chee-chan, this is about something naughty. Don't you think it would be fun if we did what Komako-chan just showed us together?"
123500 ,,,,,,,ƒRƒ}ƒR,ƒRƒ}ƒR,013_CB07_k_057.wav,,,,komako,,22,,,,,.......... I want to do naughty things with Chii-chan.
123600 ,,,,,,,ålŒö,ƒ–¼„,,,,,komako,,22,,,,,Would you like Chii-chan to feel good too?
123700 ,,,,,,,ƒRƒ}ƒR,ƒRƒ}ƒR,013_CB07_k_058.wav,,,,komako,,2,,,,,"''I'd be so happy if Chii-chan could feel good...''"
123800 ,,,,,,,ålŒö,ƒ–¼„,,,,,komako,,2,,,,,"Well then, let's study with Uncle! Uncle knows lots of secrets about girls that Komako doesn't know!"
123900 ,,,,,,,ƒRƒ}ƒR,ƒRƒ}ƒR,013_CB07_k_059.wav,,,,komako,,3,,,,,"Uncle...? Uncle, you're not a woman, so how do you understand?"
124000 ,,,,,,,ålŒö,ƒ–¼„,,,,,komako,,3,,,,,"Boys have the power to make girls feel horny. Don't you know, Komako-chan? There are lot of places on girls that you don't know about that feel good?"
124100 ,,,,,,,ƒRƒ}ƒR,ƒRƒ}ƒR,013_CB07_k_060.wav,,,,komako,,17,,,,,......hmm.
124200 ,,,,,,,,,,,,,komako,,17,,,,,It seems like I'm not being trusted much.
124300 ,,,,,,,ålŒö,ƒ–¼„,,,,,komako,,17,,,,,"Besides, I can teach you all kinds of ways to confess to Chi-chan. After all, Uncle is a boy."
124400 ,,,,,,,ƒRƒ}ƒR,ƒRƒ}ƒR,013_CB07_k_061.wav,,,,komako,,23,,,,,Hmm... maybe so...
124500 ,,,,,,,ålŒö,ƒ–¼„,,,,,komako,,23,,,,,Let's study together with Uncle and surprise Chi-chan. Let's work hard so we can do it with Chi-chan!
124600 ,,,,,,,ƒRƒ}ƒR,ƒRƒ}ƒR,013_CB07_k_062.wav,,,,komako,,27,,,,,...Got it. I'll study together with Uncle. I'll do my best!
124700 ,,,,,,,,,,,,,komako,,27,,,,,"When it comes to Chi-chan, it seems like he agrees to anything right away."
124800 ,,,,,,,,,,,,,komako,,27,,,,,"This is great... under the noble pretext of studying, I can do naughty things with Komako-chan!"
124900 ,,,,,,,ƒRƒ}ƒR,ƒRƒ}ƒR,013_CB07_k_063.wav,,,,komako,,17,,,,,......jee
125000 ,,,,,,,ålŒö,ƒ–¼„,,,,,komako,,17,,,,,"Uh, what?"
125100 ,,,,,,,ƒRƒ}ƒR,ƒRƒ}ƒR,013_CB07_k_064.wav,,,,komako,,37,,,,,I felt like something was off.
125200 ,,,,,,,ålŒö,ƒ–¼„,,,,,komako,,37,,,,,There's nothing like that!
125300 ,,,,,,,ƒRƒ}ƒR,ƒRƒ}ƒR,013_CB07_k_065.wav,,,,komako,,29,,,,,Hmm...
125400 ,,,,,,,,,,,,,komako,,29,,,,,A cold gaze is sent. Maybe my lewd intentions were found out...?
125500 ,,,,,,,ƒRƒ}ƒR,ƒRƒ}ƒR,013_CB07_k_066.wav,,,,komako,,0,,,,,Chii-chan and... sex. I gotta try harder.
125600 ,,,,,,,ålŒö,ƒ–¼„,,,,,komako,,0,,,,,"Uncle will do his best too, so Komako-chan, let's study hard!"
125700 ,,,,,,,ƒRƒ}ƒR,ƒRƒ}ƒR,013_CB07_k_067.wav,,,,komako,,21,,,,,Yeah. I'll do my best for Chi-chan!
125800 ,,,,,,,,,,,,,komako,,21,,,,,Komako-chan said with her eyes sparkling brightly.
125900 ,,,,,,,,,,,,,komako,,21,,,,,I was carefully trying not to let my inner thoughts show on my face as I pondered what kind of studies I should focus on starting tomorrow.
126000 ,,<!Lend_scene_change>,0,9001,,,,,,,,,,,,,,,,
126200 ,@014_CB08,,,,,,,,,,,,,,,,,,,
126500 ,,<!Lbegin_scene_change>,7,33,,,,,,,,,,,,,,,,"When Komako leaves, I'm left alone."
126600 ,,,,,,,,,,,,,,,,,,,,''Komako-chan's onanii pose from earlier keeps popping into my head. I keep replaying it over and over in my mind.''
126700 ,,,,,,,,,,,,,,,,,,,,"Since no other sounds are heard, even the cute panting can be perfectly replicated. This makes jerking off go smoothly."
126800 ,,,,,,,ålŒö,ƒ–¼„,,,,,,,,,,,,Uhh... phew...
126900 ,,,,,,,,,,,,,,,,,,,,"It's the who-knows-how-many-th-time ejaculation, and I'm dealing with it using a tissue."
127000 ,,,,,,,,,,,,,,,,,,,,"I started feeling pain in my cock from being overused, yet my erection power doesn't wane."
127100 ,,,,,,,ålŒö,ƒ–¼„,,,,,,,,,,,,I never thought I'd get to watch a live scene of such a beautiful girl masturbating.
127200 ,,,,,,,,,,,,,,,,,,,,"Oh, my son's making a racket again. He's urging me to hurry up."
127300 ,,,,,,,,,,,,,,,,,,,,"When I tried to comfort my stiffened cock, I noticed my smartphone was flashing."
127400 ,,,,,9000020,,,,,,,,,,,,,,,"At this time of night, the only acquaintance who would contact me is that kid. I wiped my sticky hands clean before launching the LINE app."
127600 ,,,,,9000010,,“[‰Ô,“[‰Ô,,,,,,,,,,,,"Just now, they were doing a special on idols on TV! I got so excited!"
127700 ,,,,,9000010,,,,,,,,,,,,,,,"After the text, there was a stamp that I had given attached. He must have wanted to convey this excitement so much."
127800 ,,,,,9000010,,“[‰Ô,“[‰Ô,,,,,,,,,,,,"After all, real idols are amazing. They're so dazzling."
127900 ,,,,,9000010,,ålŒö,ƒ–¼„,,,,,,,,,,,,"Even Amanohana is sparkling, you know?"
128000 ,,,,,9000010,,“[‰Ô,“[‰Ô,,,,,,,,,,,,Really? That makes me so happy!
128100 ,,,,,9000010,,,,,,,,,,,,,,,A stamp with a bashful smile was attached. I imagined Amari-chan with a bashful smile in my mind. She was so cute that I couldn't hold back and did it again.
128200 ,,,,,9000010,,“[‰Ô,“[‰Ô,,,,,,,,,,,,I want to become an idol...
128300 ,,,,,9000010,,,,,,,,,,,,,,,"As usual, Tenka-chan murmurs. She murmurs like this once every day."
128400 ,,,,,9000010,,,,,,,,,,,,,,,That's probably because Amakachan's desire to become an idol is so strong.
128500 ,,,,,9000010,,,,,,,,,,,,,,,"I'd like to make it happen somehow, but there are things I can do and things I can't, you know..."
128600 ,,,,,9000010,,ålŒö,ƒ–¼„,,,,,,,,,,,,......
128700 ,,,,,9000010,,,,,,,,,,,,,,,"Maybe... there's something that can be done, isn't there?"
128800 ,,,,,9000010,,ålŒö,ƒ–¼„,,,,,,,,,,,,"Then, idol, let's try it?"
128900 ,,,,,9000010,,“[‰Ô,“[‰Ô,,,,,,,,,,,,What's going on?
129000 ,,,,,9000010,,ålŒö,ƒ–¼„,,,,,,,,,,,,Let's try being an idol at Uncle's candy shop!
129100 ,,,,,9000010,,“[‰Ô,“[‰Ô,,,,,,,,,,,,At Uncle's store? Is that an idol?
129200 ,,,,,9000010,,ålŒö,ƒ–¼„,,,,,,,,,,,,"See, it's like a local idol kind of thing."
129300 ,,,,,9000010,,“[‰Ô,“[‰Ô,,,,,,,,,,,,"Local idol, huh?"
129400 ,,,,,9000010,,,,,,,,,,,,,,,"Hmm, a stamp that looks like it was sent after some deliberation came through. It seems like the reaction isn't great."
129500 ,,,,,9000010,,,,,,,,,,,,,,,"That's probably right. When Amakagiri-chan talks about idols, she probably means people who are active on TV."
129600 ,,,,,9000010,,,,,,,,,,,,,,,"Maybe you're not interested in an idol from such a remote, deserted candy shop in the countryside."
129700 ,,,,,9000010,,“[‰Ô,“[‰Ô,,,,,,,,,,,,That sounds interesting!
129800 ,,,,,9000010,,,,,,,,,,,,,,,"Oh, you seem surprisingly eager. If it's under the pretense of idol activities, maybe you'd try anything."
129900 ,,,,,9000010,,“[‰Ô,“[‰Ô,,,,,,,,,,,,"But, it's embarrassing to be alone..."
130000 ,,,,,9000010,,,,,,,,,,,,,,,The stamp of shame.
130100 ,,,,,9000010,,ålŒö,ƒ–¼„,,,,,,,,,,,,You have to keep your stage courage up even in places like this.
130200 ,,,,,9000010,,“[‰Ô,“[‰Ô,,,,,,,,,,,,"Yeah, but..."
130300 ,,,,,9000010,,,,,,,,,,,,,,,"Also, the stamp for ''embarrassing.''"
130400 ,,,,,9000010,,,,,,,,,,,,,,,"Even if there's a dream of becoming an idol, is it okay to be embarrassed about what's embarrassing?"
130500 ,,,,,9000010,,“[‰Ô,“[‰Ô,,,,,,,,,,,,"Idols are supposed to do things in a group, right?"
130600 ,,,,,9000010,,,,,,,,,,,,,,,"Saying that, Tenka-chan brought up the names of groups like KGB48 and Ikemengu Group, emphasizing their importance."
130700 ,,,,,9000010,,“[‰Ô,“[‰Ô,,,,,,,,,,,,"Right? Idols can't do without being in a group, can they?"
130800 ,,,,,9000010,,,,,,,,,,,,,,,"Well, if it's put that way, I might actually think that's the case."
130900 ,,,,,9000010,,ålŒö,ƒ–¼„,,,,,,,,,,,,"If that's the case, why don't you invite Chi-chan or Komako-chan?"
131000 ,,,,,9000010,,,,,,,,,,,,,,,Just a trio of idol girls... even thinking about them makes my groin feel hot.
131100 ,,,,,9000010,,,,,,,,,,,,,,,"What kind of outfit should I wear to look the cutest? No, no, everyone looks good in any outfit, don't they?"
131200 ,,,,,9000010,,,,,,,,,,,,,,,Imagine the figure of a beautiful young girl dressed in an idol outfit and immerse yourself in a happy mood.
131300 ,,,,,9000010,,“[‰Ô,“[‰Ô,,,,,,,,,,,,"Ah, maybe that's good."
131400 ,,,,,9000010,,“[‰Ô,“[‰Ô,,,,,,,,,,,,Does Chii or Komako have any interest in idols?
131500 ,,,,,9000010,,,,,,,,,,,,,,,"At times like these, Tenka-chan always hesitates. She probably can't bring herself to invite someone directly."
131600 ,,,,,9000010,,ålŒö,ƒ–¼„,,,,,,,,,,,,I think they'll do it if it's with Tenka-chan.
131700 ,,,,,9000010,,“[‰Ô,“[‰Ô,,,,,,,,,,,,I see... Hmm...
131800 ,,,,,9000010,,,,,,,,,,,,,,,"Hmm, a stamp that looks like it was made after some deliberation."
131900 ,,,,,9000010,,ålŒö,ƒ–¼„,,,,,,,,,,,,"Think about it overnight. If you really think you can handle it alone, then Uncle would be more than welcome."
132000 ,,,,,9000010,,,,,,,,,,,,,,,"It might be too much to push someone too hard, so I think we should wrap up the conversation here."
132100 ,,,,,9000010,,,,,,,,,,,,,,,"If you play LIME too much, maybe Sweet Flower will get scolded by her mom."
132200 ,,,,,9000010,,“[‰Ô,“[‰Ô,,,,,,,,,,,,"Yeah, let's try that."
132300 ,,,,,9000010,,“[‰Ô,“[‰Ô,,,,,,,,,,,,"Uncle, thank you. Good night."
132400 ,,,,,9000010,,ålŒö,ƒ–¼„,,,,,,,,,,,,Good night.
132500 ,,,,,9000010,,,,,,,,,,,,,,,"Finally, I received a ''good night'' stamp from Tenka-chan."
132600 ,,,,,,,,,,,,,,,,,,,,Doing this exchange every night makes me feel like we're a couple.
132700 ,,,,,,,ålŒö,ƒ–¼„,,,,,,,,,,,,Is it a couple...
132800 ,,,,,,,,,,,,,,,,,,,,I went back through my history and read through the exchanges under the assumption that I actually had a romantic relationship with Tenka-chan.
132900 ,,,,,,,,,,,,,,,,,,,,"Since it's our first time meeting each other, we start off exchanging words while feeling nervous, but as days go by, we gradually open up to each other...."
133000 ,,,,,,,,,,,,,,,,,,,,"Oh, what bliss!"
133100 ,,,,,,,,,,,,,,,,,,,,"Tonight's masturbation was thoroughly taken care of, so let's sleep wrapped in this happy mood..."
133200 ,,<!Lend_night>,0,9000,,,,,,,,,,,,,,,,
133400 ,@015_CB09,,,,,,,,,,,,,,,,,,,
133700 ,,<hide><!se_inaka_semi>,,,,,,,,,,,,,,,,,,
133800 ,,<!Lbegin_day_change>,5,11,,,çŒb,çŒb,015_CB09_c_000.wav,,,,"chie,privateB",,5,,,,",'Wow, it's hot, huh?'"
133900 ,,,,,,,,,,,,,chie,,5,,,,,"While cleaning the storefront, Chi-chan wiped the sweat off."
134000 ,,,,,,,çŒb,çŒb,015_CB09_c_001.wav,,,,chie,,5,,,,,I feel like I want to eat some ice cream now.
134100 ,,,,,,,ƒRƒ}ƒR,ƒRƒ}ƒR,015_CB09_k_000.wav,"komako,privateC",,23,chie,,5,,,,",'Chii-chan, you don't have any pocket money left, do you?'"
134200 ,,,,,,,çŒb,çŒb,015_CB09_c_002.wav,komako,,23,chie,,25,,,,,"Yeah, but... ice cream is expensive! Can't it get a little cheaper?"
134300 ,,,,,,,ålŒö,ƒ–¼„,,komako,,23,chie,,25,,,,,Even an old man like me can't do that.
134400 ,,<se_stop id=""1"" fadeout=""8000"">,,,,,,,,komako,,23,chie,,25,,,,,"Even if ice cream is cheap, it costs more than 60 yen, you know? It's a luxury item for Chi-chan and the others."
134500 ,,,,,,,“[‰Ô,“[‰Ô,015_CB09_t_000.wav,,,,,,,"tenka,privateC",,34,",......"
134600 ,,,,,,,,,,,,,,,,tenka,,34,,"While listening to our conversation, Amanohana is sitting on the bench in silence."
134700 ,,,,,,,,,,,,,,,,tenka,,34,,"Probably, you're thinking about the local idol I mentioned to you via LINE yesterday."
134800 ,,,,,,,,,,,,,,,,tenka,,34,,"That evidence, every time he would open his mouth to call out to Chi-chan or Komako-chan, he would lose his courage and close it again... and repeat that."
134900 ,,,,,,,çŒb,çŒb,015_CB09_c_003.wav,,,,chie,,3,tenka,,34,,"Amachan, you don't seem to be feeling well today."
135000 ,,,,,,,“[‰Ô,“[‰Ô,015_CB09_t_001.wav,,,,chie,,3,tenka,,23,,"Huh, really? It's just as usual."
135100 ,,,,,,,ƒRƒ}ƒR,ƒRƒ}ƒR,015_CB09_k_001.wav,komako,,20,,,,tenka,,23,,It's usually much noisier.
135200 ,,,,,,,“[‰Ô,“[‰Ô,015_CB09_t_002.wav,komako,,20,,,,tenka,,10,,You're not making any noise at all!
135300 ,,,,,,,çŒb,çŒb,015_CB09_c_004.wav,komako,,20,chie,,1,tenka,,10,,"That's right! It's just full of energy, isn't it!"
135400 ,,,,,,,“[‰Ô,“[‰Ô,015_CB09_t_003.wav,komako,,20,chie,,1,tenka,,30,,"Well, I'm just doing things normally, you know?"
135500 ,,,,,,,,,,,,,,,,,,,,"Tsuun, and Tohoka-chan turns away. Somehow, it feels like Chi-chan protected Tohoka-chan, which made Komako-chan's mood worse."
135600 ,,,,,,,,,,,,,,,,,,,,"Looking at it again, Komako-chan seems really attached to Chi-chan."
135700 ,,,,,,,,,,,,,,,,,,,,"Always try to stay next to chi-chan. Even when you absolutely have to leave, you keep glancing at chi-chan's condition and don't try to go too far away."
135800 ,,,,,,,,,,,,,,,,,,,,"When you think about Chii-chan like that, is your pussy getting all wet and slippery, huh?"
135900 ,,,,,,,ålŒö,ƒ–¼„,,,,,,,,,,,,......that's bad
136000 ,,,,,,,“[‰Ô,“[‰Ô,015_CB09_t_004.wav,,,,,,,tenka,,4,,Hmm? Where are you going?
136100 ,,,,,,,ålŒö,ƒ–¼„,,,,,,,,tenka,,4,,"I'm going to the bathroom. Chichan, can I ask you to watch the store?"
136200 ,,,,,,,çŒb,çŒb,015_CB09_c_005.wav,,,,chie,,1,,,,,Leave it to me!
136300 ,,,,,,,ƒRƒ}ƒR,ƒRƒ}ƒR,015_CB09_k_002.wav,komako,,0,,,,,,,,I think no one will come.
136400 ,,,,,,,ålŒö,ƒ–¼„,,komako,,0,,,,,,,,Don't say sad things...
136500 ,,,,,,,,,,,,,,,,,,,,"Maybe no one will come, though."
136700 ,,<!move_middle_r>,,51,,,,,,,,,,,,,,,,I rushed to the restroom after entrusting the shop to three beautiful girls. I couldn't help but think of Komako-chan's masturbation scene.
136800 ,,,,,,,,,,,,,,,,,,,,"Just thinking about the soaked-through panties of a beautiful young girl makes my penis transform into a raging, mighty spear."
136900 ,,,,,,,ålŒö,ƒ–¼„,,,,,,,,,,,,Just a little bit...... I can't be away for long...
137000 ,,,,,,,,,,,,,,,,,,,,"While thinking that, masturbation in the toilet didn't end until I ejaculated more than ten times."
137200 ,,<!timepass_short>,6,21,,,“[‰Ô,“[‰Ô,015_CB09_t_005.wav,komako,,23,chie,,23,tenka,,32,,"Ah, you finally made it back!"
137300 ,,,,,,,ålŒö,ƒ–¼„,,komako,,23,chie,,23,tenka,,32,,"Everyone, thank you. Did someone come in as a guest?"
137400 ,,,,,,,çŒb,çŒb,015_CB09_c_006.wav,komako,,23,chie,,1,tenka,,32,,"Nobody came, did they? We were just chatting among the three of us the whole time."
137500 ,,,,,,,ålŒö,ƒ–¼„,,komako,,23,chie,,1,tenka,,32,,"Oh, what were you talking about?"
137600 ,,,,,,,ƒRƒ}ƒR,ƒRƒ}ƒR,015_CB09_k_003.wav,komako,,0,chie,,1,tenka,,32,,Summer vacation homework. The question is how far you've gotten.
137700 ,,,,,,,ålŒö,ƒ–¼„,,komako,,0,chie,,1,tenka,,32,,"Homework, huh... Everyone's been playing here all day, but are you making progress?"
137800 ,,,,,,,“[‰Ô,“[‰Ô,015_CB09_t_006.wav,komako,,0,chie,,1,tenka,,7,,"I'm doing it little by little. If I don't do my homework, my mom will take away my smartphone."
137900 ,,,,,,,ƒRƒ}ƒR,ƒRƒ}ƒR,015_CB09_k_004.wav,komako,,21,chie,,1,tenka,,7,,It's going according to plan.
138000 ,,,,,,,çŒb,çŒb,015_CB09_c_006a.wav,komako,,21,chie,,21,tenka,,7,,"Chii-chan, you're not doing anything at all!"
138100 ,,,,,,,ålŒö,ƒ–¼„,,komako,,21,chie,,21,tenka,,7,,You don't need to report cheerfully...
138200 ,,,,,,,ƒRƒ}ƒR,ƒRƒ}ƒR,015_CB09_k_005.wav,komako,,0,chie,,21,tenka,,7,,Chi-chan does everything at once when summer vacation is about to end.
138300 ,,,,,,,“[‰Ô,“[‰Ô,015_CB09_t_007.wav,komako,,0,chie,,21,tenka,,37,,Are you just copying the answer word for word?
138400 ,,,,,,,çŒb,çŒb,015_CB09_c_007.wav,komako,,0,chie,,33,tenka,,37,,"Shishishi, shite nai yo! Honto da yo!"
138500 ,,,,,,,ålŒö,ƒ–¼„,,komako,,0,chie,,33,tenka,,37,,"You're doing it, huh?"
138600 ,,,,,,,çŒb,çŒb,015_CB09_c_008.wav,komako,,0,chie,,33,tenka,,37,,...I'm sorry...
138700 ,,,,,,,ƒRƒ}ƒR,ƒRƒ}ƒR,015_CB09_k_006.wav,komako,,21,chie,,33,tenka,,37,,"Want to do your homework together? If you do it with someone, you'll probably finish it quickly."
138800 ,,,,,,,“[‰Ô,“[‰Ô,015_CB09_t_008.wav,komako,,21,chie,,33,tenka,,16,,"Study session? If you really insist, I can participate too..."
138900 ,,,,,,,çŒb,çŒb,015_CB09_c_009.wav,komako,,21,chie,,1,tenka,,16,,"Okay, decided! When are we doing it?"
139000 ,,,,,,,,,,,,,,,,,,,,"Everyone started chatting excitedly. When it came to talking about homework, I couldn't cut in at all... it felt a little lonely."
139100 ,,,,,,,,,,,,,,,,,,,,"I glance at Tenka-chan. With this flow, maybe I can't bring up the topic of local idols..."
139200 ,,,,,,,,,,,,,,,,,,,,"Maybe we should give a little help. It might seem sweet, but spoiling a pretty girl is only natural."
139300 ,,,,,,,ålŒö,ƒ–¼„,,,,,,,,,,,,"Hey, do you have a free research assignment for the summer vacation too?"
139400 ,,,,,,,çŒb,çŒb,015_CB09_c_010.wav,,,,chie,,0,,,,,Yeah! I haven't even thought about what to do yet.
139500 ,,,,,,,“[‰Ô,“[‰Ô,015_CB09_t_009.wav,,,,chie,,0,tenka,,3,,I haven't decided yet either. I should decide soon.
139600 ,,,,,,,ƒRƒ}ƒR,ƒRƒ}ƒR,015_CB09_k_007.wav,komako,,3,chie,,0,tenka,,3,,Do you have any good ideas for a topic?
139700 ,,,,,,,ålŒö,ƒ–¼„,,komako,,3,chie,,0,tenka,,3,,"How about this suggestion from Uncle: Since Chii-chan is already working part-time, why not use her work experience as the topic?"
139800 ,,,,,,,çŒb,çŒb,015_CB09_c_011.wav,komako,,3,chie,,21,tenka,,3,,That's great! It looks so much fun!
139900 ,,,,,,,“[‰Ô,“[‰Ô,015_CB09_t_010.wav,komako,,3,chie,,21,tenka,,29,,"But you can't write anything except for ''chiis,'' right? Can't we also work part-time?"
140000 ,,,,,,,ålŒö,ƒ–¼„,,komako,,3,chie,,21,tenka,,29,,"That might be okay too, but since you're at it, wouldn't a more feminine career be better?"
140100 ,,,,,,,ƒRƒ}ƒR,ƒRƒ}ƒR,015_CB09_k_008.wav,komako,,23,,,,,,,,"So, what would be good?"
140200 ,,,,,,,ålŒö,ƒ–¼„,,komako,,23,,,,,,,,"Well, since there are as many as three girls here, how about making them ''idols'' or something?"
140300 ,,,,,,,çŒb,çŒb,015_CB09_c_012.wav,komako,,23,chie,,1,,,,,Idol!? Sounds fun!
140400 ,,,,,,,ålŒö,ƒ–¼„,,komako,,23,chie,,1,,,,,"Right? Since you're going to do a work experience anyway, I think it's good to experience idol as a big dream job too."
140500 ,,,,,,,ålŒö,ƒ–¼„,,komako,,23,chie,,1,,,,,"Well, these days, even regional idols are popular. Maybe an old man's candy shop idol isn't a bad idea either..."
140600 ,,,,,,,“[‰Ô,“[‰Ô,015_CB09_t_011.wav,,,,,,,tenka,,16,,"Hmm, I see. Maybe that's okay too..."
140700 ,,,,,,,,,,,,,,,,tenka,,16,,"Well, I mean, Amana-chan acts all grown-up, but her emotions just spill out of her body so easily, don't they?"
140800 ,,,,,,,,,,,,,,,,tenka,,16,,"She seems to be reluctantly saying ''reluctantly...'' but her body is fidgeting with excitement, unable to hide her happiness."
140900 ,,,,,,,,,,,,,,,,tenka,,16,,It's a cute kid.
141000 ,,,,,,,ålŒö,ƒ–¼„,,,,,,,,tenka,,16,,How about Komako-chan? Want to try being an idol?
141100 ,,,,,,,ƒRƒ}ƒR,ƒRƒ}ƒR,015_CB09_k_009.wav,komako,,33,,,,,,,,"...if Chii-chan is doing it, then I'll do it too."
141200 ,,,,,,,,,,komako,,33,,,,,,,,Komako-chan doesn't seem very interested. She doesn't seem to want to be an idol so much as just want to play with Chi-chan.
141300 ,,,,,,,çŒb,çŒb,015_CB09_c_013.wav,,,,chie,,1,,,,,"Okay, let's form a group of three! All three of us together... uh, er..."
141400 ,,,,,,,ålŒö,ƒ–¼„,,,,,chie,,1,,,,,"Oh, right. We need to decide on a group name right away."
141500 ,,,,,,,çŒb,çŒb,015_CB09_c_014.wav,,,,chie,,0,,,,,What should we do? ''Butashiya Princess'' it is?
141600 ,,,,,,,“[‰Ô,“[‰Ô,015_CB09_t_012.wav,,,,chie,,0,tenka,,10,,"No way! That's just ripped off from an anime, and it's so childish. You gotta come up with something more fitting!"
141700 ,,,,,,,çŒb,çŒb,015_CB09_c_015.wav,,,,chie,,25,tenka,,10,,"Huh, is it really that bad..."
141800 ,,,,,,,ƒRƒ}ƒR,ƒRƒ}ƒR,015_CB09_k_010.wav,komako,,20,chie,,25,tenka,,10,,I think that ''Dagashiya Princess'' is also good.
141900 ,,,,,,,“[‰Ô,“[‰Ô,015_CB09_t_013.wav,komako,,20,chie,,25,tenka,,10,,No! That's no good! That's no good at all!
142000 ,,,,,,,“[‰Ô,“[‰Ô,015_CB09_t_014.wav,komako,,20,chie,,25,tenka,,38,,"When it comes to the name of an idol group, it should be something easier to remember, but also catchy..."
142100 ,,,,,,,çŒb,çŒb,015_CB09_c_016.wav,komako,,20,chie,,3,tenka,,38,,"What's 'kyatchi,'?"
142200 ,,,,,,,ƒRƒ}ƒR,ƒRƒ}ƒR,015_CB09_k_011.wav,komako,,23,chie,,3,tenka,,38,,"Something like ''easy to remember'' or ''impressive,'' that kind of thing."
142300 ,,,,,,,“[‰Ô,“[‰Ô,015_CB09_t_015.wav,komako,,23,chie,,3,tenka,,1,,"That's the way it is! And besides, it has to have a cute name!"
142400 ,,,,,,,,,,komako,,23,chie,,3,tenka,,1,,"As soon as the decision to form an idol group was made, Tenka-chan's energy level went up."
142500 ,,,,,,,,,,komako,,23,chie,,3,tenka,,1,,"I guess today was the day you really wanted to talk about this. After all, offering help was the right choice."
142600 ,,,,,,,çŒb,çŒb,015_CB09_c_017.wav,komako,,23,chie,,34,tenka,,1,,"Oh, that's a cute name... Hmm, that's tough."
142700 ,,,,,,,ƒRƒ}ƒR,ƒRƒ}ƒR,015_CB09_k_012.wav,komako,,20,chie,,34,tenka,,1,,"Chii-chan, since we're at it, let's think about it a little more? I'll do my best too!"
142800 ,,,,,,,“[‰Ô,“[‰Ô,015_CB09_t_016.wav,komako,,20,chie,,34,tenka,,20,,"Right, the last one wasn't good, but if we all think together, we'll definitely come up with a great group name!"
142900 ,,,,,,,,,,,,,,,,,,,,"Right away, the three of them sat in a circle and started their meeting. As for Chi-chan, she seems to have even forgotten about her part-time job."
143000 ,,,,,,,,,,,,,,,,,,,,Looks like fun. Maybe I can somehow join the circle of beautiful girls.
143100 ,,,,,,,ålŒö,ƒ–¼„,,,,,,,,,,,,"Uncle, I came up with a name like this..."
143200 ,,,,,,,“[‰Ô,“[‰Ô,015_CB09_t_017.wav,,,,,,,"tenkaL,privateC",,10,",'Uncle's no good! The group name is decided by us! Chii, Komako, let's have our first meeting in the room now!'"
143300 ,,,,,,,çŒb,çŒb,015_CB09_c_018.wav,komako,,20,chie,,20,,,,,"Hey, can I join the meeting?"
143400 ,,,,,,,ƒRƒ}ƒR,ƒRƒ}ƒR,015_CB09_k_013.wav,komako,,20,chie,,20,tenka,,10,,"If it's no good, that's okay?"
143500 ,,,,,,,ålŒö,ƒ–¼„,,komako,,20,,,,chie,,20,,"Ah..., it's fine, it's fine. It's summer vacation homework, right? Uncle, I'm on the store shift today."
143600 ,,,,,,,“[‰Ô,“[‰Ô,015_CB09_t_018.wav,komako,,20,tenka,,1,chie,,20,,"Alright, let's do our best at the first meeting!"
144000 ,,,,,,,çŒb—“[‰Ô,çŒb•“[‰Ô,015_CB09_c_019.wav—015_CB09_t_019.wav,,,,chie,,1,tenka,,1,,Oh\!
144100 ,,,,,,,,,,,,,,,,,,,,Amachan and Chii-chan enter the sitting room with an air of ownership.
144200 ,,,,,,,,,,,,,,,,,,,,Komako-chan also follows after that.
144300 ,,,,,,,ƒRƒ}ƒR,ƒRƒ}ƒR,015_CB09_k_014.wav,"komakoL,privateC",,20,,,,,,,",Sorry?"
144400 ,,,,,,,ålŒö,ƒ–¼„,,komako,,20,,,,,,,,Thank you.... I feel a little more energetic thanks to Komako-chan's kindness.
144500 ,,,,,,,,,,komako,,20,,,,,,,,"Right away, voices of Tenka-chan and Chi-chan can be heard from the inner room."
144600 ,,,,,,,‚¨‚Î‚ ‚³‚ñ,‚¨‚Î‚ ‚³‚ñ,,,,,,,,,,,,May I come in? / Excuse me for entering / Is it okay if I come in?
144700 ,,,,,,,ålŒö,ƒ–¼„,,,,,,,,,,,,"Welcome! (or ''Ah, welcome!'')"
144800 ,,,,,,,“[‰Ô,“[‰Ô,015_CB09_t_020.wav,,,,,,,,,,,"So, just stop trying to come up with a name like ''Ranger'' already!"
144900 ,,,,,,,çŒb,çŒb,015_CB09_c_020.wav,,,,,,,,,,,"I think it's catchy, though..."
145000 ,,,,,,,‚¨‚Î‚ ‚³‚ñ,‚¨‚Î‚ ‚³‚ñ,,,,,,,,,,,,I can hear a lively voice coming through. Just hearing the voice gives me energy.
145100 ,,,,,,,ålŒö,ƒ–¼„,,,,,,,,,,,,"Well, that's right. Hahaha..."
145200 ,,,,,,,,,,,,,,,,,,,,I would continue working at the store with a wry smile.
145500 ,,<!timepass_middle>,7,,,,,,,,,,,,,,,,,"Today, since not many people come, when the customer flow stops, I can't help but eavesdrop on the meetings of the beautiful girls."
145600 ,,,,,,,,,,,,,,,,,,,,"I glanced in and saw that the three of them were facing each other, looking quite heated."
145800 ,,<s_fade time=""800"" type=""wipe"" param=""dir=right&width=500"">,,31,,,“[‰Ô,“[‰Ô,015_CB09_t_021.wav,,,,chie,,21,tenka,,32,,...chii? Maybe you don't have a good sense of naming?
145900 ,,,,,,,çŒb,çŒb,015_CB09_c_021.wav,,,,chie,,5,tenka,,32,,"Oh~! Tenka-chan, that's mean!"
146000 ,,,,,,,“[‰Ô,“[‰Ô,015_CB09_t_022.wav,,,,chie,,5,tenka,,10,,"If that's the case, can't you just stop trying to name the group after the name of a snack?"
146100 ,,,,,,,çŒb,çŒb,015_CB09_c_022.wav,,,,chie,,38,tenka,,10,,"'Since I'm an idol from a candy shop, maybe it's better to have a name that's the name of a candy...'"
146200 ,,,,,,,ƒRƒ}ƒR,ƒRƒ}ƒR,015_CB09_k_015.wav,komako,,20,chie,,38,tenka,,10,,"Chii-chan, you like your favorite sweets, but there are also cute-named sweets, right? Like apricot... or something?"
146300 ,,,,,,,çŒb,çŒb,015_CB09_c_023.wav,komako,,20,chie,,23,tenka,,10,,"Apricot? Chee-chan, I don't know that..."
146400 ,,,,,,,ƒRƒ}ƒR,ƒRƒ}ƒR,015_CB09_k_016.wav,komako,,21,chie,,23,tenka,,10,,It's about Anzu.
146500 ,,,,,,,“[‰Ô,“[‰Ô,015_CB09_t_023.wav,komako,,21,chie,,23,tenka,,1,,"Oh, that might be good!"
146800 ,,,,,,,,,,,,,,,,,,,,"Tenka-chan is thinking about becoming an idol someday, so maybe she's also coming up with her own group name, isn't she?"
146900 ,,,,,,,,,,,,,,,,,,,,"I want to debut with a name like that, I'm sure."
147000 ,,,,,,,,,,,,,,,,,,,,"Is it because you want to keep it as a surprise until your debut, or is it just that you can't bring yourself to say it?"
147100 ,,,,,,,,,,,,,,,,,,,,"Probably, it's the latter, huh?"
147200 ,,<!timepass_short>,,,,,çŒb,çŒb,015_CB09_c_024.wav,,,,chie,,10,,,,,U~n... already! I'm so tired~!!
147300 ,,,,,,,,,,,,,,,,,,,,"With a *thud*, Chi-chan flops onto their back in a big star shape. Amacha-chan and Komako-chan also look exhausted as they readjust themselves on the zafu."
147400 ,,,,,,,ƒRƒ}ƒR,ƒRƒ}ƒR,015_CB09_k_017.wav,komako,,20,,,,,,,,Let me take a quick break. It's getting hot...
147500 ,,,,,,,“[‰Ô,“[‰Ô,015_CB09_t_024.wav,komako,,20,,,,tenka,,12,,"I thought it would be decided more easily, but it's not getting decided anytime soon."
147600 ,,,,,,,çŒb,çŒb,015_CB09_c_025.wav,,,,chie,,5,,,,,"Ugh~, it's hot~. At times like this..."
147700 ,,,,,,,,,,,,,,,,,,,,Chi-chan suddenly sat up and stood in front of the fan.
147800 ,,,,,,,,,,,,,,,,,,,,She grabbed the hem of her skirt and started fluttering it.
147900 ,,,,,,,ålŒö,ƒ–¼„,,,,,,,,,,,,Uh... ohhh...!
148000 ,,,,,,,çŒb,çŒb,015_CB09_c_026.wav,,,,chie,,1,,,,,''Haaaaaaaa
148400 ,,,,,,,ƒRƒ}ƒR,ƒRƒ}ƒR,015_CB09_k_018.wav,komako,,21,,,,,,,,"Hmm, I'll do it..."
148500 ,,,,,,,,,,komako,,21,,,,,,,,"While I'm standing there flustered, Komako-chan also stood in front of the fan."
148700 ,,<!scene_h_begin>,13,,4190000,,,,,,,,,,,,,,,
148800 ,*mem,,,,4190000,,,,,,,,,,,,,,,
148900 ,,,13,,4190000,,ƒRƒ}ƒR,ƒRƒ}ƒR,015_CB09_k_019.wav,,,,komako,,0,,,,,"...Chii-chan, it feels cool and nice, doesn't it?"
149000 ,,,,,4190000,,,,,,,,,,,,,,,The fan's wind and the movements of Chi-chan's and Komako-chan's hands made it so that not only the panties but also the cute belly button was visible.
149100 ,,,,,4190000,,,,,,,,,,,,,,,"Smartphone... where is my smartphone!? Hurriedly searching my pocket, I launched the silent camera app and aimed it."
149200 ,,,,,4190000,,,,,,,,,,,,,,,"Make sure no one is looking this way. Check the inside of the store first, then press the shutter button continuously."
149300 ,,,,,4190000,,,,,,,,,,,,,,,"Oh oh... everyone, you're not being careful enough. What if some pervert sees us here? We'll get attacked!"
149400 ,,,,,4190000,,,,,,,,,,,,,,,"Fortunately, I'm a gentleman among perverts, so I wouldn't immediately attack in a rude manner."
149500 ,,,,,4190000,,,,,,,,,,,,,,,"To capture this fleeting moment as if it lasts forever, just take a photo from afar."
149600 ,,,,,4190000,,“[‰Ô,“[‰Ô,015_CB09_t_025.wav,,,,tenka,,0,,,,,"Hey, wait! What are you guys doing?! Your underwear is showing!"
149700 ,,,,,4190000,,çŒb,çŒb,015_CB09_c_027.wav,,,,chie,,0,,,,,"Nobody's watching, you know. This one is super cool, though."
149800 ,,,,,4190000,,çŒb,çŒb,015_CB09_c_028.wav,,,,chie,,0,,,,,Is the wind a bit weak? Go all out and make it as strong as possible!
149900 ,,,,,4190000,,,,,,,,,,,,,,,"The fan button is pressed with a *pock*\the wind suddenly grows strong, and the skirts of the beautiful girls flutter and dance in the breeze."
150000 ,,,,,4190000,,ƒRƒ}ƒR,ƒRƒ}ƒR,015_CB09_k_020.wav,,,,komako,,0,,,,,"Oh, you're panting so hard... Chii-chan, your belly button is fully exposed!"
150100 ,,,,,4190000,,çŒb,çŒb,015_CB09_c_029.wav,,,,chie,,0,,,,,"Hahahaha! My skirt is flapping around, and it's a little ticklish!"
150200 ,,,,,4190000,,,,,,,,,,,,,,,"It seems like Chi-chan and Komako-chan are getting cooler, but my crotch is getting hot and unbearable."
150300 ,,,,,4190000,,,,,,,,,,,,,,,Continuing to shoot while occasionally letting the wind blow in to cool me down.
150400 ,,,,,4190000,,çŒb,çŒb,015_CB09_c_030.wav,,,,chie,,0,,,,,Hasn't tenka-chan done it before?
150500 ,,,,,4190000,,“[‰Ô,“[‰Ô,015_CB09_t_026.wav,,,,tenka,,0,,,,,I've never done that! I've never even used a fan... and my panties would be fully exposed!
150600 ,,,,,4190000,,çŒb,çŒb,015_CB09_c_031.wav,,,,chie,,0,,,,,"Oh, I don't think you need to worry about it. When there are boys around, even the Chi-chan girls don't do it, you know? But right now, it's just girls."
150700 ,,,,,4190000,,,,,,,,,,,,,,,"That's right, you don't have to worry. Uncle is just air. He's not a man."
150800 ,,,,,4190000,,“[‰Ô,“[‰Ô,015_CB09_t_027.wav,,,,tenka,,0,,,,,"It's easy to say, but I don't think people usually do that kind of thing..."
150900 ,,,,,4190000,,,,,,,,,,,,,,,Tenka-chan seems to have quite a resistance to showing her panties.
151000 ,,,,,4190000,,,,,,,,,,,,,,,"Since she's aiming to be an idol, she must be sensitive about things like flashy panties."
151100 ,,,,,4190000,,ƒRƒ}ƒR,ƒRƒ}ƒR,015_CB09_k_021.wav,,,,komako,,0,,,,,The girls at school are all doing it.
151200 ,,,,,4190000,,çŒb,çŒb,015_CB09_c_032.wav,,,,chie,,0,,,,,"Yeah, yeah. When we all stayed at Komachan's house, we all took a bath together after that, right?"
151300 ,,,,,4190000,,çŒb,çŒb,015_CB09_c_033.wav,,,,chie,,0,,,,,"Inside the skirt, it feels all sweaty and stuff. What about you, Amanohana?"
151400 ,,,,,4190000,,“[‰Ô,“[‰Ô,015_CB09_t_028.wav,,,,tenka,,0,,,,,Well... I kinda think that...
151500 ,,,,,4190000,,“[‰Ô,“[‰Ô,015_CB09_t_029.wav,,,,tenka,,0,,,,,"...well, just a little..."
151600 ,,,,,4190000,,,,,,,,,,,,,,,"After giving in to the two of them, Tenka-chan also joined the group."
151700 ,,,,,4190000,,,,,,,,,,,,,,,"Chee-chan, Komako-chan, good job! After all, the three of you are good friends, so you should eat a pancake together!"
151900 ,,,,,4190010,,“[‰Ô,“[‰Ô,015_CB09_t_030.wav,,,,tenka,,0,,,,,Ahh... it feels good...
152000 ,,,,,4190010,,çŒb,çŒb,015_CB09_c_034.wav,,,,chie,,0,,,,,"Right? You know, swishing your skirt around is fun!"
152100 ,,,,,4190010,,“[‰Ô,“[‰Ô,015_CB09_t_031.wav,,,,tenka,,0,,,,,"Well... if you do that, your stomach will show through, won't it?"
152200 ,,,,,4190010,,ƒRƒ}ƒR,ƒRƒ}ƒR,015_CB09_k_022.wav,,,,komako,,0,,,,,But it's really cool.
152300 ,,,,,4190010,,“[‰Ô,“[‰Ô,015_CB09_t_032.wav,,,,tenka,,0,,,,,"Well, I get it... hey, hey! Don't flip up my skirt!"
152400 ,,,,,4190010,,çŒb,çŒb,015_CB09_c_035.wav,,,,chie,,0,,,,,Hahaha! Your face is turning bright red~!
152500 ,,,,,4190010,,,,,,,,,,,,,,,"The hem of Tenka-chan's skirt, which had been raised modestly, was vigorously rustled by chi-chan."
152600 ,,,,,4190010,,,,,,,,,,,,,,,"Got it! Here's the translation:  ''Panmoro and a peek at the belly button, thank you. The camera has already switched to video mode.''"
152700 ,,,,,4190010,,,,,,,,,,,,,,,"I want to observe her closely, but if I do that, Tenka-chan will probably disappear right away. I'll keep pushing forward while suppressing my urge to act and continue taking pictures."
152800 ,,,,,4190010,,çŒb,çŒb,015_CB09_c_036.wav,,,,chie,,0,,,,,Tenkachan's pants are so cute! Where did you buy them?
152900 ,,,,,4190010,,“[‰Ô,“[‰Ô,015_CB09_t_033.wav,,,,tenka,,0,,,,,"Well, this... was bought for me before I moved."
153000 ,,,,,4190010,,çŒb,çŒb,015_CB09_c_037.wav,,,,chie,,0,,,,,"Oh, Chi-chan's underwear is bought by his mom!"
153100 ,,,,,4190010,,ƒRƒ}ƒR,ƒRƒ}ƒR,015_CB09_k_023.wav,,,,komako,,0,,,,,"...... Well, I think Chi-chan's panties are cute too."
153200 ,,,,,4190010,,çŒb,çŒb,015_CB09_c_038.wav,,,,chie,,0,,,,,"Really? Thanks a lot, Komachan!"
153300 ,,,,,4190010,,,,,,,,,,,,,,,"When Chi-chan's smile appeared, Komako-chan's cheeks turned a bright red."
153400 ,,,,,4190010,,“[‰Ô,“[‰Ô,015_CB09_t_034.wav,,,,tenka,,0,,,,,Uuuu...... why are you talking about underwear in front of the fan...?
153500 ,,,,,4190010,,çŒb,çŒb,015_CB09_c_039.wav,,,,chie,,0,,,,,"Hey~ hey~, what do you think about Chi-chan's panties, Amanohana?"
153600 ,,,,,4190010,,“[‰Ô,“[‰Ô,015_CB09_t_035.wav,,,,tenka,,0,,,,,She's so cute!
153700 ,,,,,4190010,,çŒb,çŒb,015_CB09_c_040.wav,,,,chie,,0,,,,,\Wait! How about we name the group 'Ribon Girls'?
153800 ,,,,,4190010,,ƒRƒ}ƒR,ƒRƒ}ƒR,015_CB09_k_024.wav,,,,komako,,0,,,,,Maybe she's kinda cute...
153900 ,,,,,4190010,,“[‰Ô,“[‰Ô,015_CB09_t_036.wav,,,,tenka,,0,,,,,Chii ni shite wa ii kanji jan. D? yatte omoitsita no?
154000 ,,,,,4190010,,çŒb,çŒb,015_CB09_c_041.wav,,,,chie,,0,,,,,Everyone has ribbons on their pants!
154100 ,,,,,4190010,,“[‰Ô,“[‰Ô,015_CB09_t_037.wav,,,,tenka,,0,,,,,"Well, if that's the reason, it won't do!"
154200 ,,,,,4190010,,çŒb,çŒb,015_CB09_c_042.wav,,,,chie,,0,,,,,Ehhh!! Why is that not okay?!
154300 ,,,,,4190010,,“[‰Ô,“[‰Ô,015_CB09_t_038.wav,,,,tenka,,0,,,,,"When asked about the group name, I was thinking of answering, ''Because everyone had ribbons on their pants!''"
154400 ,,,,,4190010,,“[‰Ô,“[‰Ô,015_CB09_t_039.wav,,,,tenka,,0,,,,,An idol activity with such an embarrassing name is unimaginable!
154500 ,,,,,4190010,,çŒb,çŒb,015_CB09_c_043.wav,,,,chie,,0,,,,,"Komachan and Tenkachan are both wearing cute pants, so... I thought it was good, but..."
154600 ,,,,,4190010,,,,,,,,,,,,,,,"Yeah, they are all cute pants, aren't they? I can understand why you'd want to name them like that."
154700 ,,,,,4190010,,,,,,,,,,,,,,,"Well, if I were to pick the cutest pants from an uncle's perspective..."
154800 ,$menu_begin,,,,,,,,,,,,,,,,,,,Multiple-choice options
«,"$menu_item 0,‚¿[‚¿‚á‚ñ,sel_1a",,,,,,,,,,,,,,,,,
«,"$menu_item 1,ƒRƒ}ƒR‚¿‚á‚ñ,sel_1b",,,,,,,,,,,,,,,,,
«,"$menu_item 2,“[‰Ô‚¿‚á‚ñ,sel_1c",,,,,,,,,,,,,,,,,
«,"$menu_item 3,‘S•”‚©‚í‚¢‚¢,sel_1d",,,,,,,,,,,,,,,,,
«,$menu_end,,,,,,,,,,,,,,,,,,,
154900 ,*sel_1a,,,,,,,,,,,,,,,,,,,Chie
155000 ,"$fadd %chie%,1",,,,,,,,,,,,,,,,,,","
155200 ,,,,,4190010,,,,,,,,,,,,,,,"It's a bit troublesome, but here, the palm goes to Chi-chan."
155300 ,,,,,4190010,,,,,,,,,,,,,,,A simple white pair of pants with a single ribbon detail\perfect balance.
155400 ,,,,,4190010,,,,,,,,,,,,,,,"White bread is a man's romance. If a girl who doesn't know about men is wearing it, its value multiplies several times over."
155500 ,,,,,4190010,,,,,,,,,,,,,,,"So, today's winner is chi-chan. It was a tough decision, but I have confidence in my choice."
155600 ,$go join_1,,,,,,,,,,,,,,,,,,,
155700 ,*sel_1b,,,,,,,,,,,,,,,,,,,¡?AKoma Koma
155800 ,"$fadd %komako%,1",,,,,,,,,,,,,,,,,,","
156000 ,,,,,4190010,,,,,,,,,,,,,,,It's tough... really tough... but one vote for Komako-chan!
156100 ,,,,,4190010,,,,,,,,,,,,,,,A white background with blue patterns is refreshing and best matches Half-Coma Komako-chan.
156200 ,,,,,4190010,,,,,,,,,,,,,,,"Among the three, it's the pants with the most mature vibe, but they highlight Komako-chan's cuteness and stimulate my penis."
156300 ,,,,,4190010,,,,,,,,,,,,,,,"So today's top pick is Komako-chan. Today, I'm the man who loves Komako-chan's panties."
156400 ,$go join_1,,,,,,,,,,,,,,,,,,,
156500 ,*sel_1c,,,,,,,,,,,,,,,,,,,¡?BSweet flower
156600 ,"$fadd %tenka%,1",,,,,,,,,,,,,,,,,,","
156800 ,,,,,4190010,,,,,,,,,,,,,,,"After carefully observing the three of them and spending a long time deliberating, the result I arrived at was... Amachan."
156900 ,,,,,4190010,,,,,,,,,,,,,,,"Pink with white polka dots\among the three, the most adorable pair of pants. Definitely an idol hopeful. Her sense of style shines through."
157000 ,,,,,4190010,,,,,,,,,,,,,,,"You seem to have a pair of pants that captivates fans' groins, huh? Old man, I'm already a huge fan of you."
157100 ,,,,,4190010,,,,,,,,,,,,,,,"So, today's main event is Sweet Flower-chan. Please make my crotch happy some more with those panties."
157200 ,$go join_1,,,,,,,,,,,,,,,,,,,
157300 ,*sel_1d,,,,,,,,,,,,,,,,,,,Everyone is cute!
157400 ,"$fadd %chie%,1",,,,,,,,,,,,,,,,,,","
157500 ,"$fadd %komako%,1",,,,,,,,,,,,,,,,,,","
157600 ,"$fadd %tenka%,1",,,,,,,,,,,,,,,,,,","
157800 ,,,,,4190010,,,,,,,,,,,,,,,"It's impossible to choose just one out of these three adorable people, isn't it?"
157900 ,,,,,4190010,,,,,,,,,,,,,,,"Underwear is personality. Personality should be respected. Therefore, there can't be a ''best'' one."
158000 ,,,,,4190010,,,,,,,,,,,,,,,"Even if I'm called indecisive, that's fine! I love all underwear! May there be blessings upon the panties worn by beautiful girls!"
158100 ,,,,,4190010,,,,,,,,,,,,,,,So today's highlight is everyone! Pants are only beautiful when worn by beautiful girls!
158200 ,*join_1,,,,,,,,,,,,,,,,,,,¡Confluence
158300 ,,,,,4190010,,“[‰Ô,“[‰Ô,015_CB09_t_040.wav,,,,tenka,,0,,,,,"Hey, let's pick up where we left off in the conversation. We need to decide a lot of things today. It's already gotten quite cool now, right?"
158400 ,,,,,4190010,,çŒb,çŒb,015_CB09_c_044.wav,,,,chie,,0,,,,,Isn't it not just about deciding the group name?
158500 ,,,,,4190010,,“[‰Ô,“[‰Ô,015_CB09_t_041.wav,,,,tenka,,0,,,,,'You can't become an idol without thinking about things like deciding on poses or signing autographs and all that...'
158600 ,,,,,4190010,,ƒRƒ}ƒR,ƒRƒ}ƒR,015_CB09_k_025.wav,,,,komako,,0,,,,,The signature seems a bit too early.
158700 ,,,,,4190010,,“[‰Ô,“[‰Ô,015_CB09_t_042.wav,,,,tenka,,0,,,,,"Well, it's not like it would be a loss to think about it first, right? What would you do if someone suddenly asked you to sign something?"
158800 ,,,,,4190010,,çŒb,çŒb,015_CB09_c_045.wav,,,,chie,,0,,,,,Umm... I'll try my best to write it in a wobbly way.
158900 ,,,,,4190010,,“[‰Ô,“[‰Ô,015_CB09_t_043.wav,,,,tenka,,0,,,,,"Don't underestimate the sign! It might look like it's just flopping around, but there's actually meaning in it, and you've got to show your own personality too!"
159000 ,,,,,4190010,,,,,,,,,,,,,,,"Again, Tenka-chan's switch turned on. She talked about what an idol is, and how to mentally prepare as an idol."
159100 ,,,,,4190010,,,,,,,,,,,,,,,"Chi-chan is nodding seriously while listening intently, but Komako-chan looks a little bored. She really isn't interested at all, huh..."
159200 ,,,,,4190010,,çŒb,çŒb,015_CB09_c_046.wav,,,,chie,,0,,,,,"Alright, let's restart the meeting!"
159300 ,$event_return,,,,,,,,,,,,,,,,,,,
159500 ,,<!scene_h_end>,13,21,,,,,,,,,,,,,,,,I saw the three people move away from the fan and quietly left the scene myself.
159600 ,,,,,,,ålŒö,ƒ–¼„,,,,,,,,,,,,This meeting... looks like it's going to drag on.
159700 ,,,,,,,,,,,,,,,,,,,,"Chii-chan, you forgot about the part-time job again...."
159800 ,,,,,,,,,,,,,,,,,,,,"There's no way around it. Since they seem to be having so much fun, it would feel wrong to interrupt them, so let's let them talk it out until they're satisfied."
159900 ,,,,,,,,,,,,,,,,,,,,I would occasionally watch the figure of a beautiful young girl talking deeply with customers while I was in the room.
160100 ,,<!timepass_middle>,7,32,,,ålŒö,ƒ–¼„,,,,,,,,,,,,It's about time for everyone to go home.
160200 ,,,,,,,“[‰Ô,“[‰Ô,015_CB09_t_044.wav,,,,,,,tenka,,4,,Eh! It's already that time?
160300 ,,,,,,,çŒb,çŒb,015_CB09_c_047.wav,,,,chie,,5,tenka,,4,,"It was over in the blink of an eye, huh?"
160700 ,,,,,,,“[‰Ô,“[‰Ô,015_CB09_t_045.wav,,,,chie,,5,tenka,,32,,"I've been talking for so long, my throat is parched..."
160800 ,,,,,,,ålŒö,ƒ–¼„,,,,,chie,,5,tenka,,32,,"So, did you finally decide on a group name?"
160900 ,,,,,,,“[‰Ô,“[‰Ô,015_CB09_t_046.wav,,,,,,,"tenka,privateC",,1,",It's all settled! A cute and idol-like name!"
161000 ,,,,,,,ålŒö,ƒ–¼„,,,,,,,,tenka,,1,,I wonder if it bothers you. Can you tell me?
161100 ,,,,,,,“[‰Ô,“[‰Ô,015_CB09_t_047.wav,,,,,,,tenka,,18,,"If you say so, I'll tell you.... *heh!*"
161200 ,,,,,,,çŒb—ƒRƒ}ƒR—“[‰Ô,Ol,015_CB09_c_049.wav—015_CB09_k_027.wav—015_CB09_t_048.wav,komako,,1,tenka,,1,chie,,1,,uDG548v!
161300 ,,,,,,,ålŒö,ƒ–¼„,,komako,,1,tenka,,1,chie,,1,,Ohhh... huh?
161400 ,,,,,,,,,,,,,,,,,,,,48?
161500 ,,,,,,,“[‰Ô,“[‰Ô,015_CB09_t_049.wav,,,,,,,tenka,,17,,...Why are you making that surprised face?
161600 ,,,,,,,,,,,,,,,,tenka,,17,,"Seeing my reaction, Tenka-chan suddenly became in a bad mood. She probably thought I would be more surprised."
161700 ,,,,,,,ålŒö,ƒ–¼„,,,,,,,,tenka,,17,,"Uh, sorry. I was just curious about the origin of your name."
161800 ,,,,,,,çŒb,çŒb,015_CB09_c_050.wav,,,,chie,,1,,,,,"Hey, you know, DG S, that's an abbreviation for *dagashi*, which means Japanese snacks or candy!"
161900 ,,,,,,,ƒRƒ}ƒR,ƒRƒ}ƒR,015_CB09_k_028.wav,komako,,21,chie,,1,,,,,"Since she's an idol from a candy store, it's natural that her name would be based on candy, right?"
162000 ,,,,,,,ålŒö,ƒ–¼„,,,,,,,,,,,,"I see. / That makes sense. / Oh, I get it."
162100 ,,,,,,,,,,,,,,,,,,,,"So then, what is 48 all about?... We don't even have 48 members. If we could grow to 48 members in the future, I'd be overjoyed."
162200 ,,,,,,,“[‰Ô,“[‰Ô,015_CB09_t_050.wav,,,,,,,tenka,,0,,The reason I became 48 is that there are two of them. The first one is that I wanted to incorporate the thought of becoming like KGB48.
162300 ,,,,,,,ålŒö,ƒ–¼„,,,,,,,,tenka,,0,,"Ah, so the original source is there, huh?"
162400 ,,,,,,,“[‰Ô,“[‰Ô,015_CB09_t_051.wav,,,,,,,tenka,,38,,"The second one is... 4 plus 8 is 12, right? 1 plus 2 is 3, right? ...See, it became 3, didn't it!"
162500 ,,,,,,,,,,,,,,,,tenka,,38,,"How about that, with Amanogawa-chan puffing out her chest full of confidence. Probably Amanogawa-chan pushed through this opinion."
162600 ,,,,,,,ålŒö,ƒ–¼„,,,,,,,,tenka,,38,,"It's got a clever twist to it\or maybe it's just a smooth way of justifying it somehow... but anyway, it's a great name!"
162700 ,,,,,,,“[‰Ô,“[‰Ô,015_CB09_t_052.wav,,,,,,,tenka,,1,,Right?
162800 ,,,,,,,,,,,,,,,,,,,,"You look really happy about it, but in the end, you couldn't come up with anything and just copied it, huh? Yeah, you copied it."
162900 ,,,,,,,,,,,,,,,,,,,,"But, since everyone, including Amanohana, seems to be satisfied with it, maybe this is fine."
163000 ,,,,,,,ålŒö,ƒ–¼„,,,,,,,,,,,,So does that mean our activities start right from tomorrow?
163100 ,,,,,,,“[‰Ô,“[‰Ô,015_CB09_t_053.wav,,,,,,,tenka,,20,,"That's right! But before starting serious idol activities, I decided to hold a general election!"
163200 ,,,,,,,ålŒö,ƒ–¼„,,,,,,,,tenka,,20,,General election? Like KGB48 is doing?
163300 ,,,,,,,“[‰Ô,“[‰Ô,015_CB09_t_054.wav,,,,,,,tenka,,18,,"Yeah! That's right, if the center isn't decided, the group won't hold together, right? So, let's have the customers at the candy store vote on it!"
163400 ,,,,,,,“[‰Ô,“[‰Ô,015_CB09_t_055.wav,,,,,,,tenka,,0,,"Is it okay with you, Uncle? Komako and I want to help out at the store, but since it's as part of our idol activities, we don't need any allowance or wages!"
163500 ,,,,,,,ålŒö,ƒ–¼„,,,,,,,,tenka,,0,,"That's fine by me. If three people can become the store's idols, then the old man is more than welcome too."
163600 ,,,,,,,,,,,,,,,,tenka,,0,,"I thought they were just deciding on a group name, but they were discussing even that kind of thing."
163700 ,,,,,,,“[‰Ô,“[‰Ô,015_CB09_t_056.wav,,,,,,,tenka,,21,,"She looks really idol-like, doesn't she!"
163800 ,,,,,,,,,,,,,,,,tenka,,21,,Ami-chan with sparkling eyes. I bet she wanted to try something like this.
163900 ,,,,,,,ƒRƒ}ƒR,ƒRƒ}ƒR,015_CB09_k_029.wav,komako,,3,,,,tenka,,21,,I don't really care about the center or anything.
164000 ,,,,,,,“[‰Ô,“[‰Ô,015_CB09_t_057.wav,komako,,3,,,,tenka,,10,,Don't be so passive! An idol has to be more predatory!
164100 ,,,,,,,çŒb,çŒb,015_CB09_c_051.wav,komako,,3,chie,,1,tenka,,10,,I love meat so much!
164200 ,,,,,,,“[‰Ô,“[‰Ô,015_CB09_t_058.wav,komako,,3,chie,,1,tenka,,32,,"Not like that... ah, forget it."
164300 ,,,,,,,ålŒö,ƒ–¼„,,komako,,3,chie,,1,tenka,,32,,"Since it's an election, we'll have to make the ballots. Also, we need to decide on the voting method."
164400 ,,,,,,,“[‰Ô,“[‰Ô,015_CB09_t_059.wav,komako,,3,chie,,1,tenka,,4,,"Oh, right.... I hadn't decided on that at all."
164500 ,,,,,,,çŒb,çŒb,015_CB09_c_052.wav,komako,,3,chie,,20,tenka,,4,,Shall I consult you now?
164600 ,,,,,,,ƒRƒ}ƒR,ƒRƒ}ƒR,015_CB09_k_030.wav,komako,,27,chie,,20,tenka,,4,,"It's getting late, so we should probably head back before it gets dark."
164700 ,,,,,,,ålŒö,ƒ–¼„,,komako,,27,chie,,20,tenka,,4,,Everyone should probably go home now. The old man is making ballots and deciding the voting rules.
164800 ,,,,,,,çŒb,çŒb,015_CB09_c_053.wav,,,,chie,,5,,,,,Is that okay? Isn't it tough for Uncle to do everything alone?
164900 ,,,,,,,ålŒö,ƒ–¼„,,,,,chie,,5,,,,,"You're asking me to promote your uncle's shop, right? Well, if that's the case, I'll have to do at least this much."
165000 ,,,,,,,,,,,,,chie,,5,,,,,I also wanted to thank you for letting me see your underwear during the day.
165100 ,,,,,,,“[‰Ô,“[‰Ô,015_CB09_t_060.wav,,,,chie,,5,tenka,,1,,"Thank you! So, I'll ask you to vote, okay?"
165200 ,,,,,,,ålŒö,ƒ–¼„,,,,,chie,,5,tenka,,1,,"In return, you'll do your homework properly.... especially you, Chi-chan."
165300 ,,,,,,,çŒb,çŒb,015_CB09_c_054.wav,,,,chie,,34,tenka,,1,,Uh... yes. I'll do my best...
165400 ,,,,,,,“[‰Ô,“[‰Ô,015_CB09_t_061.wav,,,,chie,,34,tenka,,37,,"Chii's just all talk, you know~"
165500 ,,,,,,,çŒb,çŒb,015_CB09_c_055.wav,,,,chie,,5,tenka,,37,,"Kuh, it's not just talk! I'll do it properly!"
165600 ,,,,,,,“[‰Ô,“[‰Ô,015_CB09_t_062.wav,,,,chie,,5,tenka,,0,,"Well, if Chii finishes her homework before me, I'll buy her ice cream."
165700 ,,,,,,,çŒb,çŒb,015_CB09_c_056.wav,,,,chie,,1,tenka,,0,,Really!? Then I'll do my best!
165800 ,,,,,,,ƒRƒ}ƒR,ƒRƒ}ƒR,015_CB09_k_031.wav,komako,,20,chie,,1,tenka,,0,,"''Come on, Chee-chan!''"
165900 ,,,,,,,“[‰Ô,“[‰Ô,015_CB09_t_063.wav,komako,,20,chie,,1,tenka,,38,,"If Chii loses, buy me some ice cream, okay?"
166000 ,,,,,,,çŒb,çŒb,015_CB09_c_057.wav,komako,,20,chie,,24,tenka,,38,,"N-no, not like that! It's totally impossible!"
166100 ,,,,,,,ƒRƒ}ƒR,ƒRƒ}ƒR,015_CB09_k_032.wav,komako,,21,chie,,24,tenka,,38,,"''Come on, Chi-chan!''"
166200 ,,<!timepass_short>,,12,,,,,,,,,,,,,,,,"Laughing loudly, the three beautiful young girls set off on their way home. I also stepped outside the store and kept waving until their figures were no longer visible."
166300 ,,,,,,,ålŒö,ƒ–¼„,,,,,,,,,,,,Well then...
166400 ,,,,,,,,,,,,,,,,,,,,"Locking up the shop, preparing the ballots, deciding on the voting rules, and then jerking off with a midday panty image... there's a mountain of things to do."
166500 ,,,,,,,,,,,,,,,,,,,,But just imagining the happy faces of the beautiful girls makes me want to keep going no matter how hard it is.
166600 ,,,,,,,ålŒö,ƒ–¼„,,,,,,,,,,,,Alright! Let's get pumped and do our best!
166700 ,,,,,,,,,,,,,,,,,,,,"It started off with a bang, but since it took so much time to get used to the unfamiliar work, I ended up not being able to sleep until late at night...."
166800 ,,<!Lend_day_change>,0,9000,,,,,,,,,,,,,,,,
166900 ,@016_CB10,,,,,,,,,,,,,,,,,,,
167200 ,,<hide><!se_inaka_semi_M>,,,,,,,,,,,,,,,,,,
167300 ,,<!Lbegin_day_change>,5,11,,,ålŒö,ƒ–¼„,,,,,,,,,,,,Fwaaaahs`III
167400 ,,,,,,,,,,,,,,,,,,,,"I can't tell how many times I've yawned today. Even though it's almost morning, I just can't wake up...."
167500 ,,,,,,,çŒb,çŒb,016_CB10_c_000.wav,,,,"chie,private",,3,,,,",That's a big yawn. Didn't you get any sleep?"
167600 ,,,,,,,ålŒö,ƒ–¼„,,,,,chie,,3,,,,,"I was thinking about the DG548, and it made me stay up late."
167700 ,,,,,,,“[‰Ô,“[‰Ô,016_CB10_t_000.wav,,,,,,,"tenka,private",,32,",'You didn't have to go that far.... Uncle, you'll catch a cold!'"
167800 ,,<se_stop id=""1"" fadeout=""8000"">,,,,,ƒRƒ}ƒR,ƒRƒ}ƒR,016_CB10_k_000.wav,"komako,privateB",,23,,,,,,,",'If the store is closed, we'll be in trouble.'"
167900 ,,,,,,,ålŒö,ƒ–¼„,,,,,,,,,,,,"Thank you for worrying about me. But Uncle, my body is strong enough, so I'm fine."
168000 ,,,,,,,,,,,,,,,,,,,,"You have enough stamina to endure tens of ejaculations a day, don't you?"
168100 ,,,,,,,,,,,,,,,,,,,,My body's toughness might be created by my daily masturbation.
168200 ,,,,,,,“[‰Ô,“[‰Ô,016_CB10_t_001.wav,,,,,,,tenka,,0,,"So, when do we start the general election?"
168300 ,,,,,,,ålŒö,ƒ–¼„,,,,,,,,tenka,,0,,"Well, wait. The preparations aren't done yet.... Hmm, everyone, can you line up in front of the store? I want to take photos for the posters."
168400 ,,,,,,,çŒb,çŒb,016_CB10_c_001.wav,,,,chie,,21,,,,,"Hey! Then, Chee-chan in the middle!"
168500 ,,,,,,,“[‰Ô,“[‰Ô,016_CB10_t_002.wav,,,,chie,,21,tenka,,10,,Huh!? The center is mine! I won't give it up for sure!
168600 ,,,,,,,ƒRƒ}ƒR,ƒRƒ}ƒR,016_CB10_k_001.wav,komako,,3,chie,,21,tenka,,10,,I don't care where.
168700 ,,,,,,,,,,,,,,,,,,,,"Oh, uh... yeah, that's right. Even for poster photos, center disputes can happen, can't they?"
168800 ,,,,,,,ålŒö,ƒ–¼„,,,,,,,,,,,,"Well, let's see... how about we line up in alphabetical order from left to right? That way, it'll be fair, right?"
168900 ,,,,,,,“[‰Ô,“[‰Ô,016_CB10_t_003.wav,,,,,,,tenka,,29,,...Got it. So that's fine.
169000 ,,,,,,,,,,,,,,,,,,,,"So, in that order, it's Tenka-chan, Komako-chan, and Chi-chan."
169100 ,,,,,,,ålŒö,ƒ–¼„,,,,,,,,,,,,"Ah, I almost forgot to give you this before we start shooting."
169200 ,,,,,,,çŒb,çŒb,016_CB10_c_002.wav,,,,chie,,3,,,,,What is this? A name tag?
169300 ,,,,,,,ålŒö,ƒ–¼„,,,,,chie,,3,,,,,"That's right. You have to make sure the names are clear enough, otherwise, you might get voted incorrectly."
169400 ,,,,,,,,,,,,,chie,,3,,,,,"Of course, this name tag is also handmade. I tried to make it as eye-catching and cute as possible, carefully choosing the font and other details."
169500 ,,,,,,,,,,,,,chie,,3,,,,,"It may not compare to what professionals make, but I think I was able to create something good."
169600 ,,,,,,,“[‰Ô,“[‰Ô,016_CB10_t_004.wav,,,,,,,tenka,,23,,"Wow, Uncle, you even prepared something like this!"
169700 ,,,,,,,ƒRƒ}ƒR,ƒRƒ}ƒR,016_CB10_k_002.wav,komako,,20,,,,tenka,,23,,It seems like I've become a real idol.
169800 ,,,,,,,ålŒö,ƒ–¼„,,komako,,20,,,,tenka,,23,,"I really would have liked to prepare costumes too, but that's just too much..."
169900 ,,,,,,,“[‰Ô,“[‰Ô,016_CB10_t_005.wav,komako,,20,,,,tenka,,38,,"Idols should also care about their casual clothes, so it's fine just as it is now!"
170000 ,,,,,,,çŒb,çŒb,016_CB10_c_003.wav,komako,,20,chie,,1,tenka,,38,,"It sounds like it would be fun to wear matching outfits together, though."
170100 ,,,,,,,ƒRƒ}ƒR,ƒRƒ}ƒR,016_CB10_k_003.wav,komako,,22,chie,,1,tenka,,38,,Chi-chan and... the same clothes...
170200 ,,,,,,,,,,komako,,22,chie,,1,tenka,,0,,I imagine you're getting excited thinking about the pair look. Seeing Komako-chan like that makes my lower half excited too.
170300 ,,,,,,,ålŒö,ƒ–¼„,,,,,,,,,,,,"Everyone, put on your name tags and face this way!"
170400 ,,,,,,,çŒb,çŒb,016_CB10_c_004.wav,,,,chie,,5,,,,,Is this okay? Did I attach it properly?
170500 ,,,,,,,ƒRƒ}ƒR,ƒRƒ}ƒR,016_CB10_k_004.wav,komako,,0,chie,,5,,,,,It's a little bent. I'll fix it for you.
170600 ,,,,,,,çŒb,çŒb,016_CB10_c_005.wav,komako,,0,chie,,1,,,,,"Komachan, arigat?!"
170700 ,,,,,,,ƒRƒ}ƒR,ƒRƒ}ƒR,016_CB10_k_005.wav,komako,,21,chie,,1,,,,,......no
170800 ,,,,,,,“[‰Ô,“[‰Ô,016_CB10_t_006.wav,komako,,21,chie,,1,tenka,,23,,I wonder where I should attach my name tag to look the cutest...
170900 ,,,,,,,ålŒö,ƒ–¼„,,,,,,,,,,,,......
171000 ,,,,,,,,,,,,,,,,,,,,It takes quite a bit of time just to put on a name tag. Idols must be so tough.
171100 ,,,,,,,çŒb,çŒb,016_CB10_c_006.wav,,,,chie,,1,,,,,"Okay, Dad! You can take it anytime~!"
171200 ,,,,,,,,,,,,,,,,,,,,"It looks like the preparations are finally done, so I'll set up the camera. Through the lens, three people were striking poses of their own choosing."
171300 ,,<!se_shutter_digital>,,,,,ålŒö,ƒ–¼„,,,,,,,,,,,,"Okay, I'm taking a picture now... say cheese!"
171500 ,,,,,,,“[‰Ô,“[‰Ô,016_CB10_t_007.wav,,,,,,,tenka,,9,,"Ah, mister! One more time, please! I think my smile from earlier was a bit stiff!"
171600 ,,,,,,,ålŒö,ƒ–¼„,,,,,,,,tenka,,9,,"I wonder if that's the case? It looks like the best smile to me, sir."
171700 ,,,,,,,“[‰Ô,“[‰Ô,016_CB10_t_008.wav,,,,,,,tenka,,7,,"Because I can't understand it, please!"
172000 ,,,,,,,çŒb,çŒb,016_CB10_c_007.wav,,,,chie,,0,,,,,I think we don't need to retake it since Tenka-chan is so cute.
172100 ,,,,,,,“[‰Ô,“[‰Ô,016_CB10_t_010.wav,,,,,,,tenka,,13,,"Hmm... is that right, maybe?"
172200 ,,,,,,,,,,,,,,,,,,,,"Tsumugi-chan looked not entirely displeased after being praised by her friend, but Komako-chan frowned with a disgruntled expression."
172300 ,,,,,,,ålŒö,ƒ–¼„,,,,,,,,,,,,"Komako-chan is also so cute, everyone is. Right, Chi-chan?"
172400 ,,,,,,,çŒb,çŒb,016_CB10_c_008.wav,,,,chie,,1,,,,,Yeah! Komako-chan is cute too!
172500 ,,,,,,,ƒRƒ}ƒR,ƒRƒ}ƒR,016_CB10_k_007.wav,komako,,22,,,,,,,,......
172600 ,,,,,,,,,,komako,,22,,,,,,,,"Oh, Komako-chan gave a little smile! It seems like her mood has improved."
172700 ,,,,,,,ålŒö,ƒ–¼„,,,,,,,,,,,,"Okay, so let's make this photo into a poster."
172800 ,,,,,,,“[‰Ô,“[‰Ô,016_CB10_t_011.wav,,,,,,,tenka,,1,,I'm looking forward to seeing what kind of poster it will be!
173000 ,,<!timepass_short>,,,,,ålŒö,ƒ–¼„,,,,,,,,,,,,"\Okay, something like this, I guess."
173100 ,,,,,,,çŒb,çŒb,016_CB10_c_009.wav,komako,,4,chie,,4,tenka,,4,,Ohhh~!
173200 ,,,,,,,“[‰Ô,“[‰Ô,016_CB10_t_012.wav,komako,,4,chie,,4,tenka,,4,,"It's pretty good, isn't it?"
173300 ,,,,,,,ƒRƒ}ƒR,ƒRƒ}ƒR,016_CB10_k_008.wav,komako,,4,chie,,4,tenka,,4,,idol-like
173400 ,,,,,,,,,,,,,,,,,,,,Paste the freshly printed poster made at home onto the store's door.
173500 ,,,,,,,,,,,,,,,,,,,,Snack Shop Idol DG48 - Center Snatch General Election Held!
173600 ,,,,,,,,,,,,,,,,,,,,"I wonder if the text was a bit too long... Maybe the balance was off... and I'm scratching my head. Well, it's made by an amateur, so I guess it's like this."
173700 ,,,,,,,“[‰Ô,“[‰Ô,016_CB10_t_013.wav,,,,,,,tenka,,3,,Idol...
173800 ,,,,,,,,,,,,,,,,,,,,"Tenka-chan is staring intently at the poster, her cheeks flushed."
173900 ,,,,,,,,,,,,,,,,,,,,"Even though I'm starting my activities as an idol based in a country candy shop, I'm so happy I can't help it."
174000 ,,,,,,,,,,,,,,,,,,,,"I want to keep looking at Tenka-chan's profile forever. But if I keep doing that, I won't be able to start the general election..."
174100 ,,,,,,,,,,,,,,,,,,,,I forced myself to pull my gaze away from Tenka-chan with my willpower.
174200 ,,,,,,,ålŒö,ƒ–¼„,,,,,,,,,,,,"Then, I'll explain the election rules to everyone."
174300 ,,,,,,,,,,,,,,,,,,,,Give three people the ballots I made yesterday. They are simple ones with just the three names written on small slips of paper.
174400 ,,,,,,,ålŒö,ƒ–¼„,,,,,,,,,,,,"Please hand this voting ticket to the customer who did the shopping. Hand it to customers who spent 30 yen on shopping, okay?"
174500 ,,,,,,,ålŒö,ƒ–¼„,,,,,,,,,,,,"If you give it to every customer who comes into the store, there might be cases of fraudulent voting, you know."
174700 ,,,,,,,“[‰Ô,“[‰Ô,016_CB10_t_014.wav,,,,,,,tenka,,18,,"It means that a ballot comes with the KGB48 CD, just like that."
174800 ,,,,,,,ƒRƒ}ƒR,ƒRƒ}ƒR,016_CB10_k_009.wav,komako,,3,,,,tenka,,18,,Those who buy a lot will receive a lot of voting tickets.
174900 ,,,,,,,ålŒö,ƒ–¼„,,komako,,3,,,,tenka,,18,,"Got it. Here's the translation:  ''Put your ballot in this ballot box. Do your best to promote yourself and make a good pitch, and work hard to get their vote!''"
175000 ,,,,,,,çŒb,çŒb,016_CB10_c_010.wav,komako,,3,chie,,3,tenka,,20,,"What does ''urikomi'' mean, and what should I do about it?"
175100 ,,,,,,,ålŒö,ƒ–¼„,,komako,,3,chie,,3,tenka,,20,,"Hmmm, ..., there are various ways to do it. Like finding what the customer wants from inside the store or something."
175200 ,,,,,,,“[‰Ô,“[‰Ô,016_CB10_t_015.wav,komako,,3,chie,,3,tenka,,38,,"What kind of pitch to make is also part of the job as an idol, you know."
175300 ,,,,,,,ålŒö,ƒ–¼„,,komako,,3,chie,,3,tenka,,38,,That's right. But you mustn't bother the customers.
175400 ,,,,,,,“[‰Ô,“[‰Ô,016_CB10_t_016.wav,komako,,3,chie,,3,tenka,,7,,"I get it. If I bother people, I'll lose my status as an idol, won't I?"
175500 ,,,,,,,ƒRƒ}ƒR,ƒRƒ}ƒR,016_CB10_k_010.wav,komako,,32,chie,,3,tenka,,7,,I wonder if that many customers will come...
175600 ,,,,,,,ålŒö,ƒ–¼„,,komako,,32,chie,,3,tenka,,7,,Don't say that. It kind of hurts.
175700 ,,,,,,,,,,komako,,32,chie,,3,tenka,,7,,"The thing I'm most worried about is, as Komako said, whether or not customers will come."
175800 ,,,,,,,,,,komako,,32,chie,,3,tenka,,7,,"If there are few customers, the election won't even get off the ground, you know..."
175900 ,,,,,,,“[‰Ô,“[‰Ô,016_CB10_t_017.wav,komako,,32,chie,,3,tenka,,23,,When should the period end?
176000 ,,,,,,,ålŒö,ƒ–¼„,,komako,,32,chie,,3,tenka,,23,,"Yeah, that's a good idea... let's do it by this weekend. If we keep it up for too long, people might get bored."
176100 ,,,,,,,ƒRƒ}ƒR,ƒRƒ}ƒR,016_CB10_k_011.wav,komako,,3,chie,,3,tenka,,23,,"We should pray that many customers come,"
176200 ,,,,,,,çŒb,çŒb,016_CB10_c_011.wav,komako,,3,chie,,21,tenka,,23,,"It's okay! If the Chee-chan crew works hard, lots of people will come!"
176300 ,,,,,,,‚¨‚¶‚¢‚³‚ñ,‚¨‚¶‚¢‚³‚ñ,,,,,,,,,,,,"''\Sorry, can I have a cigarette?'"
176400 ,,,,,,,,,,,,,,,,,,,,"To my surprise, the first customer came to the store right away."
176500 ,,,,,,,ålŒö,ƒ–¼„,,,,,,,,,,,,"Welcome! Uh, would the usual be okay?"
176600 ,,,,,,,‚¨‚¶‚¢‚³‚ñ,‚¨‚¶‚¢‚³‚ñ,,,,,,,,,,,,Please... huh? What's this?
176700 ,,,,,,,,,,,,,,,,,,,,A regular old man noticed a poster outside the store.
176800 ,,,,,,,‚¨‚¶‚¢‚³‚ñ,‚¨‚¶‚¢‚³‚ñ,,,,,,,,,,,,"Oh, a general election, huh..."
176900 ,,,,,,,çŒb,çŒb,016_CB10_c_012.wav,,,,chie,,1,,,,,Chee-chan and the others are doing idol stuff! It's decided that we'll vote on who becomes the center...
177000 ,,,,,,,“[‰Ô,“[‰Ô,016_CB10_t_018.wav,,,,chie,,1,tenka,,7,,"If you get a lot of votes, you can become the center! Uncle, will you vote for me?"
177100 ,,,,,,,ƒRƒ}ƒR,ƒRƒ}ƒR,016_CB10_k_012.wav,komako,,20,chie,,1,tenka,,7,,You get one voting ticket for 30 yen.
177200 ,,,,,,,ålŒö,ƒ–¼„,,,,,,,,,,,,It's also for my summer vacation free research. Please cooperate.
177300 ,,,,,,,‚¨‚¶‚¢‚³‚ñ,‚¨‚¶‚¢‚³‚ñ,,,,,,,,,,,,"Wow, you're having fun. I gotta tell everyone about this."
177400 ,,,,,,,,,,,,,,,,,,,,The old man who received cigarettes and a ballot paper from me. He left with a delighted smile on his face after looking at the three beautiful young girls.
177500 ,,,,,,,,,,,,,,,,,,,,"I understand the feeling of drooling over a beautiful girl, but I'd prefer it if you didn't stare so much."
177600 ,,,,,,,,,,,,,,,,,,,,"But still, being an idol means getting attention is part of the job, doesn't it? It's a complicated state of mind."
177700 ,,,,,,,ålŒö,ƒ–¼„,,,,,,,,,,,,"......Ah, Uncle didn't vote and left already, huh?"
177900 ,,<!timepass_middle>,6,11,,,çŒb,çŒb,016_CB10_c_013.wav,,,,chie,,21,,,,,"Hey, this snack is really delicious, you know!"
178000 ,,,,,,,“[‰Ô,“[‰Ô,016_CB10_t_019.wav,,,,,,,tenka,,0,,"The ballot paper costs 30 yen each, so buy a lot and vote for me as much as you can!"
178100 ,,,,,,,ƒRƒ}ƒR,ƒRƒ}ƒR,016_CB10_k_013.wav,komako,,21,,,,,,,,"Recommended snacks... vinegar squid, it's delicious!"
178200 ,,,,,,,,,,,,,,,,,,,,"As always, there aren't many customers, but since three beautiful young girls are energetically promoting the shop, the storefront is quite lively."
178300 ,,,,,,,çŒb,çŒb,016_CB10_c_014.wav,,,,chie,,1,,,,,"Hey, Uncle! It's amazing! There are way more customers than usual!"
178400 ,,,,,,,ålŒö,ƒ–¼„,,,,,chie,,1,,,,,"Probably, that old man called me over."
178500 ,,,,,,,,,,,,,,,,,,,,"After Uncle came back, after a while, customers started coming in a few at a time."
178600 ,,,,,,,,,,,,,,,,,,,,"In the countryside, information like this spreads so quickly."
178700 ,,,,,,,,,,,,,,,,,,,,"If, hypothetically, I were to touch one of Chichan, Komako-chan, or Tenka-chan, the rumor would spread like wildfire, wouldn't it?"
178800 ,,,,,,,,,,,,,,,,,,,,"When you think about it like that, it's terrifying. You have to be careful with your actions."
178900 ,,<!move_veryshort>,,,,,ƒRƒ}ƒR,ƒRƒ}ƒR,016_CB10_k_014.wav,komako,,20,,,,,,,,"The kinako stick is also delicious. Since it's a hit, maybe I can eat another one."
179000 ,,,,,,,,,,komako,,20,,,,,,,,"Oh, Komako-chan is talking to a boy around her age."
179100 ,,,,,,,,,,komako,,20,,,,,,,,"It's such a natural scene... yet somehow, I feel so jealous. Why is that?"
179200 ,,,,,,,,,,komako,,20,,,,,,,,Komako-chan won't do it! Get out! ...I feel like I want to yell that.
179300 ,,,,,,,“[‰Ô,“[‰Ô,016_CB10_t_020.wav,,,,,,,tenka,,0,,"Who have you decided to vote for? If you're struggling, I'd like you to vote for me."
179400 ,,,,,,,,,,,,,,,,tenka,,0,,Amakurachan slips between Komakochan and the boy.
179500 ,,,,,,,,,,,,,,,,tenka,,0,,"Among the three, the one who puts the most effort into sales is Tenka-chan. I can feel her strong will to become the center."
179600 ,,,,,,,,,,,,,,,,tenka,,0,,"But maybe it's a bit too intense, I think sometimes. There have been times when I've recommended expensive snacks and been turned down."
179700 ,,,,,,,“[‰Ô,“[‰Ô,016_CB10_t_021.wav,,,,,,,tenka,,38,,"If you buy 90 yen worth of items, you get three voting tickets, so everyone can vote too... ah, of course, you can all vote for me if you want!"
179800 ,,,,,,,“[‰Ô,“[‰Ô,016_CB10_t_022.wav,,,,,,,tenka,,21,,"You don't have that much money, huh? Oh, I see... That's too bad. How about these snacks over here?"
180000 ,,,,,,,ƒRƒ}ƒR,ƒRƒ}ƒR,,komako,,23,,,,,,,,......
180100 ,,,,,,,ålŒö,ƒ–¼„,,komako,,23,,,,,,,,"Komako-chan, the customer got taken by Tenka-chan, huh."
180400 ,,,,,,,ålŒö,ƒ–¼„,,komako,,23,,,,,,,,"Oh, I see... then that's good."
180500 ,,,,,,,,,,komako,,23,,,,,,,,"The two of them are watching chi-chan. Desperately explaining their favorite snacks to the old lady, as if to say, ''Forget about voting!''"
180600 ,,,,,,,çŒb,çŒb,016_CB10_c_015.wav,,,,chie,,21,,,,,It's super delicious! I think Grandma will say it's delicious too!
180700 ,,,,,,,‚¨‚Î‚ ‚³‚ñ,‚¨‚Î‚ ‚³‚ñ,,,,,chie,,21,,,,,"Oh, is that so? Is that so? Well, let me have one then, huh?"
180800 ,,,,,,,,,,,,,chie,,21,,,,,"The grandmother bought the snacks recommended by Chi-chan. Along with a voting ticket, she handed the item to the grandmother."
180900 ,,,,,,,‚¨‚Î‚ ‚³‚ñ,‚¨‚Î‚ ‚³‚ñ,,,,,chie,,21,,,,,"Chie-chan, can you take this?"
181000 ,,,,,,,çŒb,çŒb,016_CB10_c_016.wav,,,,chie,,3,,,,,Huh? Really? Grandma isn't eating?
181100 ,,,,,,,‚¨‚Î‚ ‚³‚ñ,‚¨‚Î‚ ‚³‚ñ,,,,,chie,,3,,,,,"That's fine. Grandma's full, so Chie-chan can eat it."
181200 ,,,,,,,çŒb,çŒb,016_CB10_c_017.wav,,,,chie,,21,,,,,"Got it! Thank you, Grandma!"
181300 ,,,,,,,,,,,,,chie,,21,,,,,"She just served customers normally, but Chi-chan ended up getting some snacks."
181400 ,,,,,,,ƒRƒ}ƒR,ƒRƒ}ƒR,016_CB10_k_018.wav,komako,,4,,,,,,,,Chi-chan can even captivate grandma.
181500 ,,,,,,,ålŒö,ƒ–¼„,,komako,,4,,,,,,,,"An ability to be feared, huh..."
181600 ,,,,,,,,,,,,,,,,,,,,"Unlike Amachan, who actively engages in business activities, Chi-chan seems to naturally gather votes."
181700 ,,,,,,,,,,,,,,,,,,,,"After that, customers kept coming in sporadically until evening without stopping."
182000 ,,<!timepass_middle>,7,21,,,çŒb,çŒb,016_CB10_c_018.wav,,,,chie,,1,,,,,Arigat?!
182100 ,,,,,,,“[‰Ô,“[‰Ô,016_CB10_t_023.wav,,,,,,,tenka,,21,,Please vote for me!
182200 ,,,,,,,ålŒö,ƒ–¼„,,,,,,,,,,,,"Finally, the customers are gone.... So, shall we all start preparing to leave?"
182300 ,,,,,,,ƒRƒ}ƒR,ƒRƒ}ƒR,016_CB10_k_019.wav,komako,,4,,,,,,,,Is it already that time?
182400 ,,,,,,,“[‰Ô,“[‰Ô,016_CB10_t_024.wav,,,,,,,tenka,,29,,"You bought less than I thought, huh?"
182500 ,,,,,,,,,,,,,,,,,,,,"Tenka-chan lets out a dissatisfied voice. Indeed, there were more customers than usual, but in terms of sales, it wasn't much different from usual."
182600 ,,,,,,,,,,,,,,,,,,,,Many people probably came just to see what's going on with the ''general election'' being so interesting.
182700 ,,,,,,,çŒb,çŒb,016_CB10_c_019.wav,,,,chie,,1,,,,,I was so happy to have such a long chat!
182800 ,,,,,,,ƒRƒ}ƒR,ƒRƒ}ƒR,016_CB10_k_020.wav,komako,,34,,,,,,,,I'm tired.
182900 ,,,,,,,“[‰Ô,“[‰Ô,016_CB10_t_025.wav,komako,,34,,,,tenka,,3,,"Komako, you weren't pushing it very aggressively, were you?"
183000 ,,,,,,,ƒRƒ}ƒR,ƒRƒ}ƒR,016_CB10_k_021.wav,komako,,3,,,,tenka,,3,,I don't have to be the center.
183100 ,,,,,,,“[‰Ô,“[‰Ô,016_CB10_t_026.wav,komako,,3,,,,tenka,,29,,That's no good! You gotta get hungrier!
183200 ,,,,,,,çŒb,çŒb,016_CB10_c_020.wav,komako,,3,chie,,3,tenka,,29,,What's ''hangry''?
186600 ,,,,,,,ålŒö,ƒ–¼„,,komako,,3,chie,,3,tenka,,29,,"Okay, everyone's been working hard. So, I'll hand out the pay for your part-time jobs now."
186700 ,,,,,,,,,,komako,,3,chie,,3,tenka,,29,,"It looks like it might get complicated, so I'll force my way in."
187200 ,,,,,,,ƒRƒ}ƒR,ƒRƒ}ƒR,016_CB10_k_022.wav,komako,,24,,,,,,,,Can we also get paid for our part-time jobs?
187300 ,,,,,,,ålŒö,ƒ–¼„,,komako,,24,,,,,,,,"Amamihana-chan said she didn't need it... but since she's getting the same thing as Chi-chan, she can't just not pay, you know?"
187400 ,,,,,,,,,,komako,,24,,,,,,,,"When thinking about today's sales, if we give everyone their part-time wages, there will hardly be any profit left."
187500 ,,,,,,,,,,komako,,24,,,,,,,,"But anyway, profit isn't the goal, and as I said, it's not like I can just pay it only to the kid."
187800 ,,,,,,,“[‰Ô,“[‰Ô,016_CB10_t_029.wav,,,,,,,tenka,,1,,Did it!'' or ''Got it!'' or ''I did it!
187900 ,,,,,,,,,,,,,,,,tenka,,1,,"I gave 30 yen each to all three of them. Half of today's sales is gone. Wages are scary, huh."
188000 ,,,,,,,çŒb,çŒb,016_CB10_c_022.wav,,,,chie,,1,,,,,"Everyone, let's buy some snacks! Which one do you like?"
188700 ,,,,,,,,,,,,,,,,,,,,"The three of them choose snacks worth 30 yen each according to their own preferences, and then pay me with the allowance money they just received."
188800 ,,,,,,,ålŒö,ƒ–¼„,,,,,,,,,,,,Maido ari
188900 ,,,,,,,“[‰Ô,“[‰Ô,016_CB10_t_032.wav,,,,,,,tenka,,27,,"Okay, let's have a quick reflection session?"
189000 ,,,,,,,ålŒö,ƒ–¼„,,,,,,,,tenka,,27,,It's about time to go home now.
189100 ,,,,,,,“[‰Ô,“[‰Ô,016_CB10_t_033.wav,,,,,,,tenka,,9,,"Just for the time I'm eating snacks, okay? Right, that's fine, isn't it?"
189200 ,,,,,,,ƒRƒ}ƒR,ƒRƒ}ƒR,016_CB10_k_024.wav,komako,,23,,,,tenka,,9,,Do you ever reflect on things?
189300 ,,,,,,,“[‰Ô,“[‰Ô,016_CB10_t_034.wav,komako,,23,,,,tenka,,0,,Let's discuss that too!
189400 ,,,,,,,çŒb,çŒb,016_CB10_c_025.wav,komako,,23,chie,,1,tenka,,0,,"Retrospective meeting, sounds fun! Let's do it, let's do it!"
189500 ,,,,,,,,,,komako,,23,chie,,1,tenka,,0,,"So, without my permission or anything, the reflection meeting started."
189600 ,,,,,,,,,,komako,,23,chie,,1,tenka,,0,,Well... I guess it's fine. There's still a bit of time left anyway.
189700 ,,,,,,,ålŒö,ƒ–¼„,,,,,,,,,,,,I wonder how many ballot papers are inside...
189800 ,,,,,,,,,,,,,,,,,,,,"I was a bit curious, so I secretly checked inside the ballot box without letting anyone notice."
189900 ,,,,,,,ålŒö,ƒ–¼„,,,,,,,,,,,,......
190000 ,,,,,,,,,,,,,,,,,,,,"Not many ballots have been put in yet, huh..."
190100 ,,,,,,,,,,,,,,,,,,,,"I think I've passed it along to quite a few people, but apparently, not many are interested enough to vote on it."
190300 ,,,,,,,,,,,,,,,,,,,,"Well, Amanohana was annoying, so I guess. The person who got the ballot was always being watched to see who they were going to vote for."
190400 ,,,,,,,,,,,,,,,,,,,,That makes it hard to vote.
190900 ,,,,,,,,,,,,,,,,,,,,"Well, this is a free research project. You'll have to try various things and think about them yourself."
191000 ,,,,,,,ålŒö,ƒ–¼„,,,,,,,,,,,,"Well, I wonder what will happen..."
191100 ,,<!Lend_day_change>,0,9000,,,,,,,,,,,,,,,,
191300 ,@017_CB11,,,,,,,,,,,,,,,,,,,
191600 ,,<!Lbegin_day_change>,6,21,,,,,,,,,,,,,,,,"The center-staking general election has begun a few days ago. Today is the promised deadline, the weekend."
191700 ,,,,,,,,,,,,,,,,,,,,"Because there was an idol at the snack shop, the number of customers did increase a bit, but it only led to more gawkers, and it didn't really boost sales."
191800 ,,,,,,,,,,,,,,,,,,,,"I haven't checked the ballot boxes since the first day, so I don't know how many have accumulated by now."
191900 ,,,,,,,çŒb,çŒb,017_CB11_c_000.wav,,,,"chie,privateB",,20,,,,",I wonder what the outcome will be?"
192000 ,,,,,,,“[‰Ô,“[‰Ô,017_CB11_t_000.wav,,,,,,,"tenka,privateB",,18,",It's obvious that I'm the one who's decided. I worked so hard for it."
192100 ,,,,,,,ƒRƒ}ƒR,ƒRƒ}ƒR,017_CB11_k_000.wav,"komako,private",,20,,,,,,,",Waku waku"
192200 ,,,,,,,,,,,,,,,,,,,,"Today's work is done, and everyone is enjoying snacks bought with their part-time job money while having a ''retrospective meeting''\well, it's just casual chat under that name."
192300 ,,,,,,,çŒb,çŒb,017_CB11_c_001.wav,,,,chie,,1,,,,,"Idols are amazing, right? I got so many snacks!"
192400 ,,,,,,,“[‰Ô,“[‰Ô,017_CB11_t_001.wav,,,,chie,,1,tenka,,23,,"Now that I mention it, it feels like Chii was eating sweets the whole time..."
192500 ,,,,,,,ƒRƒ}ƒR,ƒRƒ}ƒR,017_CB11_k_001.wav,komako,,0,chie,,1,tenka,,23,,They were only pushing the snacks I wanted to eat.
192600 ,,,,,,,çŒb,çŒb,017_CB11_c_002.wav,komako,,0,chie,,33,tenka,,23,,"Well, it's because it's delicious! And if I get sweets, I have to eat them!"
192700 ,,,,,,,“[‰Ô,“[‰Ô,017_CB11_t_002.wav,komako,,0,chie,,33,tenka,,14,,Why did only Chii get so many sweets...
192800 ,,,,,,,ƒRƒ}ƒR,ƒRƒ}ƒR,017_CB11_k_002.wav,komako,,21,chie,,20,tenka,,14,,I got a little bit too.
192900 ,,,,,,,“[‰Ô,“[‰Ô,017_CB11_t_003.wav,komako,,21,chie,,20,tenka,,34,,Really? I didn't get any at all.
193000 ,,,,,,,,,,komako,,21,chie,,20,tenka,,34,,Shun... and Amakochan seems to have fallen into a slump. Maybe it was hard to hand over the sweets after she tried so hard to sell them.
193100 ,,,,,,,ålŒö,ƒ–¼„,,komako,,21,chie,,20,tenka,,34,,"It's not like the center is decided by how many sweets you get, so don't be disappointed."
193200 ,,,,,,,“[‰Ô,“[‰Ô,017_CB11_t_004.wav,komako,,21,chie,,20,tenka,,30,,Hmm... but isn't the amount of care packages also important for idols?
193300 ,,,,,,,ålŒö,ƒ–¼„,,,,,,,,,,,,"Amari-chan knows a lot of things, huh?"
193400 ,,,,,,,,,,,,,,,,,,,,It's like he has knowledge in weird places.
193500 ,,,,,,,,,,,,,,,,,,,,"If you know that much, maybe you also know that idols do pillow business too..."
193600 ,,,,,,,ƒRƒ}ƒR,ƒRƒ}ƒR,017_CB11_k_003.wav,komako,,20,,,,,,,,"Should we count the votes? If we all do it together, it'll be over quickly."
193700 ,,,,,,,çŒb,çŒb,017_CB11_c_003.wav,,,,chie,,1,,,,,"Come on, come on! I want to know the results fast!"
193800 ,,,,,,,“[‰Ô,“[‰Ô,017_CB11_t_005.wav,,,,,,,tenka,,38,,"Well, I guess I'm the center again, but I should still check the vote count with my own eyes."
193900 ,,,,,,,,,,,,,,,,,,,,"Everyone seems unable to wait any longer. They're eating snacks while fidgeting with their bodies, unable to stay still."
194000 ,,,,,,,ålŒö,ƒ–¼„,,,,,,,,,,,,"I understand how you feel, but today is already time to go home, so I'll handle the calculations."
194100 ,,,,,,,“[‰Ô,“[‰Ô,017_CB11_t_006.wav,,,,,,,tenka,,10,,"Hey, old man, don't do anything shady, okay?"
194200 ,,,,,,,ålŒö,ƒ–¼„,,,,,,,,tenka,,10,,"You wouldn't do that, would you? Uncle's neutral, after all."
194300 ,,,,,,,çŒb,çŒb,017_CB11_c_004.wav,,,,chie,,3,tenka,,10,,Isn't 'irregularities' like fudging the number of votes?
194400 ,,,,,,,ƒRƒ}ƒR,ƒRƒ}ƒR,017_CB11_k_004.wav,komako,,37,chie,,3,tenka,,10,,It's often on the news.
194500 ,,,,,,,ålŒö,ƒ–¼„,,komako,,37,chie,,3,tenka,,10,,"Everyone, can't you trust me, Uncle? I definitely won't do anything wrong!"
194600 ,,,,,,,,,,,,,,,,,,,,"Among the three, since it can't even be decided who is the best, there's no way to do something like cheating."
194700 ,,,,,,,,,,,,,,,,,,,,If only everyone could stand together and take first place... but it probably won't go that smoothly.
194800 ,,,,,,,“[‰Ô,“[‰Ô,017_CB11_t_007.wav,,,,,,,tenka,,7,,"Whoever becomes the center, there won't be any grudges, okay?"
194900 ,,,,,,,ƒRƒ}ƒR,ƒRƒ}ƒR,017_CB11_k_005.wav,komako,,7,,,,tenka,,7,,It's okay.
195000 ,,,,,,,çŒb,çŒb,017_CB11_c_005.wav,komako,,7,chie,,0,tenka,,7,,"Since everyone chose me, there's no room for complaints!"
195100 ,,,,,,,,,,,,,,,,,,,,"With these three, no matter what the result is, they probably won't fight."
195200 ,,,,,,,,,,,,,,,,,,,,"The counting of votes will be done from tomorrow onward... but first, we should thank everyone for their efforts in the election campaign."
195300 ,,,,,,,ålŒö,ƒ–¼„,,,,,,,,,,,,"Everyone, do you have any plans for tomorrow?"
195400 ,,,,,,,çŒb,çŒb,017_CB11_c_006.wav,,,,chie,,3,,,,,Nothing special.
195500 ,,,,,,,,,,,,,chie,,3,,,,,Komako-chan and Tenka-chan also shake their heads from side to side.
195600 ,,,,,,,ålŒö,ƒ–¼„,,,,,chie,,3,,,,,"Well then, as a reward for working hard on your idol activities, let's go out and play tomorrow."
195700 ,,,,,,,çŒb,çŒb,017_CB11_c_007.wav,,,,chie,,21,,,,,Yattaa! Where? Where are you going?
195800 ,,,,,,,ålŒö,ƒ–¼„,,,,,chie,,21,,,,,"Uncle already thought about it, but where should it be?"
195900 ,,,,,,,çŒb,çŒb,017_CB11_c_008.wav,,,,chie,,0,,,,,"Umm, like, umm, like... school?"
196000 ,,,,,,,ƒRƒ}ƒR,ƒRƒ}ƒR,017_CB11_k_006.wav,komako,,20,chie,,0,,,,,"Chii-chan, school is closed for summer vacation."
196100 ,,,,,,,“[‰Ô,“[‰Ô,017_CB11_t_008.wav,,,,,,,tenka,,0,,"Got it! So, like, summery stuff\beach... or something like that?"
196200 ,,,,,,,ålŒö,ƒ–¼„,,,,,,,,tenka,,0,,"Ah, so close! Amanogawa-chan was really a shame!"
196300 ,,,,,,,ƒRƒ}ƒR,ƒRƒ}ƒR,017_CB11_k_007.wav,komako,,3,,,,tenka,,0,,"So, the river?"
196400 ,,,,,,,ålŒö,ƒ–¼„,,komako,,3,,,,tenka,,0,,"Komako-chan, come here! Isn't swimming in the river the usual thing to do in summer?"
196500 ,,,,,,,çŒb,çŒb,017_CB11_c_009.wav,komako,,3,chie,,23,tenka,,0,,"By the way, Chi-chan also had a part-time job, so I haven't gone yet this year!"
196700 ,,,,,,,ƒRƒ}ƒR,ƒRƒ}ƒR,017_CB11_k_008.wav,komako,,27,chie,,23,tenka,,0,,"But if we go just by ourselves, it won't work."
196800 ,,,,,,,ålŒö,ƒ–¼„,,komako,,27,chie,,23,tenka,,0,,"So, if Uncle is there, it should be fine, right?"
196900 ,,,,,,,çŒb,çŒb,017_CB11_c_010.wav,,,,chie,,1,,,,,"Wow! Then tomorrow, let's go river playing! Everyone, let's play as much as we can!"
197000 ,,,,,,,ƒRƒ}ƒR,ƒRƒ}ƒR,017_CB11_k_009.wav,komako,,0,chie,,1,,,,,I need to prepare my swimsuit.
197100 ,,,,,,,çŒb,çŒb,017_CB11_c_011.wav,komako,,0,chie,,21,,,,,I'd better prepare some snacks too!
197200 ,,,,,,,“[‰Ô,“[‰Ô,017_CB11_t_010.wav,komako,,0,chie,,21,tenka,,17,,"Hey, do you have any pocket money left?"
197300 ,,,,,,,çŒb,çŒb,017_CB11_c_012.wav,komako,,0,chie,,5,tenka,,17,,"Ah... y-yeah, that's right..."
197400 ,,,,,,,ålŒö,ƒ–¼„,,komako,,0,chie,,5,tenka,,17,,"Everyone did a great job, so before we go, I'll give each of you 50 yen for snacks as a present, okay?"
197500 ,,,,,,,çŒb,çŒb,017_CB11_c_013.wav,komako,,21,chie,,21,tenka,,1,,Really!? Yeah!
197600 ,,,,,,,ƒRƒ}ƒR,ƒRƒ}ƒR,017_CB11_k_010.wav,komako,,21,chie,,21,tenka,,1,,"Chee-chan, you're good to go!"
197700 ,,,,,,,“[‰Ô,“[‰Ô,017_CB11_t_011.wav,komako,,21,chie,,21,tenka,,1,,"Uncle, as expected! I'm definitely putting in the stick jelly!"
197800 ,,,,,,,ålŒö,ƒ–¼„,,komako,,21,chie,,21,tenka,,1,,"Everyone seems really into it, but you absolutely have to get your parents' permission first!"
197900 ,,,,,,,çŒb,çŒb,017_CB11_c_014.wav,komako,,21,chie,,0,tenka,,1,,"If you say you're with Uncle, he'll definitely say it's okay!"
198000 ,,,,,,,ƒRƒ}ƒR,ƒRƒ}ƒR,017_CB11_k_011.wav,komako,,33,chie,,0,tenka,,1,,What do you do if you're told ''no''? Can't just one person go?
198100 ,,,,,,,ålŒö,ƒ–¼„,,komako,,33,chie,,0,tenka,,1,,"If someone says even one person is no good, let's do something else and play. It's not fun unless we're all together, you know."
198200 ,,,,,,,“[‰Ô,“[‰Ô,017_CB11_t_012.wav,komako,,33,chie,,0,tenka,,21,,Yeah! This is my first time swimming in a river! Can't wait!
198300 ,,,,,,,ålŒö,ƒ–¼„,,komako,,33,chie,,0,tenka,,21,,"Uncle also looks forward to going to the river with everyone, huh."
198400 ,,,,,,,,,,,,,,,,,,,,"When I think about seeing three people in swimsuits, my dreams and my crotch get excited."
198500 ,,,,,,,ålŒö,ƒ–¼„,,,,,,,,,,,,"We've decided on tomorrow's plans, so maybe we should call it a night. If we go home too late, we might get told we can't go out and play tomorrow."
198600 ,,,,,,,çŒb,çŒb,017_CB11_c_015.wav,,,,chie,,4,,,,,"Well, that's a problem! I've gotta hurry home!"
198700 ,,,,,,,ƒRƒ}ƒR,ƒRƒ}ƒR,017_CB11_k_012.wav,komako,,21,,,,,,,,"If I don't go to bed soon, I'll oversleep."
198800 ,,,,,,,çŒb,çŒb,017_CB11_c_016.wav,,,,chie,,1,,,,,"Then, see you at the store at our usual time tomorrow!"
198900 ,,,,,,,ƒRƒ}ƒR,ƒRƒ}ƒR,017_CB11_k_013.wav,komako,,1,chie,,1,,,,,"Okay, got it!"
199000 ,,,,,,,“[‰Ô,“[‰Ô,017_CB11_t_013.wav,komako,,1,chie,,1,tenka,,1,,"Don't be late, everyone\!"
199200 ,,<!timepass_short>,,33,,,,,,,,,,,,,,,,"Everyone sees them off as they leave and then locks the doors. Honestly, just thinking about seeing the three in swimsuits puts my penis in a full-bock state."
199300 ,,,,,,,,,,,,,,,,,,,,"I thought I should save my energy for tomorrow, but I shouldn't give in to my lust and do unnecessary things. I'll let it out with masturbation today as well."
199400 ,,,,,,,,,,,,,,,,,,,,I opened my smartphone's image folder and used pictures of beautiful girls' panties as stimulation while masturbating repeatedly.
199500 ,,<!Lend_night>,0,9000,,,,,,,,,,,,,,,,
199700 ,@018_CB12,,,,,,,,,,,,,,,,,,,
200000 ,,<hide><!se_inaka_semi_M>,,,,,,,,,,,,,,,,,,
200100 ,,<!Lbegin_day_change>,5,21,,,,,,,,,,,,,,,,"Alright, today we're going out with three beautiful girls! It's a riverside date!"
200200 ,,,,,,,,,,,,,,,,,,,,"To see the figure of a beautiful young girl playing by the water, all three at once... well, I'm a lucky guy."
200300 ,,,,,,,,,,,,,,,,,,,,"While fidgeting inside the store, waiting, the shop door was knocked on with a ''tontonton'' sound."
200400 ,,,,,,,çŒb,çŒb,018_CB12_c_000.wav,,,,,,,,,,,"Hey, Dad! I'm here! Open up~!"
200500 ,,,,,,,“[‰Ô,“[‰Ô,018_CB12_t_000.wav,,,,,,,,,,,"It's hot...... If I stay outside for long, I'll get heatstroke......"
200600 ,,,,,,,ƒRƒ}ƒR,ƒRƒ}ƒR,018_CB12_k_000.wav,,,,,,,,,,,The weather is really nice. It's perfect for going swimming.
200700 ,,<!move_short>,,11,,,ålŒö,ƒ–¼„,,"komako,privateB",,0,"chie,privateC",,1,"tenka,privateC",",0,,'Everyone, good morning. Did I get permission to go to the riverbank?'"
200800 ,,,,,,,çŒb,çŒb,018_CB12_c_001.wav,komako,,0,chie,,1,tenka,,1,,"I got it! If it's with Uncle, that's fine!"
200900 ,,,,,,,,,,komako,,0,chie,,1,tenka,,1,,"Komako-chan and Tenka-chan also nod. It seems that, as the owner of the candy shop, he is trusted to some extent."
201000 ,,,,,,,ålŒö,ƒ–¼„,,komako,,0,chie,,1,tenka,,1,,"Well then, let's pick out some snacks first... hey, what happened to the luggage?"
201100 ,,,,,,,çŒb,çŒb,018_CB12_c_002.wav,,,,chie,,3,,,,,Luggage? There's nothing.
201200 ,,,,,,,ƒRƒ}ƒR,ƒRƒ}ƒR,018_CB12_k_001.wav,komako,,23,chie,,3,,,,,"Since you're going to the riverbank, you don't need anything special."
201300 ,,,,,,,ålŒö,ƒ–¼„,,komako,,23,chie,,3,,,,,What? Like bath towels or swimsuits?
201400 ,,,,,,,çŒb,çŒb,018_CB12_c_003.wav,komako,,23,chie,,20,,,,,Swimsuit? I wore it under my clothes!
201500 ,,,,,,,ålŒö,ƒ–¼„,,komako,,23,chie,,20,,,,,"Ah, uh... Is that so?"
201700 ,,,,,,,ƒRƒ}ƒR,ƒRƒ}ƒR,018_CB12_k_002.wav,komako,,20,chie,,20,,,,,"Uncle's also wearing a swimsuit, right?"
201800 ,,,,,,,ålŒö,ƒ–¼„,,komako,,20,chie,,20,,,,,"Umm... well, yeah, I guess so..."
201900 ,,,,,,,,,,,,,,,,,,,,"One of my pleasures has been lost. Well, I did consider that possibility too... As a single man, I couldn't give up the last hope."
202000 ,,,,,,,çŒb,çŒb,018_CB12_c_004.wav,,,,chie,,3,,,,,"Hey, Dad (or Uncle), why do you look a little sad?"
202100 ,,,,,,,ålŒö,ƒ–¼„,,,,,chie,,3,,,,,"I'm not sad at all. Uncle, I'm full of energy!"
202200 ,,,,,,,,,,,,,,,,,,,,Right... I need to cheer up.
202300 ,,,,,,,,,,,,,,,,,,,,"Even if you can't see the scene where she changes into her swimsuit, you can admire the beautiful girl in her swimsuit as much as you want!"
202400 ,,,,,,,“[‰Ô,“[‰Ô,018_CB12_t_002.wav,,,,,,,tenka,,30,,"Hey, let's go quickly. We're running out of time to play, right?"
202500 ,,,,,,,,,,,,,,,,,,,,"She seems impatient, as if she can't wait, and Amikachan is urging her on."
202600 ,,,,,,,ålŒö,ƒ–¼„,,,,,,,,,,,,"Okay, okay. Then we'll leave after buying some snacks for 50 yen."
202700 ,,,,,,,,,,,,,,,,,,,,I'm watching three people choose snacks while preparing to close the store.
204100 ,,<!se_inaka_semi_M>,,,,,,,,,,,,,,,,,,
204200 ,,<!move_middle>,,121,,,çŒb,çŒb,018_CB12_c_009.wav,,,,chie,,0,,,,,Walking hand in hand like this is fun!
204300 ,,,,,,,ålŒö,ƒ–¼„,,,,,chie,,0,,,,,"Is that so? Uncle, I haven't held hands with anyone for a while, you know."
204400 ,,,,,,,,,,,,,chie,,0,,,,,You're always just fidgeting with your dick.
204500 ,,,,,,,çŒb,çŒb,018_CB12_c_010.wav,,,,chie,,21,,,,,"Then, connect with chi-chan! My hand over here is free!"
204600 ,,,,,,,ålŒö,ƒ–¼„,,,,,chie,,21,,,,,"Huh? Umm, is it okay? Really?"
204700 ,,,,,,,çŒb,çŒb,018_CB12_c_011.wav,,,,chie,,0,,,,,Sure! Yes!
204800 ,,<se_stop id=""1"" fadeout=""8000"">,,,,,,,,,,,,,,,,,,"Chii-chan extends her free hand toward me. Oh, what a beautiful hand it is..."
204900 ,,,,,,,,,,,,,,,,,,,,"Would it be okay if I placed my hand over yours, which is always sticky with my semen and pre-cum?"
205000 ,,,,,,,,,,,,,,,,,,,,"Ohhhh, calm down... there's no time to hesitate now! This kind of chance might not come again in the future!"
205100 ,,,,,,,ålŒö,ƒ–¼„,,,,,,,,,,,,"Jaja... then, I'll take my leave."
205200 ,,,,,,,çŒb,çŒb,018_CB12_c_012.wav,,,,"chieL,privateC",,1,,,,",'Sure! Here's the translation:  ''Yes, go ahead!'''"
205300 ,,,,,,,ƒRƒ}ƒR,ƒRƒ}ƒR,018_CB12_k_006.wav,komako,,37,,,,,,,,............
205400 ,,,,,,,,,,komako,,37,,,,,,,,"It feels like Komako-chan's gaze is hurting me, but am I just imagining things?"
205500 ,,,,,,,,,,komako,,37,,,,,,,,"Hold Chii-chan's hand. Oh, a girl's hand... it's this soft...!"
205600 ,,,,,,,çŒb,çŒb,018_CB12_c_013.wav,,,,chie,,4,,,,,Your dad's hands are so tough. They're totally different from mom's.
205700 ,,,,,,,ålŒö,ƒ–¼„,,,,,chie,,4,,,,,"Chii-chan's hands are so soft. And her fingers are really thin. Come on, Komako-chan, you think so too, right?"
205800 ,,,,,,,,,,,,,chie,,4,,,,,"Since I said I'd support love, I have to act like I'm doing something about it."
205900 ,,,,,,,ƒRƒ}ƒR,ƒRƒ}ƒR,018_CB12_k_007.wav,komako,,20,,,,,,,,"...... Chii-chan, your skin is so smooth. You're really beautiful."
206000 ,,,,,,,çŒb,çŒb,018_CB12_c_014.wav,,,,chie,,21,,,,,"Eh heh~, thanks! I get all flustered when Komachan says that~."
206100 ,,,,,,,“[‰Ô,“[‰Ô,018_CB12_t_005.wav,,,,,,,tenka,,34,,......
206200 ,,,,,,,,,,,,,,,,tenka,,34,,"Suddenly, the sight of Tenka-chan looking bored appeared in my vision. With both hands behind her back, she was slouching and walking just one step behind us."
206300 ,,,,,,,ƒRƒ}ƒR,ƒRƒ}ƒR,018_CB12_k_008.wav,komako,,20,,,,tenka,,34,,Am I holding hands with Amanohana too?
206400 ,,,,,,,“[‰Ô,“[‰Ô,018_CB12_t_006.wav,komako,,20,,,,tenka,,31,,"W-well, it's fine..."
206500 ,,,,,,,çŒb,çŒb,018_CB12_c_015.wav,,,,chie,,4,tenka,,31,,Why? It's definitely more fun if we all connect together!
207000 ,,,,,,,“[‰Ô,“[‰Ô,018_CB12_t_008.wav,,,,,,,tenka,,16,,Well then... uh...
207100 ,,,,,,,ƒRƒ}ƒR,ƒRƒ}ƒR,018_CB12_k_009.wav,komako,,21,,,,tenka,,16,,''un'' or ''n'' (interjection)
207200 ,,,,,,,,,,,,,,,,,,,,"Komako-chan and Tenka-chan hold hands. It's lonely that they didn't come to me, but if Tenka-chan is happy, then that's fine."
207300 ,,,,,,,,,,,,,,,,,,,,"But if one hand is free, I end up wanting to touch my cock."
207400 ,,,,,,,,,,,,,,,,,,,,"I tucked my free hand into my pocket, adjusted the position of my erect penis, and gently stimulated the tip with my fingertips."
207500 ,,,,,,,,,,,,,,,,,,,,"If I climax now, it'll be a big problem. While enjoying the sensation of Chie-chan's hands, I kept stimulating my cock on the verge of cumming but couldn't come."
207800 ,,<!se_inaka_river><!se_inaka_semi>,,,,,,,,,,,,,,,,,,
207900 ,,<!move_middle>,,101,,,,,,,,,,,,,,,,"After walking for about ten minutes, you come out to a place where the view opens up."
208000 ,,,,,,,ålŒö,ƒ–¼„,,,,,,,,,,,,Oh nooo... is this the place?
208100 ,,,,,,,ƒRƒ}ƒR,ƒRƒ}ƒR,018_CB12_k_010.wav,komako,,20,,,,,,,,It's beautiful and the flow isn't fast.
208200 ,,,,,,,“[‰Ô,“[‰Ô,018_CB12_t_009.wav,komako,,20,,,,tenka,,0,,"Wow, that's actually a pretty nice spot!"
208300 ,,,,,,,çŒb,çŒb,018_CB12_c_016.wav,komako,,20,chie,,21,tenka,,0,,It looks like there's no one here. Yay!
208400 ,,<se_stop id=""1"" fadeout=""8000"">,,,,,,,,,,,,,,,,,,Chie-chan let go of my and Komako-chan's hands and ran toward the river.
208500 ,,<se_stop id=""2"" fadeout=""8000"">,,,,,,,,,,,,,,,,,,"Suddenly, my free hand feels lonely. The only thing I can do is grab my dick... but right now, it's not a situation where I can jerk off..."
208600 ,,,,,,,“[‰Ô,“[‰Ô,018_CB12_t_010.wav,,,,,,,tenka,,10,,"Hey, stop! You gotta do your warm-up exercises properly!"
208700 ,,,,,,,çŒb,çŒb,018_CB12_c_017.wav,,,,chie,,5,tenka,,10,,"Oh, right. My foot gets in the way, doesn't it?"
208800 ,,,,,,,ƒRƒ}ƒR,ƒRƒ}ƒR,018_CB12_k_011.wav,komako,,27,chie,,5,,,,,"If you drown, I'll save you."
208900 ,,,,,,,çŒb,çŒb,018_CB12_c_018.wav,komako,,27,chie,,1,,,,,Just as expected of Komachan! You're reliable!
209000 ,,,,,,,“[‰Ô,“[‰Ô,018_CB12_t_011.wav,,,,,,,tenka,,17,,"Well, I have to make sure I don't drown, right..."
209100 ,,,,,,,,,,,,,,,,,,,,"Koma-chan, who seems to be somewhat pleased to be relied upon by Chi-chan, was the only one seriously starting her warm-up exercises alone."
209200 ,,,,,,,,,,,,,,,,,,,,"I'll also do some warm-up exercises with Tenka-chan. Since I'm not young anymore and haven't been getting enough exercise, moving suddenly might lead to trouble."
209300 ,,,,,,,,,,,,,,,,,,,,"My body isn't lacking exercise, except maybe just my penis."
209400 ,,,,,,,ƒRƒ}ƒR,ƒRƒ}ƒR,018_CB12_k_012.wav,komako,,20,,,,,,,,Let's do some warm-up exercises too.
209500 ,,,,,,,çŒb,çŒb,018_CB12_c_019.wav,komako,,20,chie,,1,,,,,Yeah! Then let's do it together!
209600 ,,,,,,,,,,,,,,,,,,,,"Chi-chan started doing warm-up exercises together with Komako-chan. Komako-chan sat on the riverbank, and Chi-chan pushed her from behind to stretch."
209700 ,,,,,,,ƒRƒ}ƒR,ƒRƒ}ƒR,018_CB12_k_013.wav,komako,,26,chie,,0,,,,,"Uh... just a little, you're pressing too hard."
209800 ,,,,,,,çŒb,çŒb,018_CB12_c_020.wav,komako,,26,chie,,0,,,,,Just a little pain is perfect for me.
209900 ,,,,,,,ƒRƒ}ƒR,ƒRƒ}ƒR,018_CB12_k_014.wav,komako,,12,chie,,0,,,,,"Ah, nnn...... hah, uhh...... ahh......"
210000 ,,,,,,,çŒb,çŒb,018_CB12_c_021.wav,komako,,12,chie,,1,,,,,"Push hard, okay? If it hurts, just say so."
210100 ,,,,,,,ƒRƒ}ƒR,ƒRƒ}ƒR,018_CB12_k_015.wav,komako,,26,chie,,1,,,,,"Y-yahhh...... ah, no! Just a little, it hurts!...... Ch-chan......!"
210200 ,,,,,,,ålŒö,ƒ–¼„,,,,,,,,,,,,......That sounds nice.
210300 ,,,,,,,,,,,,,,,,,,,,"My dick reacts to Komako-chan's voice. Even though I know she's stretching, that voice is seductive."
210400 ,,,,,,,ålŒö,ƒ–¼„,,,,,,,,,,,,Amachan. Shouldn't we do stretching in pairs too?
210500 ,,,,,,,“[‰Ô,“[‰Ô,018_CB12_t_012.wav,,,,,,,tenka,,17,,"No, it's fine. It's already done."
210600 ,,,,,,,ålŒö,ƒ–¼„,,,,,,,,tenka,,17,,"Oh, I see..."
210700 ,,,,,,,,,,,,,,,,,,,,I was dumped so easily.
210800 ,,,,,,,çŒb,çŒb,018_CB12_c_022.wav,,,,chie,,0,,,,,"Now that the warm-up is done, this time it should be good, right!"
210900 ,,,,,,,ƒRƒ}ƒR,ƒRƒ}ƒR,018_CB12_k_016.wav,komako,,1,chie,,0,,,,,I can't wait.
211000 ,,,,,,,“[‰Ô,“[‰Ô,018_CB12_t_013.wav,komako,,1,chie,,0,tenka,,1,,"Okay, on three, let's take it off. Ready, set\go!"
211200 ,,,,,,,,,,,,,,,,,,,,
211300 ,,,,,,,çŒb,çŒb,018_CB12_c_023.wav,,,,"chie,swim",,1,,,,",Taah!"
211400 ,,,,,,,ƒRƒ}ƒR,ƒRƒ}ƒR,018_CB12_k_017.wav,"komako,swim",,0,,,,,,,",Ei!"
211500 ,,,,,,,“[‰Ô,“[‰Ô,018_CB12_t_014.wav,,,,,,,"tenka,swim",,1,",'Hey, wait!'' or ''Hey, stop!'"
211600 ,,,,,,,,,,,,,,,,,,,,
211700 ,,,,,,,ålŒö,ƒ–¼„,,komako,,0,chie,,1,tenka,,1,,"...oh, it's beautiful."
211800 ,,,,,,,,,,komako,,0,chie,,1,tenka,,1,,Right in front of me......a beautiful young girl in a swimsuit......three of them......!!
211900 ,,,,,,,,,,,,,,,,,,,,"His penis is swelling up plump. Unlike when I saw his pants, it's a refreshing and healthy kind of eroticism... I can't take it!"
212000 ,,,,,,,çŒb,çŒb,018_CB12_c_024.wav,,,,chie,,4,,,,,Wow! Tenka-chan's swimsuit is so cute~!!
212100 ,,,,,,,“[‰Ô,“[‰Ô,018_CB12_t_015.wav,,,,chie,,4,tenka,,38,,"Hmph, that's fine, isn't it?"
212200 ,,,,,,,ƒRƒ}ƒR,ƒRƒ}ƒR,018_CB12_k_018.wav,komako,,4,chie,,4,tenka,,38,,My stomach is sticking out. Sexy.
212300 ,,,,,,,“[‰Ô,“[‰Ô,018_CB12_t_016.wav,komako,,4,chie,,4,tenka,,3,,"Chii to Komako, why are you wearing such a swimsuit?"
212400 ,,,,,,,çŒb,çŒb,018_CB12_c_025.wav,komako,,4,chie,,24,tenka,,3,,Huh? Is that weird?
212500 ,,,,,,,“[‰Ô,“[‰Ô,018_CB12_t_017.wav,komako,,4,chie,,24,tenka,,23,,"It's not weird, but... aren't you coming over to play in swimwear?"
212600 ,,,,,,,ƒRƒ}ƒR,ƒRƒ}ƒR,018_CB12_k_019.wav,komako,,14,chie,,24,tenka,,23,,This is the only thing I have.
212700 ,,,,,,,,,,,,,,,,,,,,"From my perspective, that swimsuit has high points. I'd welcome a lot of exposure like Amana-chan's, but there's also romance in swimsuits with less exposure."
212800 ,,,,,,,“[‰Ô,“[‰Ô,018_CB12_t_018.wav,,,,,,,tenka,,21,,"Well, whatever. But let's go take a bath already!"
212900 ,,,,,,,çŒb,çŒb,018_CB12_c_026.wav,,,,chie,,1,,,,,"Chii-chan, first to board!!"
213000 ,,,,,,,“[‰Ô,“[‰Ô,018_CB12_t_019.wav,,,,,,,tenka,,10,,"Ah, that's not fair!"
213100 ,,,,,,,ƒRƒ}ƒR,ƒRƒ}ƒR,018_CB12_k_020.wav,komako,,4,,,,,,,,Wait...
213200 ,,,,,,,,,,,,,,,,,,,,Chi-chan is followed by Tenka-chan and Komako-chan as they chase after her.
213400 ,,<!se_inaka_river>,,,,,,,,,,,,,,,,,,
213500 ,,<!se_water_dive>,,,,,çŒb,çŒb,018_CB12_c_027.wav,,,,chie,,21,,,,,Wow~! It's so cold and feels great~!!
213600 ,,,,,,,“[‰Ô,“[‰Ô,018_CB12_t_020.wav,,,,,,,tenka,,24,,Hyaaah! The river is this cold...!
213700 ,,,,,,,ƒRƒ}ƒR,ƒRƒ}ƒR,018_CB12_k_021.wav,komako,,1,,,,,,,,Just about normal'' or ''This is pretty standard
213800 ,,,,,,,ålŒö,ƒ–¼„,,komako,,1,,,,,,,,"Hey, don't go too far away!"
213900 ,,,,,,,çŒb,çŒb,018_CB12_c_028.wav,,,,chie,,1,,,,,Hey! Got it!
214000 ,,,,,,,,,,,,,,,,,,,,I decided to sit near the luggage and watch the three people playing in the river.
214100 ,,,,,,,,,,,,,,,,,,,,"I want to jerk off right now, but I can't in this situation... it's painful, but I have to endure it."
214200 ,,,,,,,,,,,,,,,,,,,,"If, by any chance, an accident happens while I'm not looking, I don't have the confidence to endure the guilt."
214300 ,,<se_stop id=""2"" fadeout=""10000"">,,,,,,,,,,,,,,,,,,"Under the pretext of a grand cause, I'll take the time to observe carefully. What a sweet deal."
214500 ,,<!scene_h_begin>,,,4220000,,,,,,,,,,,,,,,
214600 ,*mem,,,,4220000,,,,,,,,,,,,,,,
214700 ,,<!se_water_play2>,5,,4220000,,çŒb,çŒb,018_CB12_c_029.wav,,,,chie,,0,,,,,Hey! Attack~!!
214900 ,,<!se_water_play3>,,,4220000,,“[‰Ô,“[‰Ô,018_CB12_t_021.wav,,,,tenka,,0,,,,,"C-Cold, isn't it? Stop it!"
215000 ,,,,,4220000,,çŒb,çŒb,018_CB12_c_030.wav,,,,chie,,0,,,,,"Hahaha! Komachan also, hee-yah!"
215100 ,,<!se_water_play4>,,,4220000,,ƒRƒ}ƒR,ƒRƒ}ƒR,018_CB12_k_022.wav,,,,komako,,0,,,,,Y-yah... it's cold. I'll do it for Chi-chan too.
215200 ,,,,,4220000,,“[‰Ô,“[‰Ô,018_CB12_t_022.wav,,,,tenka,,0,,,,,"Koma, let's attack together, chii!"
215300 ,,<!se_water_play1><!se_water_play2>,,,4220000,,çŒb,çŒb,018_CB12_c_031.wav,,,,chie,,0,,,,,"Kyaa! Doing it at the same time with two people is out of the question! Wait a minute, okay~!"
215400 ,,<!se_water_play4>,,,4220000,,ƒRƒ}ƒR,ƒRƒ}ƒR,018_CB12_k_023.wav,,,,komako,,0,,,,,''Hey! Come on!'' or ''Heave-ho! Heave-ho!'' (depending on context)
215500 ,,,,,4220000,,“[‰Ô,“[‰Ô,018_CB12_t_023.wav,,,,tenka,,0,,,,,"You're the one who ambushed me! I'll keep going, so watch out!"
215600 ,,<!se_water_play1>,,,4220000,,çŒb,çŒb,018_CB12_c_032.wav,,,,chie,,0,,,,,"Uwahppupupu...! Oichan, tasukete~!"
215700 ,,,,,4220000,,ålŒö,ƒ–¼„,,,,,,,,,,,,"Chee-chan, do your best! You're handling two people's worth of attacks alone!"
215800 ,,,,,4220000,,çŒb,çŒb,018_CB12_c_033.wav,,,,chie,,0,,,,,"One person doing the work of two... got it! Cheer up, Chi-chan, you can do it!"
215900 ,,,,,4220000,,,,,,,,,,,,,,,"Did my half-hearted cheering spark something, or did Chi-chan turn to a counterattack?"
216000 ,,<!se_water_play1><!se_water_play4>,,,4220000,,çŒb,çŒb,018_CB12_c_034.wav,,,,chie,,0,,,,,Oriya-riya-riya-riya! Now what do you think of this~!
216100 ,,<!se_water_play3>,,,4220000,,“[‰Ô,“[‰Ô,018_CB12_t_024.wav,,,,tenka,,0,,,,,"Wow, that's amazing... kyaaa!!"
216200 ,,,,,4220000,,,,,,,,,,,,,,,"The moment water splashed on her, Tenka-chan slipped on her feet."
216300 ,,,,,4220000,,ålŒö,ƒ–¼„,,,,,,,,,,,,"Ah, that's dangerous!"
216400 ,,<!se_water_play4>,,,4220000,,ƒRƒ}ƒR,ƒRƒ}ƒR,018_CB12_k_024.wav,,,,komako,,0,,,,,\Ah! That was close...
216500 ,,,,,4220000,,,,,,,,,,,,,,,"In a split second, Komako-chan reached out her hand to save Tenka-chan."
216600 ,,,,,4220000,,ƒRƒ}ƒR,ƒRƒ}ƒR,018_CB12_k_025.wav,,,,komako,,0,,,,,"This area is slippery, so... be careful, okay?"
216700 ,,,,,4220000,,“[‰Ô,“[‰Ô,018_CB12_t_025.wav,,,,tenka,,0,,,,,"Ah, thanks.... Already! It's because Chiya does unnecessary things!"
216800 ,,,,,4220000,,çŒb,çŒb,018_CB12_c_035.wav,,,,chie,,0,,,,,Oh no! I'm sorry!
216900 ,,<!se_water_play3>,,,4220000,,“[‰Ô,“[‰Ô,018_CB12_t_026.wav,,,,tenka,,0,,,,,I won't allow it! I'll punish you for it!
217000 ,,<!se_water_play2><!se_water_play4>,,,4220000,,,,,,,,,,,,,,,"That way, as they splash water at each other, everyone moves deeper in."
217100 ,,,,,4220000,,,,,,,,,,,,,,,"The riverbed may be slippery, but the current is gentle, and if you go a little deeper, you shouldn't hit any rocks even if you fall."
217200 ,,,,,4220000,,,,,,,,,,,,,,,"Drops of water are shining brightly on the skin of the beautiful girls. Ah, divine."
217300 ,$event_return,,,,,,,,,,,,,,,,,,,
217400 ,,<!scene_h_end>,,,,,çŒb,çŒb,018_CB12_c_036.wav,,,,chie,,1,,,,,"Hey, let's go deeper in there!"
217500 ,,,,,,,,,,,,,,,,,,,,
217600 ,,,,,,,“[‰Ô,“[‰Ô,018_CB12_t_027.wav,,,,tenka,,24,,,,,"Wait a minute! The current is strong, so it's a bit hard to walk..."
217700 ,,,,,,,,,,,,,,,,,,,,
217800 ,,,,,,,,,,,,,,,,,,,,......and Komako-chan stopped halfway and turned back toward the shore. Chi-chan and Tenka-chan went deeper without a care.
217900 ,,,,,,,,,,,,,,,,,,,,"Everyone is gradually going farther and farther away... I could just keep watching like this, but that would be a little boring."
218000 ,,,,,,,,,,,,,,,,,,,,Hmm... what should I do?
218100 ,$menu_begin,,,,,,,,,,,,,,,,,,,Multiple-choice options
«,"$menu_item 0,‚¿[‚¿‚á‚ñ‚Ì‚Æ‚±‚ë‚És‚­,019_CB12S",,,,,,,,,,,,,,,,,
«,"$menu_item 1,ƒRƒ}‚¿‚á‚ñ‚Ì‚Æ‚±‚ë‚És‚­,020_CB12K",,,,,,,,,,,,,,,,,
«,"$menu_item 2,‚È‚É‚à‚µ‚È‚¢,021_CB12T",,,,,,,,,,,,,,,,,
«,$menu_end,,,,,,,,,,,,,,,,,,,
218300 ,@019_CB12S,,,,,,,,,,,,,,,,,,,çŒbƒtƒ‰ƒO{‚P
218400 ,"$fadd %chie%,1",,,,,,,,,,,,,,,,,,","
218600 ,,<!Lbegin_continue>,2,101,,,,,,,,,,,,,,,,"Okay, let's go to Chi-chan's place. We were supposed to go swimming with Tenka-chan together."
218700 ,,,,,,,,,,,,,,,,,,,,"I'm a little worried about leaving Komako-chan alone, but since I'm heading toward the luggage area, she'll probably be fine."
218800 ,,,,,,,,,,,,,,,,,,,,"If that's decided, then we'll start moving immediately."
218900 ,,<!move_veryshort>,,,,,,,,,,,,,,,,,,"Walking downstream along the riverbank for a while, two small figures appeared in the distance: Chi-chan and Tenka-chan."
219000 ,,,,,,,ålŒö,ƒ–¼„,,,,,,,,,,,,......!
219100 ,,,,,,,,,,,,,,,,,,,,"Just as I was about to call out, ''Hey!'' I hurriedly covered my mouth."
219200 ,,,,,,,,,,,,,,,,,,,,The two girls in swimsuits walking ahead. There's no way not to watch them.
219300 ,,,,,,,ålŒö,ƒ–¼„,,,,,,,,,,,,Hmph... hmph...
219400 ,,,,,,,,,,,,,,,,,,,,Let's try to observe them discreetly from behind without being noticed by the two of them.
219500 ,,,,,,,,,,,,,,,,,,,,"Hmm hmm... both of you are still so small, aren't you?"
219600 ,,,,,,,çŒb,çŒb,019_CB12S_c_000.wav,,,,"chie,swim",,23,,,,",Nnsh?...tto"
219700 ,,,,,,,,,,,,,chie,,23,,,,,......Ahhh! I can see it!
219800 ,,,,,,,,,,,,,chie,,23,,,,,"Right now, Chichan's swimsuit is digging into her butt, and she shifted it with her finger!"
219900 ,,,,,,,,,,,,,chie,,23,,,,,"I also want to reach into that swimsuit, shift the swimsuit clinging to her skin, and slide it down..."
220000 ,,,,,,,“[‰Ô,“[‰Ô,019_CB12S_t_000.wav,,,,chie,,1,"tenka,swim",,32,",'Hey, where are you headed?'"
220100 ,,,,,,,çŒb,çŒb,019_CB12S_c_001.wav,,,,chie,,1,tenka,,32,,It's up ahead! I've wanted to go there from the front for a long time!
220200 ,,,,,,,“[‰Ô,“[‰Ô,019_CB12S_t_001.wav,,,,chie,,1,tenka,,3,,"Hmm, well, anywhere is fine."
220300 ,,,,,,,,,,,,,,,,,,,,"Well, even so, Tenka-chan has some bold swimsuits. Are all city kids like that?"
220400 ,,,,,,,,,,,,,,,,,,,,"Swimsuits like the school one are nice, but these kinds of swimsuits aren't bad either, huh..."
220500 ,,,,,,,,,,,,,,,,,,,,"Ah, it's so fascinating to watch. I could just keep looking at it forever..."
220600 ,,,,,,,çŒb,çŒb,019_CB12S_c_002.wav,,,,chie,,3,,,,,...hmm?
220700 ,,,,,,,,,,,,,chie,,3,,,,,Chi-chan stops and looks back.
220800 ,,,,,,,çŒb,çŒb,019_CB12S_c_003.wav,,,,chie,,1,,,,,"Ah, Uncle! Don't be over there! Come this way\come on!"
220900 ,,,,,,,,,,,,,chie,,1,,,,,Waving your hands back and forth like a chichan.
221000 ,,,,,,,,,,,,,chie,,1,,,,,Damn it! I've been found out. Oh well. I got to observe thoroughly anyway.
221100 ,,,,,,,ålŒö,ƒ–¼„,,,,,chie,,1,,,,,"Wait! I'm coming over right now... uh, wahh?!"
221200 ,,,,,,,,,,,,,chie,,1,,,,,I almost tripped and fell because my foot got caught on a stone.
221300 ,,,,,,,çŒb,çŒb,019_CB12S_c_004.wav,,,,chie,,21,,,,,"Hahaha! Hey, Uncle, you're about to fall over!"
221400 ,,,,,,,,,,,,,,,,,,,,I somehow managed to endure it by stepping on my foot.
221500 ,,,,,,,,,,,,,,,,,,,,"Whew, that was close! If I had fallen here and hit my head, that would've been bad."
221600 ,,,,,,,,,,,,,,,,,,,,"It's such a rare chance to play in the water with such cute kids. If I let this opportunity slip by, I'll regret it forever."
221700 ,,,,,,,,,,,,,,,,,,,,"This time, carefully watching your step, you head toward chi-chan's place."
221800 ,,<!move_veryshort>,,,,,“[‰Ô,“[‰Ô,019_CB12S_t_002.wav,,,,,,,tenka,,3,,...Is the uncle okay?
221900 ,,,,,,,,,,,,,,,,tenka,,3,,Tenka-chan is staring at me.
222000 ,,,,,,,ålŒö,ƒ–¼„,,,,,,,,tenka,,3,,"Yeah, I'm fine! I almost twisted my ankle, though..."
222100 ,,,,,,,“[‰Ô,“[‰Ô,019_CB12S_t_003.wav,,,,,,,tenka,,9,,"If everything's okay with that, then it's fine. But if I can't move here, it'll be a problem..."
222200 ,,,,,,,,,,,,,,,,tenka,,9,,"Uuuu, you're worried about me, right, Tenka-chan... I'm really happy about that..."
222300 ,,,,,,,çŒb,çŒb,019_CB12S_c_005.wav,,,,chie,,25,tenka,,9,,"Hey, Dad, you gotta be careful, okay? There are a lot of big rocks around here!"
222400 ,,,,,,,,,,,,,chie,,25,tenka,,9,,"Chii-chan got scolded by everyone. Hmm, I'll be careful. There really seem to be a lot of dangers around the riverbank."
222500 ,,,,,,,“[‰Ô,“[‰Ô,019_CB12S_t_004.wav,,,,chie,,25,tenka,,3,,"Or rather, what about Komako?"
222600 ,,,,,,,,,,,,,chie,,25,tenka,,3,,"Tenka-chan peeking around behind me, looking this way and that."
222700 ,,,,,,,ålŒö,ƒ–¼„,,,,,chie,,25,tenka,,3,,"Ah, yeah. Komako-chan said she was going to the baggage area or something. Maybe she forgot something?"
222800 ,,,,,,,çŒb,çŒb,019_CB12S_c_006.wav,,,,chie,,1,tenka,,3,,"It's okay! Unlike uncle, Komachan often comes here!"
222900 ,,,,,,,“[‰Ô,“[‰Ô,019_CB12S_t_005.wav,,,,chie,,1,tenka,,23,,That might be right too.... Then let's go quickly.
223000 ,,,,,,,,,,,,,chie,,1,,,,,"It seems like she's convinced. She turned around and hurriedly went ahead, Amikachan."
223100 ,,,,,,,çŒb,çŒb,019_CB12S_c_007.wav,,,,chie,,4,,,,,"...Ah! Tenka-chan, don't leave me behind~!"
223200 ,,,,,,,,,,,,,,,,,,,,That chi-chan chasing after such a cute Amakuran-chan.
223300 ,,,,,,,,,,,,,,,,,,,,"Oh, how adorable those two are... but I can't get distracted now. I have to chase after them too."
223400 ,,,,,,,çŒb,çŒb,019_CB12S_c_008.wav,,,,,,,,,,,"Hey, Dad, you're so late~~~!"
223500 ,,,,,,,ålŒö,ƒ–¼„,,,,,,,,,,,,"Even if you say that... surprisingly, this place... has a lot of rocks..."
223600 ,,,,,,,,,,,,,,,,,,,,"There are so many rough, lumpy rocks everywhere, and it's really hard to walk. How can the two of them move forward so smoothly?"
223700 ,,,,,,,,,,,,,,,,,,,,"Struggling on the unfamiliar riverbank, I desperately chased after chi-chan and the others."
223900 ,,<!timepass_short>,,,,,,,,,,,,,,,,,,"We caught up with Komako-chan who came chasing after us from behind, and we headed to the place that chi-chan was guiding us to."
224000 ,,,,,,,çŒb,çŒb,019_CB12S_c_009.wav,,,,chie,,1,,,,,...tochakku!
224100 ,,,,,,,ålŒö,ƒ–¼„,,,,,chie,,1,,,,,Where is this...?
224200 ,,,,,,,,,,,,,chie,,1,,,,,A large rock like a diving platform can be seen.
224300 ,,,,,,,çŒb,çŒb,019_CB12S_c_010.wav,,,,chie,,0,,,,,Jumping in from there with a 'DOOBOON!' feels so amazing!
224400 ,,,,,,,ålŒö,ƒ–¼„,,,,,chie,,0,,,,,Dob'n...?
224500 ,,,,,,,,,,,,,chie,,0,,,,,The river flowing beneath the rocks seems to be quite deep. The flow of the water is also quite slow.
224600 ,,,,,,,,,,,,,chie,,0,,,,,I see... maybe this is a place to test one's courage?
224700 ,,,,,,,,,,,,,chie,,0,,,,,"It feels kind of dangerous, but maybe this is normal in the countryside?"
224800 ,,,,,,,ålŒö,ƒ–¼„,,,,,chie,,0,,,,,From up there on that rock over there... you're gonna jump?
224900 ,,,,,,,çŒb,çŒb,019_CB12S_c_011.wav,,,,chie,,21,,,,,Yeah! Everyone's jumping in from over there!
225000 ,,,,,,,,,,,,,chie,,21,,,,,"Chii-chan, pointing at the top of the rock and saying, ''There, there.''"
225100 ,,,,,,,,,,,,,chie,,21,,,,,"Hmm, it's pretty high, but the river is deep so I guess there won't be any injuries. But... yeah..."
225200 ,,,,,,,ålŒö,ƒ–¼„,,,,,chie,,21,,,,,Does Komako-chan or Tenka-chan dive in?
225300 ,,,,,,,ƒRƒ}ƒR,ƒRƒ}ƒR,019_CB12S_k_000.wav,"komako,swim",,14,chie,,21,,,,",'This is the first time I've come here, but... if Chii-chan jumps in with me... then it's okay...'"
225400 ,,,,,,,,,,komako,,14,chie,,21,,,,,"That's so weak, Komako-chan."
225500 ,,,,,,,,,,komako,,14,chie,,21,,,,,"It might be something like, ''I'm actually scared, but if I'm with chi-chan, I can probably manage to jump in.''"
225600 ,,,,,,,,,,komako,,14,chie,,21,,,,,"Well, it really does seem scary no matter how you look at it... It's expensive, and even if it says the water below is safe, I doubt it..."
225700 ,,,,,,,ålŒö,ƒ–¼„,,,,,,,,,,,,What about Amanohana?
225800 ,,,,,,,“[‰Ô,“[‰Ô,019_CB12S_t_006.wav,,,,,,,tenka,,24,,"Ah, maybe I can't do it..."
225900 ,,,,,,,çŒb,çŒb,019_CB12S_c_011a.wav,,,,,,,tenka,,24,,"Hey, Tenka-chan, aren't you gonna jump in?"
226000 ,,,,,,,“[‰Ô,“[‰Ô,019_CB12S_t_007.wav,,,,,,,tenka,,30,,I've never done that kind of play in the city... the rocks are too high.
226100 ,,,,,,,ålŒö,ƒ–¼„,,,,,,,,tenka,,30,,"Yeah, yeah. I think that reaction is normal. Even that height is scary, right?"
226200 ,,,,,,,“[‰Ô,“[‰Ô,019_CB12S_t_008.wav,,,,,,,tenka,,34,,"......Yeah, right! Uncle thinks so too, right?"
226300 ,,,,,,,,,,,,,,,,tenka,,34,,Tenka-chan let out a sigh of relief and patted her chest.
226400 ,,,,,,,,,,,,,,,,tenka,,34,,"For a modern kid like Tenka-chan, it seems pretty tough. Yeah, I get it. Even I'd find it hard."
226500 ,,,,,,,çŒb,çŒb,019_CB12S_c_012.wav,,,,chie,,0,,,,,"Hmmmm, then today, let's go do some Dob'n with oj'chan together, huh~!"
226600 ,,,,,,,ålŒö,ƒ–¼„,,,,,chie,,0,,,,,...huh?
226700 ,,,,,,,çŒb,çŒb,019_CB12S_c_013.wav,,,,chie,,1,,,,,"'Not 'eh?'! Uncle's doing his first 'dove' today, so I'll fly with you, little sister!'"
226800 ,,,,,,,,,,,,,chie,,1,,,,,Will Chi-chan fly with me too...?
226900 ,,,,,,,,,,,,,chie,,1,,,,,"That's a really wonderful invitation, but... it's a bit too challenging for me, I guess."
227000 ,,,,,,,ålŒö,ƒ–¼„,,,,,chie,,1,,,,,"Ah, um... well, I'm not really good at that kind of thing, or..."
227100 ,,,,,,,çŒb,çŒb,019_CB12S_c_014.wav,,,,"chieL,swim",,21,,,,",'Okay-okay-okay! Come on, come on, this way this way!'"
227200 ,,<!move_veryshort>,,,,,,,,,,,chieL,,21,,,,,Chii-chan pulling my arm hard.
227300 ,,,,,,,,,,,,,chieL,,21,,,,,"Wait, you pulled that hard...!? Uh, this situation... Could it be that my arm is touching Chi-chan's swimsuit?"
227400 ,,,,,,,,,,,,,chieL,,21,,,,,That means... this feeling... it's Chi-chan's boobs!
227500 ,,,,,,,,,,,,,chieL,,21,,,,,"Through the swimsuit, it's a bit hard to tell, but there's definitely a slight, soft, squishy feel to it..."
227600 ,,,,,,,,,,,,,chieL,,21,,,,,"Yeah, this feel is undeniable. This is Chi-chan's boobs."
227700 ,,,,,,,,,,,,,chieL,,21,,,,,That small chest of Chii-chan seen in the bath. A compact chest that would fit perfectly in the palm of my hand.
227800 ,,,,,,,,,,,,,chieL,,21,,,,,"Ah, I'm happy... Who would have thought it would come to this... I had a little hope, but to realize it so soon..."
227900 ,,,,,,,çŒb,çŒb,019_CB12S_c_015.wav,,,,chieL,,20,,,,,"Hey, you're really fired up, aren't you? Come on, keep it up and go all out!"
228100 ,,,,,,,,,,,,,,,,,,,,Hyuuuuuuu~.
228200 ,,,,,,,ålŒö,ƒ–¼„,,,,,,,,,,,,......huh?
228300 ,,,,,,,,,,,,,,,,,,,,What is this pleasant wind?
228400 ,,,,,,,ålŒö,ƒ–¼„,,,,,,,,,,,,\What!? W-wa-wa-wa!? How did you get here!?
228500 ,,,,,,,,,,,,,,,,,,,,Why on a rock?!
228600 ,,,,,,,,,,,,,,,,,,,,"Wait, maybe... you were so obsessed with Chi-chan's boobs that you didn't even realize you were dragged up to the top of the rock or something!?"
228700 ,,,,,,,,,,,,,,,,,,,,"No, but this is really too much! It's too expensive! It's dangerous too!"
228800 ,,,,,,,çŒb,çŒb,019_CB12S_c_016.wav,,,,chieL,,20,,,,,"Hey, Dad, come on, jump! Jump\!"
228900 ,,,,,,,ålŒö,ƒ–¼„,,,,,chieL,,20,,,,,"No, it's impossible! Th-this kind of thing......!"
229000 ,,,,,,,çŒb,çŒb,019_CB12S_c_017.wav,,,,chieL,,29,,,,,"Eh~, that's so boring! If we just go for it, it'd definitely be fun~!"
229100 ,,,,,,,çŒb,çŒb,019_CB12S_c_018.wav,,,,chieL,,21,,,,,"Hey! I'll push your back! Okay, Uncle, five!"
229200 ,,,,,,,ålŒö,ƒ–¼„,,,,,chieL,,2,,,,,"''Wait, ch'cha...... ahh, ahhahahahah"
229300 ,,,,,,,,,,,,,,,,,,,,"My body was thrown into the air, gravity pulling at me, and I fell into the river \."
229600 ,,<!se_water_dive><se_loop file=""underwater"" id=""1"" fadein=""300"" fadeout=""1000"">,,,,,,,,,,,,,,,,,,Dobooooooooo
229700 ,,,,,,,ålŒö,ƒ–¼„,,,,,,,,,,,,"Nngguu......nbuh, buhhaaah! Ch, nnguuh......kore, matte......haaah, nbaaahh......!"
229800 ,,,,,,,,,,,,,,,,,,,,All the air in my lungs has been knocked out by the impact of hitting the water! Air... airr!
229900 ,,,,,,,,,,,,,,,,,,,,"Oh, no, this won't do... swimming is something I haven't done in a while... suddenly like this, my legs feel like they might cramp..."
230000 ,,,,,,,ålŒö,ƒ–¼„,,,,,,,,,,,,"K-ki, to the shore... hah... nguh... buhah...!"
230100 ,,<se_stop id=""1"" fadeout=""2000""><!se_water_play1>,,,,,,,,,,,,,,,,,,I struggled to move my cramping legs and barely made it to the riverbank.
230200 ,,<!se_water_play3>,,,,,ålŒö,ƒ–¼„,,,,,,,,,,,,Haaaa...... haaaa...... I thought I was gonna die......
230300 ,,,,,,,,,,,,,,,,,,,,"I thought it was just playing around, but it almost cost me my life. Close one, close one."
230400 ,,,,,,,,,,,,,,,,,,,,"But now, I've reached my physical limit. I should lie down for a while and recover my strength...."
230500 ,,,,,,,çŒb,çŒb,019_CB12S_c_019.wav,,,,,,,,,,,Oi-chan~~~!!
230600 ,,,,,,,,,,,,,,,,,,,,The voices of the Chi-chan kids. Getting closer and closer.
230700 ,,,,,,,,,,,,,,,,,,,,"Sorry, I don't have the energy to get up right now... just let me sleep like this for a little while longer..."
231000 ,,<s_fade time=""800"" type=""wipe"" param=""dir=down&width=500"">,,9000,,,ålŒö,ƒ–¼„,,,,,,,,,,,,............
231100 ,,,,,,,çŒb,çŒb,019_CB12S_c_020.wav,,,,,,,,,,,"Hey, Uncle... are you okay?"
231200 ,,,,,,,ålŒö,ƒ–¼„,,,,,,,,,,,,......
231300 ,,,,,,,“[‰Ô,“[‰Ô,019_CB12S_t_009.wav,,,,,,,,,,,"......Maybe Chii pushed me really hard...... Uncle, you fell down......?"
231400 ,,,,,,,ƒRƒ}ƒR,ƒRƒ}ƒR,019_CB12S_k_001.wav,,,,,,,,,,,"It's not like that. After all, Chi-chan always jumps in and is fine..."
231500 ,,,,,,,“[‰Ô,“[‰Ô,019_CB12S_t_010.wav,,,,,,,,,,,"So, but... then, why did Uncle collapse...?"
231600 ,,,,,,,çŒb,çŒb,019_CB12S_c_021.wav,,,,,,,,,,,Was the way I entered wrong...?
231700 ,,,,,,,“[‰Ô,“[‰Ô,019_CB12S_t_010a,,,,,,,,,,,"Hey, Chii... Uncle, are you waking up, right?"
231800 ,,,,,,,çŒb,çŒb,019_CB12S_c_021a,,,,,,,,,,,Tenkachan...?
231900 ,,,,,,,“[‰Ô,“[‰Ô,019_CB12S_t_010b,,,,,,,,,,,"Mom said... if you hit your head, you might collapse..."
232000 ,,,,,,,ƒRƒ}ƒR,ƒRƒ}ƒR,019_CB12S_k_002.wav,,,,,,,,,,,"Maybe... when Uncle fell into the river, he hit his head or something?"
232100 ,,,,,,,çŒb,çŒb,019_CB12S_c_021b,,,,,,,,,,,"Well, if you put it that way, I guess it did fall right out of my head..."
232300 ,,,,,,,çŒb,çŒb,019_CB12S_c_021c,,,,,,,,,,,"So, did Chii-chan... defeat the old man?"
232400 ,,,,,,,ålŒö,ƒ–¼„,,,,,,,,,,,,......
232500 ,,,,,,,,,,,,,,,,,,,,It seems like I briefly lost consciousness. Could it have been due to oxygen deprivation?
232600 ,,,,,,,,,,,,,,,,,,,,"Still, it seems like the conversation is heading in a pretty dangerous direction. I'm still alive, though..."
232700 ,,,,,,,,,,,,,,,,,,,,I wonder what would happen if I kept pretending to be knocked out like this?
232800 ,,,,,,,,,,,,,,,,,,,,"Well, it would be bad to push someone who resists, so I won't punish chi-chan."
232900 ,,,,,,,çŒb,çŒb,019_CB12S_c_021d,,,,,,,,,,,"''Hey, we gotta save Uncle! K-K-K-K-K"
233200 ,,"<se file=""body_hit_soft""><shake target=""sc"" time=""500,500"" x=""10,160,0"" y=""-150,270,0"">",,,,,,,,,,,,,",,,,,'\\Boom! (or ''Thud!'' / ''Crash!'')'"
233300 ,,<!scene_h_begin>,13,,1110000,,,,,,,,,,,,,,,
233400 ,*mem,,,,1110000,,,,,,,,,,,,,,,
233500 ,,,13,,1110000,,,,,,,,,,,,,,,I involuntarily opened my eyes at the sensation of something landing on my body.
233600 ,,,,,1110000,,,,,,,,,,,,,,,"In a panic, I closed my eyes tightly and then peeked through my eyelids. There, what I saw was the sight of Chi-chan riding on top of me."
233700 ,,,,,1110000,,,,,,,,,,,,,,,"Wow, this is... a real treat for the eyes! What an amazing view!"
233800 ,,,,,1110000,,,,,,,,,,,,,,,How close Chii-chan's swimsuit figure is... and she's even riding on top of me like that...!
233900 ,,,,,1110000,,,,,,,,,,,,,,,The smooth feel of the thighs and the sensation of the crotch's swimsuit fabric directly transmitting to the skin.
234000 ,,,,,1110000,,ƒRƒ}ƒR,ƒRƒ}ƒR,019_CB12S_k_003.wav,,,,komako,,0,,,,,"Chi-chan, what are you planning to do?"
234100 ,,,,,1110000,,çŒb,çŒb,019_CB12S_c_022.wav,,,,chie,,0,,,,,"I saw it on TV! To help someone who has collapsed, you just need to massage their chest!"
234200 ,,,,,1110000,,çŒb,çŒb,019_CB12S_c_023.wav,,,,chie,,0,,,,,"Oichan, I fell down... so, Chichan has to help!"
234300 ,,,,,1110000,,,,,,,,,,,,,,,A small hand belonging to chi-chan was placed on my chest. My chest area started being pressed tightly.
234400 ,,,,,1110000,,,,,,,,,,,,,,,"This... this is... something indescribable. It's a bit painful, but not that painful. It's a ticklish, strange sensation."
234500 ,,,,,1110000,,ƒRƒ}ƒR,ƒRƒ}ƒR,019_CB12S_k_004.wav,,,,komako,,0,,,,,"Cheer up, Chi-chan!'' or ''Do your best, Chi-chan!"
234600 ,,,,,1110000,,“[‰Ô,“[‰Ô,019_CB12S_t_011.wav,,,,tenka,,0,,,,,"Chii, fight......!"
234700 ,,,,,1110000,,,,,,,,,,,,,,,Komako-chan and Tenka-chan also seem to be cheering for chi-chan.
234800 ,,,,,1110000,,çŒb,çŒb,019_CB12S_c_024.wav,,,,chie,,0,,,,,Uh... uh... is this around here...? Uh... uh...
234900 ,,,,,1110000,,,,,,,,,,,,,,,Chii-chan desperately presses her chest area.
235000 ,,,,,1110000,,,,,,,,,,,,,,,"On top of me, a cute girl is doing up-and-down movements over and over again. It's like cowgirl."
235100 ,,,,,1110000,,,,,,,,,,,,,,,"This situation... uh, it's bad. My dick's gonna get hard like this, isn't it...?"
235200 ,,,,,1110000,,,,,,,,,,,,,,,"If I really get an erection, she'll notice that I'm awake. Then I'll get in trouble."
235300 ,,,,,1110000,,,,,,,,,,,,,,,I focus on mental unification to endure the stimuli that Chichan gives me.
235400 ,,,,,1110000,,ålŒö,ƒ–¼„,,,,,,,,,,,,............
235500 ,,,,,1110000,,çŒb,çŒb,019_CB12S_c_025.wav,,,,chie,,0,,,,,Why... why won't Uncle wake up...?
235600 ,,,,,1110000,,“[‰Ô,“[‰Ô,019_CB12S_t_012.wav,,,,tenka,,0,,,,,'Is the way I'm doing it wrong or something...?'
235700 ,,,,,1110000,,çŒb,çŒb,019_CB12S_c_026.wav,,,,chie,,0,,,,,Huh? Wasn't it like this on TV\?
235800 ,,,,,1110000,,ƒRƒ}ƒR,ƒRƒ}ƒR,019_CB12S_k_005.wav,,,,komako,,0,,,,,Is the place to press different or something?
235900 ,,,,,1110000,,çŒb,çŒb,019_CB12S_c_027.wav,,,,chie,,0,,,,,"Hmm, where do I press... I don't remember that far!"
236000 ,,,,,1110000,,,,,,,,,,,,,,,"You're starting to get teary-eyed, Chii-chan."
236100 ,,,,,1110000,,,,,,,,,,,,,,,"It's a bit pitiful, but this is punishment, so there's nothing to be done about it."
236200 ,,,,,1110000,,çŒb,çŒb,019_CB12S_c_028.wav,,,,chie,,0,,,,,Hmm... maybe a little lower? Around here...?
236300 ,,,,,1110000,,ålŒö,ƒ–¼„,,,,,,,,,,,,'.........!!?'
236400 ,,,,,1110000,,,,,,,,,,,,,,,What? Chichan!? Where are you touching?!
236500 ,,,,,1110000,,,,,,,,,,,,,,,"That's your stomach... ugh, hold on! It's ticklish, but... you can take it, me!"
236600 ,,,,,1110000,,,,,,,,,,,,,,,"Well, if you're going to do it, maybe you'd like me to massage a bit lower down too... or something like that."
236800 ,,,,,1110010,,,,,,,,,,,,,,,plump plump plump.
236900 ,,,,,1110010,,çŒb,çŒb,019_CB12S_c_029.wav,,,,chie,,0,,,,,...uh...!?
237000 ,,,,,1110010,,,,,,,,,,,,,,,"Oh no! I was thinking about something weird, and before I knew it, it got really big!"
237100 ,,,,,1110010,,çŒb,çŒb,019_CB12S_c_030.wav,,,,chie,,0,,,,,"Maybe... u, it moved...?"
237200 ,,,,,1110010,,,,,,,,,,,,,,,"Hold it back... hold it back. Don't think about anything, or we'll be found out like this!"
237300 ,,,,,1110010,,,,,,,,,,,,,,,"What about something else... yeah, let's think about the snacks that will be stocked in the store next time."
237400 ,,,,,1110010,,,,,,,,,,,,,,,"By the way, it seems like we haven't received much stock of snack-type confectionery lately."
237500 ,,,,,1110010,,,,,,,,,,,,,,,"Since not many people were buying it, I was skipping it, but maybe I could stock a little bit."
237600 ,,,,,1110010,,,,,,,,,,,,,,,"The boy seems to like things like potato chips, but maybe the girl doesn't like them so much?"
237700 ,,,,,1110010,,,,,,,,,,,,,,,"So it's like a bat-shaped chocolate, right? Thick and hard, and delicious too..."
237800 ,,,,,1110010,,,,,,,,,,,,,,,"......no, no! It's no good! Uh, if I think about that... again, my groin...!"
237900 ,,,,,1110010,,çŒb,çŒb,019_CB12S_c_031.wav,,,,chie,,0,,,,,"Hey, it's really moving! Because, from this side... it's pushing up Chi-chan!"
238000 ,,,,,1110010,,“[‰Ô,“[‰Ô,019_CB12S_t_013.wav,,,,tenka,,0,,,,,"Huh, really...? Where......?"
238100 ,,,,,1110010,,çŒb,çŒb,019_CB12S_c_032.wav,,,,chie,,0,,,,,So... around the area of Chi-chan's butt...?
238200 ,,,,,1110010,,,,,,,,,,,,,,,"Well, it's bad! It's over... over, my son!"
238300 ,,,,,1110010,,,,,,,,,,,,,,,"Focus your mind\yes! At times like these, maybe you should think about mature women's panties."
238400 ,,,,,1110010,,,,,,,,,,,,,,,"Floppy floppy pants with loose rubber bands... unlike Mr. Bear's pants, they're mature... mysterious, seductive pants, like those worn by a mature woman."
238500 ,,,,,1110010,,ålŒö,ƒ–¼„,,,,,,,,,,,,......
238700 ,,,,,1110000,,“[‰Ô,“[‰Ô,019_CB12S_t_014.wav,,,,tenka,,0,,,,,......? What's moving? It's the same as before. It's not twitching at all.
238800 ,,,,,1110000,,çŒb,çŒb,019_CB12S_c_033.wav,,,,chie,,0,,,,,"Oh no, really?! But you were moving around a lot just a moment ago, weren't you~?!"
238900 ,,,,,1110000,,,,,,,,,,,,,,,......whew. It seems to have worked out.
239000 ,,,,,1110000,,,,,,,,,,,,,,,"Well, that's a start for me, huh? Mature woman's panties... maybe that was quite a turning point for me."
239100 ,,,,,1110000,,,,,,,,,,,,,,,"No, that's not it? I'm not saying I dislike mature women at all. But I just prefer younger girls."
239200 ,,,,,1110000,,,,,,,,,,,,,,,This method might be usable again. It's perfect for an emergency measure.
239300 ,,,,,1110000,,ƒRƒ}ƒR,ƒRƒ}ƒR,019_CB12S_k_006.wav,,,,komako,,0,,,,,I believe in it. Chi-chan's thing.
239400 ,,,,,1110000,,çŒb,çŒb,019_CB12S_c_034.wav,,,,chie,,0,,,,,"Uh... thanks, Komachan..."
239500 ,,,,,1110000,,,,,,,,,,,,,,,"Did I think I wasn't moving, or did she just return to her teary-eyed state again?"
239600 ,,,,,1110000,,çŒb,çŒb,019_CB12S_c_035.wav,,,,chie,,0,,,,,Come on! Why won't Uncle wake up?! When little sister is working so hard like this\!
239700 ,,,,,1110000,,,,,,,,,,,,,,,"A little fed-up and pushing on my chest, chi-chan."
239800 ,,,,,1110000,,,,,,,,,,,,,,,"It's not painful, but if you keep jumping around like that, my little sister's *thing* will keep hitting my crotch..."
239900 ,,,,,1110000,,,,,,,,,,,,,,,"Ughhh, this is bad. If I keep going like this, I might get hard again..."
240000 ,,,,,1110000,,çŒb,çŒb,019_CB12S_c_036.wav,,,,chie,,0,,,,,"\Wait! Rescue is, jink? koky?? We must do it!"
240100 ,,,,,1110000,,“[‰Ô,“[‰Ô,019_CB12S_t_015.wav,,,,tenka,,0,,,,,What's ''jin-k?-ky?''? What's that?
240200 ,,,,,1110000,,çŒb,çŒb,019_CB12S_c_037.wav,,,,chie,,0,,,,,"I don't really get it, but it's the kind where you blow through your mouth!"
240300 ,,,,,1110000,,ƒRƒ}ƒR,ƒRƒ}ƒR,019_CB12S_k_007.wav,,,,komako,,0,,,,,......!?
240400 ,,,,,1110000,,çŒb,çŒb,019_CB12S_c_038.wav,,,,chie,,0,,,,,"Komachan, do you know?"
240500 ,,,,,1110000,,ƒRƒ}ƒR,ƒRƒ}ƒR,019_CB12S_k_008.wav,,,,komako,,0,,,,,"Uh, like, you know... that is..."
240600 ,,,,,1110000,,,,,,,,,,,,,,,"Komako-chan speaks with a stammer, mumbling."
240700 ,,,,,1110000,,,,,,,,,,,,,,,"I never thought it would come to the point of giving artificial respiration. This is a once-in-a-thousand-years opportunity, isn't it!"
240800 ,,,,,1110000,,,,,,,,,,,,,,,"Well, it's not like I have a guilty conscience or anything. This is just a punishment for Chi-chan. It just so happened that I ended up doing artificial respiration as part of it!"
240900 ,,,,,1110000,,çŒb,çŒb,019_CB12S_c_039.wav,,,,chie,,0,,,,,"Komachan, if you know how to do a 'jin-k?-koky?,' do it! Blow into Oichan's mouth!"
241000 ,,,,,1110000,,ƒRƒ}ƒR,ƒRƒ}ƒR,019_CB12S_k_009.wav,,,,komako,,0,,,,,"W-well, I... that... that kind of thing... with Chi-chan..."
241100 ,,,,,1110000,,çŒb,çŒb,019_CB12S_c_040.wav,,,,chie,,0,,,,,......Chi-chan?
241200 ,,,,,1110000,,ƒRƒ}ƒR,ƒRƒ}ƒR,019_CB12S_k_010.wav,,,,komako,,0,,,,,"Ah, no... I didn't mean that... ah, but... um..."
241300 ,,,,,1110000,,,,,,,,,,,,,,,"Komako-chan, flustered and turning bright red."
241400 ,,,,,1110000,,,,,,,,,,,,,,,"Well, artificial respiration is like kissing, you know. For Komako-chan who knows about kissing, she probably wants to do it with chi-chan."
241500 ,,,,,1110000,,,,,,,,,,,,,,,It's so fresh and nice to see Komako-chan in such a flustered state. She's super cute.
241600 ,,,,,1110000,,çŒb,çŒb,019_CB12S_c_041.wav,,,,chie,,0,,,,,"Hmm? If Komachan can't do it... then Tenkachan, you do it!"
241700 ,,,,,1110000,,“[‰Ô,“[‰Ô,019_CB12S_t_016.wav,,,,tenka,,0,,,,,Eh? It's me!? But that... with the old man... kissing...
241800 ,,,,,1110000,,,,,,,,,,,,,,,"This time it's Tenka-chan, huh? If anyone can do CPR for me, that's a big welcome!"
241900 ,,,,,1110000,,,,,,,,,,,,,,,But Amakagari-chan also doesn't seem very enthusiastic about it.
242000 ,,,,,1110000,,,,,,,,,,,,,,,Maybe...... does Tenka-chan also know about kissing?
242100 ,,,,,1110000,,çŒb,çŒb,019_CB12S_c_042.wav,,,,chie,,0,,,,,"...Got it! So, Chi-chan is going to give Oji-chan a jin-k? koky?..."
242200 ,,,,,1110000,,ƒRƒ}ƒR,ƒRƒ}ƒR,019_CB12S_k_011.wav,,,,komako,,0,,,,,"...no, it's no good!"
242300 ,,,,,1110000,,çŒb,çŒb,019_CB12S_c_043.wav,,,,chie,,0,,,,,Koma-chan...?
242400 ,,,,,1110000,,ƒRƒ}ƒR,ƒRƒ}ƒR,019_CB12S_k_012.wav,,,,komako,,0,,,,,Chi-chan is... no good!
242500 ,,,,,1110000,,çŒb,çŒb,019_CB12S_c_044.wav,,,,chie,,0,,,,,Eh......eh? No......?
242600 ,,,,,1110000,,,,,,,,,,,,,,,The ch'chan's head is completely ''???''.
242700 ,,,,,1110000,,ålŒö,ƒ–¼„,,,,,,,,,,,,......!!
242800 ,,,,,1110000,,,,,,,,,,,,,,,The sensation of a swimsuit rubbing against my lower abdomen.
242900 ,,,,,1110000,,,,,,,,,,,,,,,"Oh, oh\Chi-chan... your position changed, and Chi-chan's... there... hit against my... thing!"
243100 ,,,,,1110010,,,,,,,,,,,,,,,mu ku mu ku mu ku.
243200 ,,,,,1110010,,çŒb,çŒb,019_CB12S_c_045.wav,,,,chie,,0,,,,,......n...ahhh......
243300 ,,,,,1110010,,,,,,,,,,,,,,,The sweet voice that slipped from chi-chan's mouth. My erect dick is right up against chi-chan's place.
243400 ,,,,,1110010,,,,,,,,,,,,,,,"Hmm, maybe... Chii-chan, was that... nice for you too?"
243500 ,,,,,1110010,,çŒb,çŒb,019_CB12S_c_046.wav,,,,chie,,0,,,,,"Hey, Uncle...? You're kinda waking up...?"
243600 ,,,,,1110010,,,,,,,,,,,,,,,"Oh no, I messed up. Did I get completely found out...?"
243700 ,,,,,1110010,,,,,,,,,,,,,,,"But... I can't take it anymore! With my dick hitting Chichan's there, I can't do anything about it!"
243800 ,,,,,1110010,,ålŒö,ƒ–¼„,,,,,,,,,,,,......
243900 ,,,,,1110010,,,,,,,,,,,,,,,"Just a little bit, okay? Just a little... like, just the tip, hitting right there on chi-chan's..."
244000 ,,,,,1110010,,çŒb,çŒb,019_CB12S_c_047.wav,,,,chie,,0,,,,,"Oh, Uncle... nngh, ahh! ... Is it... moving? ... Almost... waking up...?"
244100 ,,,,,1110010,,çŒb,çŒb,019_CB12S_c_048.wav,,,,chie,,0,,,,,Gotta push through! ... Chii-chan's gonna... save Oji-chan!
244300 ,,,,,1110020,,,,,,,,,,,,,,,"Cheer up, Chi-chan. She starts moving more vigorously on her chest than before."
244400 ,,,,,1110020,,,,,,,,,,,,,,,"Well, if you move so wildly... Chii-chan's... thing... is hitting...!"
244500 ,,,,,1110020,,,,,,,,,,,,,,,"Come on, we can't lose here too! I'll thrust up from below into Chi-chan's\there!"
244600 ,,,,,1110020,,çŒb,çŒb,019_CB12S_c_049.wav,,,,chie,,0,,,,,"N-nyahhh...... hahh, nn...... Ojichan...... h-hurry up, wake up......!"
244700 ,,,,,1110020,,,,,,,,,,,,,,,Rub the erect penis against the inner thigh from below.
244800 ,,,,,1110020,,,,,,,,,,,,,,,It's quite difficult to rub your dick against a moving chichi-chan without arousing too much suspicion.
244900 ,,,,,1110020,,,,,,,,,,,,,,,"Damn, if only we could move in sync, Chi-chan... then we could both feel good together!"
245000 ,,,,,1110020,,ålŒö,ƒ–¼„,,,,,,,,,,,,......!
245100 ,,,,,1110020,,,,,,,,,,,,,,,"Lift your hips slightly, and every time chi-chan's body moves, your dick would slightly stick out and rub against it."
245200 ,,,,,1110020,,,,,,,,,,,,,,,"The timing of when it will hit is unpredictable randomness, and the chilling sensation that comes when it does hit."
245300 ,,,,,1110020,,,,,,,,,,,,,,,"Oh no, this... it might feel really good..."
245400 ,,,,,1110020,,çŒb,çŒb,019_CB12S_c_050.wav,,,,chie,,0,,,,,"Haaaaahhh...... ah, nnnn...... fuuuuhhh...... haaaahhh...... what, is this...... it's kinda hot......!"
245500 ,,,,,1110020,,çŒb,çŒb,019_CB12S_c_051.wav,,,,chie,,0,,,,,"Rescue... it's difficult... maybe I'm tired...? Nnnn, ahh... huh... nnahhh...!"
245600 ,,,,,1110020,,,,,,,,,,,,,,,It looks like Chi-chan is getting a little turned on too. But it seems like she doesn't know why she's like that.
245700 ,,,,,1110020,,,,,,,,,,,,,,,This is convenient. Let me try a little harder... how about going all out?
245800 ,,,,,1110020,,,,,,,,,,,,,,,Try thrusting your chin-chin energetically in time with Chi-chan's movements.
245900 ,,,,,1110020,,çŒb,çŒb,019_CB12S_c_052.wav,,,,chie,,0,,,,,...ngh...ahhh!!
246000 ,,,,,1110020,,,,,,,,,,,,,,,"Huge success! With this timing, I can make everyone feel chi-chan's presence without anyone noticing!"
246100 ,,,,,1110020,,“[‰Ô,“[‰Ô,019_CB12S_t_017.wav,,,,tenka,,0,,,,,"Hmm, what's wrong? ... Your face looks kinda red..."
246200 ,,,,,1110020,,çŒb,çŒb,019_CB12S_c_053.wav,,,,chie,,0,,,,,It's okay... maybe this massage... is pretty tiring... maybe that's why...
246300 ,,,,,1110020,,ƒRƒ}ƒR,ƒRƒ}ƒR,019_CB12S_k_013.wav,,,,komako,,0,,,,,"Chii-chan, don't push yourself too hard, okay...?"
246400 ,,,,,1110020,,çŒb,çŒb,019_CB12S_c_054.wav,,,,chie,,0,,,,,Umm... thanks. But I think it's almost over...
246500 ,,,,,1110020,,,,,,,,,,,,,,,"Just a little more... yeah, maybe you're right about that."
246600 ,,,,,1110020,,,,,,,,,,,,,,,If I keep doing something this naughty... maybe I... can't hold it anymore...
246700 ,,,,,1110020,,çŒb,çŒb,019_CB12S_c_055.wav,,,,chie,,0,,,,,Haaaa... haaaa... Uncle... wake up already...!
246800 ,,,,,1110020,,ƒRƒ}ƒR,ƒRƒ}ƒR,019_CB12S_k_014.wav,,,,komako,,0,,,,,"Cheer up, Chi-chan......!"
246900 ,,,,,1110020,,,,,,,,,,,,,,,I can feel everyone's gaze directed at me.
247000 ,,,,,1110020,,,,,,,,,,,,,,,Is this... maybe a shame play? Doing something so erotic in front of everyone... and not getting caught. It's amazing!
247100 ,,,,,1110020,,,,,,,,,,,,,,,I'm already feeling super charged up! I want to rub it all over Chii-chan even more! ...
247200 ,,,,,1110020,,çŒb,çŒb,019_CB12S_c_056.wav,,,,chie,,0,,,,,"......n-nyahhh......aaah, nn......haaaahh! oi-cha......nnn, haaah......ah......!"
247300 ,,,,,1110020,,,,,,,,,,,,,,,A sweeter voice than before leaks from Chi-chan's mouth.
247400 ,,,,,1110020,,,,,,,,,,,,,,,"Oh, Chii-chan, how cute you are! I want to reach out and touch all over you through your swimsuit...!"
247500 ,,,,,1110020,,çŒb,çŒb,019_CB12S_c_057.wav,,,,chie,,0,,,,,Ahh......nngh......nn......ahh......ahh......nngh......fuuunngh......!
247600 ,,,,,1110020,,çŒb,çŒb,019_CB12S_c_058.wav,,,,chie,,0,,,,,"Oh no, something's wrong... it's really... so hot... ahhhh... haaaahhh..."
247700 ,,,,,1110020,,,,,,,,,,,,,,,"The heat is contained in Chi-chan's sigh. Chi-chan is a girl too, isn't she? She's being stimulated there and feeling good about it, isn't she?"
247800 ,,,,,1110020,,çŒb,çŒb,019_CB12S_c_059.wav,,,,chie,,0,,,,,''Nn????
247900 ,,,,,1110020,,,,,,,,,,,,,,,The strength in Chi-chan's voice is fading. Could this be...?
248000 ,,,,,1110020,,çŒb,çŒb,019_CB12S_c_060.wav,,,,chie,,0,,,,,"Ahh......nn......kuuuhh......Ojichan, wake up!...... Hurry, wake up......!"
248100 ,,,,,1110020,,,,,,,,,,,,,,,"The chichi-chan is moving vigorously on my waist. The groins rub against each other, creating an incredible sensation of pleasure."
248200 ,,,,,1110020,,,,,,,,,,,,,,,Oh no... my crotch feels like it's about to burst open!
248300 ,,,,,1110020,,,,,,,,,,,,,,,"Finally, just one more rub... just once... I want to rub it hard against my pussy!"
248400 ,,,,,1110020,,çŒb,çŒb,019_CB12S_c_061.wav,,,,chie,,0,,,,,"Oh, Uncle?... Wow, you're moving... ah... nnngh... haaaah!"
248500 ,,,,,1110020,,,,,,,,,,,,,,,"With all my might, I thrust my hips upward. Today's greatest pleasure arrives at my groin."
248600 ,,,,,1110020,,,,,,,,,,,,,,,"Ugh, it's no good anymore!... Please deliver it to Chi-chan... my... burning feelings!"
248700 ,,,,,1110020,,,,,,,,,,,,,,,"A rush of pure white pleasure surged through my body, and I released a large amount of semen inside my swim trunks."
248800 ,,<!ef_shasei_l>,,,1110020,,ålŒö,ƒ–¼„,,,,,,,,,,,,...Uuuuuuuhhhh!!
249000 ,,,,,1110020,,çŒb,çŒb,019_CB12S_c_061a.wav,,,,,,,,,,,"......n-wa-waa...... o, oi-chan!?"
249100 ,$event_return,,,,,,,,,,,,,,,,,,,
249300 ,,<!scene_h_end>,7,101,,,,,,,,,,,,,,,,\\Bang!!
249400 ,,,,,,,çŒb,çŒb,019_CB12S_c_062.wav,,,,chie,,4,,,,,"Hey, Uncle... you're back...?"
249500 ,,,,,,,ålŒö,ƒ–¼„,,,,,chie,,4,,,,,F... I'm back from the dead```II I've come back to life!
249600 ,,,,,,,“[‰Ô,“[‰Ô,019_CB12S_t_018.wav,,,,,,,tenka,,4,,Massage... success...?
249700 ,,,,,,,ålŒö,ƒ–¼„,,,,,,,,,,,,"Yeah, that's right! Thanks to Chi-chan's massage, I was able to revive!"
249800 ,,,,,,,,,,,,,,,,,,,,"No matter where the massage was, it was so nice, Chi-chan!"
249900 ,,,,,,,ålŒö,ƒ–¼„,,,,,,,,,,,,"Thank you, Chi-chan! And also Komako-chan and Tenka-chan!"
250000 ,,,,,,,“[‰Ô,“[‰Ô,019_CB12S_t_019.wav,,,,,,,tenka,,23,,"Uh, ah... yeah. You're welcome..."
250100 ,,,,,,,çŒb,çŒb,019_CB12S_c_063.wav,,,,chie,,1,,,,,"Hahaha! Since it's Chi-chan's massage, of course you'd wake up!"
250200 ,,,,,,,,,,,,,chie,,1,,,,,"And so, chest-thumping chi-chan. Yeah, yeah, it was the best massage ever!"
250300 ,,,,,,,ƒRƒ}ƒR,ƒRƒ}ƒR,019_CB12S_k_015.wav,komako,,4,,,,,,,,......uncle......are you wetting yourself......?
250400 ,,,,,,,,,,komako,,4,,,,,,,,Komako-chan's gaze is directed at my crotch.
250500 ,,,,,,,,,,komako,,4,,,,,,,,"Everyone else is also looking at me, following Komako's lead."
250600 ,,,,,,,ålŒö,ƒ–¼„,,komako,,4,,,,,,,,"N-no, this is... different! Yeah, this is... just because my swim trunks haven't dried completely!"
250700 ,,,,,,,ƒRƒ}ƒR,ƒRƒ}ƒR,019_CB12S_k_016.wav,komako,,13,,,,,,,,Hmmm...
250800 ,,,,,,,,,,,,,,,,,,,,"Don't look at me like that, Komako-chan!"
250900 ,,,,,,,,,,,,,,,,,,,,"Damn, if things keep going like this, it's only a matter of time before I'm found out!"
251000 ,,,,,,,,,,,,,,,,,,,,"Well, if it's come to this... fleeing to the river!"
251100 ,,,,,,,çŒb,çŒb,019_CB12S_c_065.wav,,,,chie,,4,,,,,"...Ah! Uncle, where are you going?"
251200 ,,,,,,,ålŒö,ƒ–¼„,,,,,chie,,4,,,,,"I feel like swimming! Come on, everyone, let's go!"
251300 ,,,,,,,,,,,,,,,,,,,,"And then, I jumped into the river."
251400 ,,,,,,,çŒb,çŒb,019_CB12S_c_066.wav,,,,chie,,1,,,,,"Ah, that's cheating! Chii-chan is swimming too!!"
251500 ,,,,,,,ƒRƒ}ƒR,ƒRƒ}ƒR,019_CB12S_k_017.wav,komako,,1,,,,,,,,"If Chi-chan is swimming, so am I!"
251600 ,,,,,,,“[‰Ô,“[‰Ô,019_CB12S_t_020.wav,,,,,,,tenka,,24,,"Ah, wait... don't leave me behind...!"
251700 ,,,,,,,,,,,,,,,,,,,,"Everyone jumps into the river, following Chi-chan."
251800 ,,,,,,,ƒRƒ}ƒR,ƒRƒ}ƒR,019_CB12S_k_018.wav,"komakoL,swim",,15,,,,,,,",.........m?"
251900 ,,,,,,,,,,komakoL,,15,,,,,,,,She glares at me with narrowed eyes. Maybe she found out I was rubbing my little thing against Chi-chan's?
252000 ,,,,,,,ålŒö,ƒ–¼„,,komakoL,,15,,,,,,,,"What's wrong, Komako-chan?"
252100 ,,,,,,,ƒRƒ}ƒR,ƒRƒ}ƒR,019_CB12S_k_019.wav,komako,,35,,,,,,,,......got a ride from Chii-chan......cheater!
252200 ,,,,,,,,,,komako,,35,,,,,,,,"Oh, that way. Phew... I made it."
252300 ,,,,,,,ålŒö,ƒ–¼„,,komako,,35,,,,,,,,"Sorry, sorry. But this time it's force majeure. I almost drowned in the river, and because of that..."
252400 ,,,,,,,ƒRƒ}ƒR,ƒRƒ}ƒR,019_CB12S_k_020.wav,komako,,29,,,,,,,,Uuuu...
252500 ,,,,,,,çŒb,çŒb,019_CB12S_c_067.wav,,,,chie,,3,,,,,"What's up, Uncle, Komachan? What's wrong?"
252600 ,,,,,,,,,,,,,chie,,3,,,,,"Chii-chan, who was splashing water with Tenka-chan, came over to talk to me."
252700 ,,,,,,,ƒRƒ}ƒR,ƒRƒ}ƒR,019_CB12S_k_021.wav,komako,,4,,,,,,,,N-nothing at all......!
252800 ,,,,,,,,,,,,,,,,,,,,Komako-chan took chi-chan's hand and went toward Tenka-chan instead.
252900 ,,,,,,,ålŒö,ƒ–¼„,,,,,,,,,,,,Huh... huh...
253000 ,,,,,,,,,,,,,,,,,,,,"While watching the three of them playing in the water innocently, I recalled what happened earlier."
253100 ,,,,,,,,,,,,,,,,,,,,"I was rubbing this against Chii-chan's crotch just now, huh..."
253200 ,,,,,,,,,,,,,,,,,,,,"Lost in fantasy again, and my dick got hard once more."
253300 ,,,,,,,,,,,,,,,,,,,,"With this, maybe I won't run out of material for jerking off for a while now...."
253400 ,,,,,,,,,,,,,,,,,,,,"Ughhh... it's bad. I'm starting to feel like I want to jerk off soon. Tonight, I could probably go for as many as I want!"
253500 ,,,,,,,çŒb,çŒb,019_CB12S_c_068.wav,,,,chie,,1,,,,,"Hey, come here, Uncle! Let's play over here!"
253600 ,,,,,,,ålŒö,ƒ–¼„,,,,,,,,,,,,I'm going over there now! Wait for me!
253700 ,,,,,,,,,,,,,,,,,,,,Let's set aside the nighttime matters for now.
253800 ,,,,,,,,,,,,,,,,,,,,Maybe you could get even more hentai stuff. Water play... Cheers!
253900 ,,,,,,,,,,,,,,,,,,,,And so we kept playing in the river...
254000 ,,<!Lend_scene_change>,0,9001,,,,,,,,,,,,,,,,
254100 ,$go 022_CB13,,,,,,,,,,,,,,,,,,,022_CB13‚Ö 
254600 ,@020_CB12K,,,,,,,,,,,,,,,,,,,ƒRƒ}ƒRƒtƒ‰ƒO{‚P
254700 ,"$fadd %komako%,1",,,,,,,,,,,,,,,,,,","
255000 ,,<!Lbegin_continue>,3,101,,,,,,,,,,,,,,,,"Well, let's go check on Komako-chan's condition. I'm a bit curious about what she brought with her."
255100 ,,,,,,,ålŒö,ƒ–¼„,,,,,,,,,,,,What are you doing?
255200 ,,,,,,,ƒRƒ}ƒR,ƒRƒ}ƒR,020_CB12K_k_000.wav,,,,"komako,swim",,3,,,,",Ah... uncle..."
255300 ,,,,,,,,,,,,,komako,,3,,,,,"Komako-chan, who was rummaging through her bag, noticed me and looked up."
255400 ,,,,,,,ƒRƒ}ƒR,ƒRƒ}ƒR,020_CB12K_k_001.wav,,,,komako,,20,,,,,"I forgot, I need to apply it."
255500 ,,,,,,,,,,,,,komako,,20,,,,,"Saying that, Komako-chan took out some kind of container, like facial lotion, from her bag."
255600 ,,,,,,,ålŒö,ƒ–¼„,,,,,komako,,20,,,,,What's that?
255700 ,,,,,,,ƒRƒ}ƒR,ƒRƒ}ƒR,020_CB12K_k_002.wav,,,,komako,,0,,,,,burn blister
255800 ,,,,,,,ålŒö,ƒ–¼„,,,,,komako,,0,,,,,Sunscreen? You've got some pretty grown-up stuff there.
255900 ,,,,,,,,,,,,,komako,,0,,,,,"When she said that, Komako-chan tilted her head in confusion."
256000 ,,,,,,,ƒRƒ}ƒR,ƒRƒ}ƒR,020_CB12K_k_003.wav,,,,komako,,3,,,,,Is it mature?
256100 ,,,,,,,ålŒö,ƒ–¼„,,,,,komako,,3,,,,,"Well, from my uncle's perspective, I guess he just thought that girls around Komako's age wouldn't care about sunburn and would just play around."
256200 ,,,,,,,,,,,,,komako,,3,,,,,I wonder if Chii-chan won't turn pitch black by the time summer ends.
256300 ,,,,,,,,,,,,,komako,,3,,,,,"That's cute in its own way. I'd love to see a sunburned naked body, though..."
256400 ,,,,,,,ƒRƒ}ƒR,ƒRƒ}ƒR,020_CB12K_k_004.wav,,,,komako,,23,,,,,I don't get sunburned.
256500 ,,,,,,,ålŒö,ƒ–¼„,,,,,komako,,23,,,,,Hmm? Really?
256600 ,,,,,,,,,,,,,komako,,23,,,,,"Well, if you don't get sunburned, why do you need sunscreen?"
256700 ,,,,,,,ƒRƒ}ƒR,ƒRƒ}ƒR,020_CB12K_k_005.wav,,,,komako,,14,,,,,"If you don't put it on, it'll turn bright red and hurt. It'll sting."
256800 ,,,,,,,ålŒö,ƒ–¼„,,,,,komako,,14,,,,,"I see, so your skin is sensitive, huh?"
256900 ,,,,,,,,,,,,,komako,,14,,,,,"And with that, Komako-chan nodded vigorously."
257000 ,,,,,,,,,,,,,komako,,14,,,,,"Perhaps Komako-chan's smooth, white skin wouldn't stand a chance against the merciless sunlight of this season."
257100 ,,,,,,,,,,,,,"komakoL,swim",,0,,,,",'Komako-chan takes off her cap carelessly and shakes it, then takes out sunscreen from her hand.'"
257200 ,,,,,,,,,,,,,komakoL,,0,,,,,"And while pinching the sunscreen container between her cute thighs to keep it from falling, she started applying the sunscreen she had picked up to her arm."
257300 ,,,,,,,,,,,,,komakoL,,0,,,,,To observe it up close.
257400 ,,,,,,,,,,,,,komakoL,,14,,,,,"The skin is slightly shiny, which is nice, and that gesture of yours, like you're washing your body, is also great!"
257500 ,,,,,,,,,,,,,komakoL,,14,,,,,"Once my arms are done, I then stood on one knee and started applying sunscreen to my thigh."
257600 ,,,,,,,,,,,,,komakoL,,14,,,,,"I wonder what to say, but even though I'm staring at you with such intensity that it feels like I might fall into a hole right in front of you, you don't seem to care at all."
257700 ,,,,,,,,,,,,,komakoL,,14,,,,,"The distance between the feet is getting closer, and the way the groin is pressed in between, making it look slightly puffed up, is amazing."
257800 ,,,,,,,,,,,,,komakoL,,1,,,,,Then this time she switches her legs and Komako-chan diligently pats on sunscreen.
257900 ,,,,,,,ålŒö,ƒ–¼„,,,,,komakoL,,1,,,,,"Hmm? What?'' or ''Wait, what?"
258000 ,,,,,,,,,,,,,komakoL,,1,,,,,"As she watched, Komako-chan put the lid on the sunscreen after finishing applying it to her feet."
258100 ,,,,,,,ålŒö,ƒ–¼„,,,,,komakoL,,1,,,,,Is it over already?
258200 ,,,,,,,ƒRƒ}ƒR,ƒRƒ}ƒR,020_CB12K_k_006.wav,,,,komakoL,,3,,,,,"H Uh, it's over though?"
258300 ,,,,,,,,,,,,,komakoL,,3,,,,,"Without thinking, I blurted out my words, and Komako-chan looked at me with a puzzled face."
258400 ,,,,,,,ålŒö,ƒ–¼„,,,,,komakoL,,3,,,,,That won't do\you'll get sunburned!
258500 ,,,,,,,ƒRƒ}ƒR,ƒRƒ}ƒR,020_CB12K_k_007.wav,,,,komakoL,,4,,,,,"You put on sunscreen, didn't you?"
258600 ,,,,,,,ålŒö,ƒ–¼„,,,,,komakoL,,4,,,,,"Yeah, the key part isn't painted yet."
258700 ,,,,,,,ƒRƒ}ƒR,ƒRƒ}ƒR,020_CB12K_k_008.wav,,,,komakoL,,23,,,,,'.........?'
258800 ,,,,,,,,,,,,,komakoL,,23,,,,,This is your chance. Let's go for it.
258900 ,,,,,,,ålŒö,ƒ–¼„,,,,,komakoL,,23,,,,,"I'll help you. Can you lend me some sunscreen? Sit down, please, Sasa."
259100 ,,<!scene_h_begin>,10,,2110000,,,,,,,,,,,,,,,
259200 ,*mem,,,,2110000,,,,,,,,,,,,,,,
259300 ,,,10,,2110000,,,,,,,,,,,,,,,"There was Komako-chan sitting right in front of me. No, I made her sit there."
259400 ,,,,,2110000,,,,,,,,,,,,,,,"The sunscreen that has been applied is hardly noticeable at first glance, but when you place your hand on your shoulder, you still feel a slightly damp sensation."
259500 ,,,,,2110000,,,,,,,,,,,,,,,"But still, you have such narrow shoulders."
259600 ,,,,,2110000,,ƒRƒ}ƒR,ƒRƒ}ƒR,020_CB12K_k_009.wav,,,,komako,,0,,,,,......uncle
259700 ,,,,,2110000,,ålŒö,ƒ–¼„,,,,,,,,,,,,Hmm?
259800 ,,,,,2110000,,ƒRƒ}ƒR,ƒRƒ}ƒR,020_CB12K_k_010.wav,,,,komako,,0,,,,,What are you planning to do?
259900 ,,,,,2110000,,ålŒö,ƒ–¼„,,,,,,,,,,,,"Uh, well, that's a pretty spiky way of putting it, Komako."
260000 ,,,,,2110000,,ƒRƒ}ƒR,ƒRƒ}ƒR,020_CB12K_k_011.wav,,,,komako,,0,,,,,It feels like something's off.
260100 ,,,,,2110000,,,,,,,,,,,,,,,"I see right through it. Komako-chan isn't really the talkative type, but she's sharp, isn't she?"
260200 ,,,,,2110000,,,,,,,,,,,,,,,"But for Uncle, even that suspicious expression seems cute and is like a reward to him, isn't it? That's what it is."
260300 ,,,,,2110000,,ålŒö,ƒ–¼„,,,,,,,,,,,,"So, I'll help you put on sunscreen."
260400 ,,,,,2110000,,ƒRƒ}ƒR,ƒRƒ}ƒR,020_CB12K_k_012.wav,,,,komako,,0,,,,,Nurtta mon
260500 ,,,,,2110000,,ålŒö,ƒ–¼„,,,,,,,,,,,,"There are places that aren't painted, right?"
260600 ,,,,,2110000,,ƒRƒ}ƒR,ƒRƒ}ƒR,020_CB12K_k_013.wav,,,,komako,,0,,,,,"...like, your back or something?"
260700 ,,,,,2110000,,,,,,,,,,,,,,,"Yeah, that's part of it too."
260800 ,,,,,2110000,,ålŒö,ƒ–¼„,,,,,,,,,,,,The sunlight goes right through your swimsuit and hits your skin.
260900 ,,,,,2110000,,ƒRƒ}ƒR,ƒRƒ}ƒR,020_CB12K_k_014.wav,,,,komako,,0,,,,,Swimsuit... is it see-through?!
261000 ,,,,,2110000,,,,,,,,,,,,,,,Koma-chan hurriedly checks her own appearance.
261100 ,,,,,2110000,,ålŒö,ƒ–¼„,,,,,,,,,,,,"Well, it's not like I look naked or anything."
261200 ,,,,,2110000,,ƒRƒ}ƒR,ƒRƒ}ƒR,020_CB12K_k_015.wav,,,,komako,,0,,,,,What the hell? / What's up? / What's going on? / Huh? / What?
261300 ,,,,,2110000,,,,,,,,,,,,,,,"Komako-chan looks at me with an accusing gaze, as if I had lied to her, rather than feeling relieved."
261400 ,,,,,2110000,,,,,,,,,,,,,,,"Of course, my eyes are used to being treated like a delicacy, so I don't get flustered, but Komako-chan, who seems to dislike it, looks at me with an even stricter, cold glare."
261500 ,,,,,2110000,,ålŒö,ƒ–¼„,,,,,,,,,,,,"Well, even if a swimsuit can protect to some extent, sleeves like these will shift around while you're playing, so the sun will hit there! Then that area might turn bright red."
261600 ,,,,,2110000,,,,,,,,,,,,,,,"Saying that, I pick up some sunscreen with a bit more than usual."
261700 ,,,,,2110000,,ålŒö,ƒ–¼„,,,,,,,,,,,,"Well then, if that's the case..."
261900 ,,,,,2110010,,,,,,,,,,,,,,,"Using the slip of the sunscreen, I slid my hand smoothly under Komako-chan's swimsuit."
262000 ,,,,,2110010,,ƒRƒ}ƒR,ƒRƒ}ƒR,020_CB12K_k_016.wav,,,,komako,,0,,,,,Huh? What?'' or ''Uh-oh?!
262100 ,,,,,2110010,,,,,,,,,,,,,,,"Just as she did, Komako-chan raised her cute voice."
262200 ,,,,,2110010,,ƒRƒ}ƒR,ƒRƒ}ƒR,020_CB12K_k_017.wav,,,,komako,,0,,,,,...Uncle...
262300 ,,,,,2110010,,ålŒö,ƒ–¼„,,,,,,,,,,,,"You should apply sunscreen especially to parts like the edges, you know?"
262400 ,,,,,2110010,,,,,,,,,,,,,,,"Ignoring the natural protest of Komako-chan's voice, he shamelessly reached into the end and stroked Komako-chan's skin."
262500 ,,,,,2110010,,,,,,,,,,,,,,,"The palm of my hand glides smoothly over the silky, unblemished skin, nothing catching at all."
262600 ,,,,,2110010,,ƒRƒ}ƒR,ƒRƒ}ƒR,020_CB12K_k_018.wav,,,,komako,,0,,,,,"Nn, f... hya!?"
262700 ,,,,,2110010,,,,,,,,,,,,,,,Correction. There are some things that stick out.
262800 ,,,,,2110010,,,,,,,,,,,,,,,"There's almost no swelling, but you can clearly tell the existence of Komako-chan's left and right breasts by the difference in touch."
262900 ,,,,,2110010,,,,,,,,,,,,,,,"That little spot with a slightly hardened texture, right in the middle of each side."
263000 ,,,,,2110010,,,,,,,,,,,,,,,It's Komako-chan's nipple.
263100 ,,,,,2110010,,ƒRƒ}ƒR,ƒRƒ}ƒR,020_CB12K_k_019.wav,,,,komako,,0,,,,,"Oh, Jisatsu... there..."
263200 ,,,,,2110010,,ålŒö,ƒ–¼„,,,,,,,,,,,,Hmm? Where is ''there''?
263300 ,,,,,2110010,,ƒRƒ}ƒR,ƒRƒ}ƒR,020_CB12K_k_020.wav,,,,komako,,0,,,,,......m?......
263500 ,,,,,2110010,,,,,,,,,,,,,,,Komako-chan furrows her eyebrows and pouts with a displeased expression.
263600 ,,,,,2110010,,ålŒö,ƒ–¼„,,,,,,,,,,,,"Somewhere, just tell me, uncle doesn't get it..."
263700 ,,,,,2110010,,ƒRƒ}ƒR,ƒRƒ}ƒR,020_CB12K_k_021.wav,,,,komako,,0,,,,,"Boobs, you're touching them! Uncle, it looks intentional!"
263800 ,,,,,2110010,,,,,,,,,,,,,,,"Oh no, I was about to start with the usual wordplay, but I got there first."
263900 ,,,,,2110010,,,,,,,,,,,,,,,"Okay, let's change the plan."
264000 ,,,,,2110010,,ålŒö,ƒ–¼„,,,,,,,,,,,,Doesn't that feel uncomfortable?
264100 ,,,,,2110010,,ƒRƒ}ƒR,ƒRƒ}ƒR,020_CB12K_k_022.wav,,,,komako,,0,,,,,How do you feel...?
264200 ,,,,,2110010,,ålŒö,ƒ–¼„,,,,,,,,,,,,"Yeah, girls like it when you touch their boobs."
264300 ,,,,,2110010,,ƒRƒ}ƒR,ƒRƒ}ƒR,020_CB12K_k_023.wav,,,,komako,,0,,,,,Hmmm......?
264400 ,,,,,2110010,,,,,,,,,,,,,,,"Slowly, Komako-chan looked down at her own breasts and focused intently."
264500 ,,,,,2110010,,ƒRƒ}ƒR,ƒRƒ}ƒR,020_CB12K_k_024.wav,,,,komako,,0,,,,,I might be feeling restless.
264600 ,,,,,2110010,,ålŒö,ƒ–¼„,,,,,,,,,,,,Right?
264700 ,,,,,2110010,,ƒRƒ}ƒR,ƒRƒ}ƒR,020_CB12K_k_025.wav,,,,komako,,0,,,,,"Uh..., just a minute, just a minute, but..."
264800 ,,,,,2110010,,ålŒö,ƒ–¼„,,,,,,,,,,,,"Well, compared to the onanies Komako-chan was doing..."
264900 ,,,,,2110010,,,,,,,,,,,,,,,"Well, I mean..."
265000 ,,,,,2110010,,,,,,,,,,,,,,,"I think normal kids learn from touching boobs first, don't they? Isn't learning from masturbating with a pussy the opposite?"
265100 ,,,,,2110010,,,,,,,,,,,,,,,"But since you know about how a woman's masturbation feels, you understand what it means to feel good about it\that's a fast track to understanding."
265200 ,,,,,2110010,,,,,,,,,,,,,,,"Because, unlike just now, she's making a troubled face while also looking interested, Komako-chan."
265300 ,,,,,2110010,,ålŒö,ƒ–¼„,,,,,,,,,,,,the continuation of the last study session
265400 ,,,,,2110010,,ƒRƒ}ƒR,ƒRƒ}ƒR,020_CB12K_k_026.wav,,,,komako,,0,,,,,Hmmm...
265500 ,,,,,2110010,,,,,,,,,,,,,,,"Komako-chan groans. ''No'' isn't it, and ''moo'' isn't it either, so it's probably more like ''okay'' in a way. But since it's about being done something naughty, she's still hesitating."
265600 ,,,,,2110010,,,,,,,,,,,,,,,"Then, Komako-chan opened her mouth first."
265700 ,,,,,2110010,,ƒRƒ}ƒR,ƒRƒ}ƒR,020_CB12K_k_027.wav,,,,komako,,0,,,,,"Chi-chan would also feel good if she did this, right?"
265800 ,,,,,2110010,,,,,,,,,,,,,,,"So you came for it, huh?"
265900 ,,,,,2110010,,ålŒö,ƒ–¼„,,,,,,,,,,,,"Well, I think it'll feel good. Though, I guess you might need some time to get used to it before you can tell it's good."
266000 ,,,,,2110010,,ƒRƒ}ƒR,ƒRƒ}ƒR,020_CB12K_k_028.wav,,,,komako,,0,,,,,Won't it be ready soon?
266100 ,,,,,2110010,,ålŒö,ƒ–¼„,,,,,,,,,,,,"Komako-chan, are you aiming to make Chi-chan fall into hedonism all of a sudden?"
266200 ,,,,,2110010,,,,,,,,,,,,,,,That's scary.
266300 ,,,,,2110010,,ƒRƒ}ƒR,ƒRƒ}ƒR,020_CB12K_k_029.wav,,,,komako,,0,,,,,......?
266400 ,,,,,2110010,,,,,,,,,,,,,,,"Oh, was the word difficult? Or rather, there's no point in talking about that. Let's focus on Komako-chan's ''studying.''"
266500 ,,,,,2110010,,ålŒö,ƒ–¼„,,,,,,,,,,,,I think it's more normal to mess with this side rather than going straight for the crotch.
266600 ,,,,,2110010,,ƒRƒ}ƒR,ƒRƒ}ƒR,020_CB12K_k_030.wav,,,,komako,,0,,,,,!?
266700 ,,,,,2110010,,,,,,,,,,,,,,,"What's with that surprised look? It's kinda fun, isn't it?"
266800 ,,,,,2110010,,ålŒö,ƒ–¼„,,,,,,,,,,,,"Komako-chan and her friends, don't they touch each other's breasts? Like, when a girl's breasts start to grow a bit, they say things like 'big ones' or something."
266900 ,,,,,2110010,,ƒRƒ}ƒR,ƒRƒ}ƒR,020_CB12K_k_031.wav,,,,komako,,0,,,,,"I won't do that. But..., if I can touch Chi-chan's boobs, I'd want to touch them."
267000 ,,,,,2110010,,ålŒö,ƒ–¼„,,,,,,,,,,,,Koma-kon really lets her true feelings slip out boldly.
267100 ,,,,,2110010,,ƒRƒ}ƒR,ƒRƒ}ƒR,020_CB12K_k_032.wav,,,,komako,,0,,,,,Hmmmmm...
267300 ,,,,,2110020,,,,,,,,,,,,,,,Is my voice getting a little sweeter...?
267400 ,,,,,2110020,,,,,,,,,,,,,,,I feel like her face is starting to turn a little red.
267500 ,,,,,2110020,,ƒRƒ}ƒR,ƒRƒ}ƒR,020_CB12K_k_033.wav,,,,komako,,0,,,,,"Nn...... fufu, nn......"
267600 ,,,,,2110020,,,,,,,,,,,,,,,Komako-chan lets out a voice like she has a cold in her nose.
267700 ,,,,,2110020,,ålŒö,ƒ–¼„,,,,,,,,,,,,You sound like the other day. Are you getting turned on?
267800 ,,,,,2110020,,ƒRƒ}ƒR,ƒRƒ}ƒR,020_CB12K_k_034.wav,,,,komako,,0,,,,,"Hmm, it feels like it's starting..."
267900 ,,,,,2110020,,,,,,,,,,,,,,,"Well, from the start, kids who already know what ''feels good'' are easier to deal with. Since they understand that being touched feels good, their resistance becomes thinner."
268000 ,,,,,2110020,,ƒRƒ}ƒR,ƒRƒ}ƒR,020_CB12K_k_035.wav,,,,komako,,0,,,,,Faaah!!
268100 ,,,,,2110020,,ålŒö,ƒ–¼„,,,,,,,,,,,,"Like this, I'll knead and loosen your breasts while..."
268200 ,,,,,2110020,,ƒRƒ}ƒR,ƒRƒ}ƒR,020_CB12K_k_036.wav,,,,komako,,0,,,,,Hmm`......mnnn``......
268300 ,,,,,2110020,,ålŒö,ƒ–¼„,,,,,,,,,,,,Let's roll this end around...
268400 ,,,,,2110020,,ƒRƒ}ƒR,ƒRƒ}ƒR,020_CB12K_k_037.wav,,,,komako,,0,,,,,Nn! Fu! Nnnn...!
268500 ,,,,,2110020,,,,,,,,,,,,,,,"Komako-chan's nipples, when I pinch and twist them with my fingers like this, they keep getting harder and harder."
268600 ,,,,,2110020,,ƒRƒ}ƒR,ƒRƒ}ƒR,020_CB12K_k_038.wav,,,,komako,,0,,,,,"Hmm, hmm, hmm, it's tingling..."
268700 ,,,,,2110020,,ålŒö,ƒ–¼„,,,,,,,,,,,,Does it hurt?
268800 ,,,,,2110020,,ƒRƒ}ƒR,ƒRƒ}ƒR,020_CB12K_k_039.wav,,,,komako,,0,,,,,"It doesn't hurt... much... but it's kinda itchy, I guess..."
268900 ,,,,,2110020,,ålŒö,ƒ–¼„,,,,,,,,,,,,"It's like if you don't fiddle with it for a while, it starts to ache and you can't stand it anymore, right? I get it."
269000 ,,,,,2110020,,,,,,,,,,,,,,,"Well, I don't do nipple play or anything, but since I have nipples, I can understand the feeling. Komako-chan also nodded slightly, like she was acknowledging it, with a ''hmm.''"
269100 ,,,,,2110020,,ƒRƒ}ƒR,ƒRƒ}ƒR,020_CB12K_k_040.wav,,,,komako,,0,,,,,It feels different from the usual...
269200 ,,,,,2110020,,ålŒö,ƒ–¼„,,,,,,,,,,,,Hmm? Which one feels better?
269300 ,,,,,2110020,,ƒRƒ}ƒR,ƒRƒ}ƒR,020_CB12K_k_041.wav,,,,komako,,0,,,,,Mmmm\......I don't get it......
269400 ,,,,,2110020,,ålŒö,ƒ–¼„,,,,,,,,,,,,"You should feel just as good about this too, right?"
269500 ,,,,,2110020,,ƒRƒ}ƒR,ƒRƒ}ƒR,020_CB12K_k_042.wav,,,,komako,,0,,,,,"I can't tell if it's the same or not...... but, uh, this side too...... I think it feels good."
269600 ,,,,,2110020,,,,,,,,,,,,,,,"You're precocious, aren't you, Komako-chan? Even with such a small body, you can already react to something naughty."
269700 ,,,,,2110020,,ålŒö,ƒ–¼„,,,,,,,,,,,,"Alright, let's try making my boobs feel even better, like when you touched my thighs."
269800 ,,,,,2110020,,ƒRƒ}ƒR,ƒRƒ}ƒR,020_CB12K_k_043.wav,,,,komako,,0,,,,,"Nnn~......nn~t, nnn~nntt......!"
269900 ,,,,,2110020,,,,,,,,,,,,,,,"Komako-chan moves her head as if she's protesting, but it's clear she doesn't want you to stop because she doesn't push your hand away or grab it."
270000 ,,,,,2110020,,ƒRƒ}ƒR,ƒRƒ}ƒR,020_CB12K_k_044.wav,,,,komako,,0,,,,,"Hmm, hah... n... uncle... nnn...... ah...... nnn......"
270100 ,,,,,2110020,,,,,,,,,,,,,,,"While gently playing with her nipples and massaging her small breasts, Komako-chan tightly grabs her own feet and shakes her head in small jerks."
270200 ,,,,,2110020,,,,,,,,,,,,,,,"Sometimes, when the mouth tightly closes, it must be enduring the occasional waves of intense pleasure that come along."
270300 ,,,,,2110020,,,,,,,,,,,,,,,"If things keep going like this...... Komako-chan will...... again, right in front of my eyes, she'll, climax......!!!!"
270400 ,,,,,2110020,,ålŒö,ƒ–¼„,,,,,,,,,,,,"Komako-chan... hey, you'd better remember this nice feeling really well, okay? For when you do the same thing to Chi-chan."
270500 ,,,,,2110020,,ålŒö,ƒ–¼„,,,,,,,,,,,,Hey...!
270600 ,,,,,2110020,,,,,,,,,,,,,,,Go ahead like that! Show me that!
270700 ,,,,,2110020,,ƒRƒ}ƒR,ƒRƒ}ƒR,020_CB12K_k_045.wav,,,,komako,,0,,,,,"Nn, ha, a, naa, n, n, a, naa... a, chi, chi-chaa... a, a, fu-aa...!"
270800 ,,<!ef_flash>,,,2110020,,,,,,,,,,,,,,,"Komako-chan's mouth opened wide as she breathed, and her voice grew unusually loud. Right now, in front of my eyes, Komako-chan...!!!"
270900 ,,<!ef_shasei_l>,,,2110020,,ålŒö,ƒ–¼„,,,,,,,,,,,,Uuuuuh!?
271000 ,,,,,2110020,,,,,,,,,,,,,,,.......................
271100 ,,,,,2110020,,,,,,,,,,,,,,,.......................
271200 ,,,,,2110020,,,,,,,,,,,,,,,"Hmm, there's some weird feeling in my groin..."
271300 ,,,,,2110020,,ƒRƒ}ƒR,ƒRƒ}ƒR,020_CB12K_k_046.wav,,,,komako,,0,,,,,...Uncle?
271400 ,,,,,2110020,,,,,,,,,,,,,,,"When I suddenly stopped moving, Komako-chan looked at me with a puzzled face."
271500 ,,,,,2110020,,,,,,,,,,,,,,,"Well, before Komako-chan reached her climax, it was my crotch that exploded."
271600 ,,,,,2110020,,,,,,,,,,,,,,,"I tried to hold back my ejaculation by squeezing tightly near the base of my penis, but it was no use. The more I tried to force it, the more my penis seemed to go wild."
271700 ,,<!ef_shasei>,,,2110020,,,,,,,,,,,,,,,"And the glans rubbed against it in a good way, accelerating ejaculation."
271800 ,,,,,2110020,,ålŒö,ƒ–¼„,,,,,,,,,,,,"Hah, hah...... glad I wore swim trunks...... ugh......"
271900 ,,,,,2110020,,,,,,,,,,,,,,,"Once it started, ejaculation can't be stopped. Plus, with Komako-chan's lewd appearance and the feel of her breasts, my excitement had gotten way too intense."
272000 ,,<!ef_shasei_l>,,,2110020,,,,,,,,,,,,,,,"It's bubbling up, and it keeps gushing out endlessly, one after another."
272100 ,,,,,2110020,,,,,,,,,,,,,,,This is bad. It's going to drip onto the leisure sheet.
272200 ,,,,,2110020,,ƒRƒ}ƒR,ƒRƒ}ƒR,020_CB12K_k_047.wav,,,,komako,,36,,,,,'.........? Uncle?''
272300 ,,,,,2110020,,,,,,,,komako,,36,,,,,"Finally, Komako-chan seemed to remember that my behavior was strange."
272400 ,$event_return,,,,,,,,,,,,,,,,,,,
272500 ,,<!scene_h_end>,3,,,,ålŒö,ƒ–¼„,,,,,komako,,36,,,,,"Uh, um... today's study is over with this!"
272600 ,,,,,,,ƒRƒ}ƒR,ƒRƒ}ƒR,020_CB12K_k_048.wav,,,,komako,,4,,,,,Is that so?
272700 ,,,,,,,ålŒö,ƒ–¼„,,,,,komako,,4,,,,,"Well, yeah! Maybe I'll go for a quick swim, huh?"
272800 ,,,,,,,,,,,,,komako,,4,,,,,"I stood up, but the discomfort in my groin was hard to hide. It felt like it was moving wobbly."
272900 ,,,,,,,,,,,,,komako,,4,,,,,The extra thing that was given out was so sticky that it only made the unpleasant feeling even worse.
273000 ,,,,,,,,,,,,,komako,,4,,,,,"Seeing that, Komako-chan suddenly turned into her usual sullen look."
273100 ,,,,,,,ƒRƒ}ƒR,ƒRƒ}ƒR,020_CB12K_k_049.wav,,,,komako,,36,,,,,"Uncle, maybe you wet yourself? Mmmh..."
273200 ,,,,,,,,,,,,,komako,,36,,,,,What's with that look at the lame adult... it's so exciting!
273300 ,,,,,,,ålŒö,ƒ–¼„,,,,,komako,,36,,,,,"No, uh, uh, did you, did you pee yourself? I, I didn't! I'm an adult, you know?"
273400 ,,,,,,,,,,,,,komako,,36,,,,,"''Oh, this must be an accident!'' I thought to myself, correcting myself, and then I started moving toward the river like a crab walk."
273500 ,,,,,,,,,,,,,komako,,36,,,,,Let's get into the river and try washing it away... I don't know if it will flow away though.
273600 ,,,,,,,ƒRƒ}ƒR,ƒRƒ}ƒR,020_CB12K_k_050.wav,,,,komako,,34,,,,,"From now on, I'm gonna play in the river with chi-chan... uncle's pee... mmmm\!!!"
273700 ,,,,,,,,,,,,,komako,,34,,,,,Komako-chan puffs out her cheeks. Sorry. Please forgive me for trying to get into the lower stream as much as possible.
273800 ,,,,,,,,,,,,,komako,,34,,,,,"Well, if you guys wanna do it, you'll probably just do it in the river, right!?"
273900 ,,,,,,,,,,,,,komako,,34,,,,,"While holding my crotch, which was becoming rough and raw, I hurried to the river."
274000 ,,<!Lend_scene_change>,0,9001,,,,,,,,,,,,,,,,
274200 ,$go 022_CB13,,,,,,,,,,,,,,,,,,,to 022_CB13
274700 ,@021_CB12T,,,,,,,,,,,,,,,,,,,“[‰Ôƒtƒ‰ƒO{‚P
274800 ,"$fadd %tenka%,1",,,,,,,,,,,,,,,,,,","
275000 ,,<!Lbegin_continue><!se_inaka_river>,6,101,,,,,,,,,,,,,,,,"Well, let's say you're just watching everyone play without doing anything."
275100 ,,,,,,,,,,,,,,,,,,,,You don't usually get to see everyone in their swimsuits like this. Damn it. If only I had bought a video camera back then.
275300 ,,<!se_water_play1><se_stop id=""2"" fadeout=""8000"">,,,,,çŒb,çŒb,021_CB12T_c_000.wav,,,,"chie,swim",,1,,,,",'Ahhh, the water is so cold and refreshing~!'"
275400 ,,,,,,,“[‰Ô,“[‰Ô,021_CB12T_t_000.wav,,,,chie,,1,"tenka,swim",,3,",You'll fall if you get too excited. The riverbed is slippery."
275500 ,,<!se_water_play2>,,,,,çŒb,çŒb,021_CB12T_c_001.wav,,,,chie,,21,tenka,,3,,"Hey, that one!'' or ''That one\!"
275600 ,,<!se_water_play3>,,,,,“[‰Ô,“[‰Ô,021_CB12T_t_001.wav,,,,chie,,21,tenka,,10,,Wah!? It's cold!
275700 ,,<!se_water_play4>,,,,,çŒb,çŒb,021_CB12T_c_002.wav,,,,chie,,1,tenka,,10,,"How about it, are you done for? Hahaha, run for it!"
275800 ,,<!se_water_play1>,,,,,“[‰Ô,“[‰Ô,021_CB12T_t_002.wav,,,,,,,tenka,,1,,"Hey, wait up there!"
275900 ,,,,,,,,,,,,,,,,,,,,"I want to be allowed to lick Chichan and Tenka-chan, who are playing happily in the river, from the top of their heads to their toes. Or rather, I want to lick them all over."
276000 ,,,,,,,,,,,,,,,,,,,,"You said ''up to your toes,'' but your feet are in the river, so they're not visible anyway."
276100 ,,,,,,,,,,,,,,,,,,,,"By the way, I wonder what Komako-chan is doing? It seems like she went over to the luggage area...."
276200 ,,,,,,,,,,,,,,,,,,,,What were you thinking about?
276300 ,,,,,,,çŒb,çŒb,021_CB12T_c_003.wav,,,,chie,,1,,,,,Koma-chan! Kocchi kocchi!
276400 ,,,,,,,ƒRƒ}ƒR,ƒRƒ}ƒR,021_CB12T_k_000.wav,"komako,swim",,1,chie,,1,,,,",Yeah~. I'm coming now!"
276500 ,,,,,,,,,,,,,,,,,,,,"Tatatat, and Komako-chan returned with a cute little footstep."
276600 ,,,,,,,,,,,,,,,,,,,,"Komako-chan's fair, smooth skin is reflecting the sunlight."
276700 ,,,,,,,,,,,,,,,,,,,,"That pale and beautiful skin of hers might even have the power to purify those who look at it. In fact, I felt like I was about to ascend in all sorts of ways."
276800 ,,,,,,,“[‰Ô,“[‰Ô,021_CB12T_t_003.wav,komako,,1,,,,tenka,,3,,"Komako, what were you doing over there?"
276900 ,,,,,,,ƒRƒ}ƒR,ƒRƒ}ƒR,021_CB12T_k_001.wav,komako,,3,,,,tenka,,3,,Umm... I forgot to put on sunscreen...
277000 ,,,,,,,,,,komako,,3,,,,tenka,,3,,Komako-chan seems to have been applying sunscreen over there. What a surprise. She's really taking good care of her skin.
277100 ,,,,,,,,,,komako,,3,,,,tenka,,3,,"No, that's why it's that whiteness, I guess. Girls, despite appearances, are struggling in the shadows, you know."
277200 ,,,,,,,“[‰Ô,“[‰Ô,021_CB12T_t_004.wav,komako,,3,,,,tenka,,12,,Ah~...... maybe I should have put it on too.
277300 ,,,,,,,ƒRƒ}ƒR,ƒRƒ}ƒR,021_CB12T_k_002.wav,komako,,23,,,,tenka,,12,,"If you don't apply it properly, it'll stain when you take a bath, you know?"
277400 ,,,,,,,“[‰Ô,“[‰Ô,021_CB12T_t_005.wav,komako,,23,,,,tenka,,14,,"Yeah, it's stinging and hurts, huh?"
277500 ,,,,,,,,,,,,,,,,,,,,"Amakochan also, like Komako-chan, is the owner of a fair, un-tanned complexion."
277600 ,,,,,,,,,,,,,,,,,,,,Two people like that are discussing skin care. This is a perfect girls' talk.
277700 ,,,,,,,,,,,,,,,,,,,,"And then, being able to listen to the conversations of such girls makes me feel like it's something very happy."
277800 ,,<!se_water_dive><!se_water_play2>,,,,,çŒb,çŒb,021_CB12T_c_004.wav,,,,chie,,1,,,,,Chii-chan isn't scared of sunburn at all!
277900 ,,,,,,,ƒRƒ}ƒR,ƒRƒ}ƒR,021_CB12T_k_003.wav,komako,,4,,,,tenka,,4,,Kyaa!
278000 ,,,,,,,“[‰Ô,“[‰Ô,021_CB12T_t_006.wav,komako,,4,,,,tenka,,4,,Hyaa!
278100 ,,,,,,,,,,,,,,,,,,,,"There, with a splash\*bwah!*\Chi-chan bursts in, spraying water everywhere."
278200 ,,,,,,,“[‰Ô,“[‰Ô,021_CB12T_t_007.wav,komako,,12,chie,,1,tenka,,23,,"Chii isn't scary or anything, she's already well-done, you know?"
278300 ,,,,,,,ƒRƒ}ƒR,ƒRƒ}ƒR,021_CB12T_k_004.wav,komako,,21,chie,,1,tenka,,23,,But I think it's good if it's more like Chi-chan.
278400 ,,,,,,,çŒb,çŒb,021_CB12T_c_005.wav,komako,,21,chie,,21,tenka,,23,,Eh heh~
278500 ,,,,,,,,,,,,,,,,,,,,Chi-chan smiling happily in response to Komako-chan's words.
278600 ,,<!se_water_play1>,,,,,çŒb,çŒb,021_CB12T_c_006.wav,,,,chie,,0,,,,,"Both of you, come a little closer over here. This place is amazing! The water comes up to your waist!"
278700 ,,,,,,,,,,,,,,,,,,,,"Chii-chan splashing through the river, followed by Tenka-chan and Komako-chan."
278800 ,,,,,,,,,,,,,,,,,,,,"The flow of the river is gentle unless it rains, so I think there's hardly any danger. The depth isn't enough for three people to drown."
278900 ,,,,,,,,,,,,,,,,,,,,"And just in case, I'm keeping an eye on things."
279000 ,,,,,,,“[‰Ô,“[‰Ô,021_CB12T_t_008.wav,,,,,,,tenka,,9,,Ah...
279100 ,,,,,,,,,,,,,,,,tenka,,9,,"What could have happened? Suddenly, Tenka-chan's body froze and stopped as if it had stiffened."
279200 ,,,,,,,çŒb,çŒb,021_CB12T_c_007.wav,,,,chie,,3,,,,,Tenkachan?
279300 ,,,,,,,“[‰Ô,“[‰Ô,021_CB12T_t_009.wav,,,,,,,tenka,,16,,What should I do... I really have to pee.
279400 ,,,,,,,,,,,,,,,,tenka,,16,,I see. That's how it is.
279500 ,,,,,,,çŒb,çŒb,021_CB12T_c_008.wav,,,,chie,,13,,,,,"Ah, maybe Chichan wants to pee a little too."
279600 ,,,,,,,ƒRƒ}ƒR,ƒRƒ}ƒR,021_CB12T_k_005.wav,komako,,3,,,,,,,,I also...
279700 ,,,,,,,,,,,,,,,,,,,,"Well, well, all three of us feel the urge to urinate at the same time. When one person wants to go to the bathroom, everyone else does too. Is this the ''group pee'' thing?"
279800 ,,,,,,,,,,,,,,,,,,,,"But there's no toilet around here, is there? Oh, right! So I'm supposed to be the toilet, huh?"
279900 ,,,,,,,,,,,,,,,,,,,,"As I practice opening my mouth wide so I can always be their toilet, Chi-chan and Komako-chan squatted down right there."
280000 ,,,,,,,,,,,,,,,,,,,,Get wet up to just below your shoulders.
280100 ,,,,,,,,,,,,,,,,,,,,"It seems that I'm not the only one who's looking at them with curiosity, and Tenka-chan is also staring at the two of them intently."
280200 ,,,,,,,çŒb,çŒb,021_CB12T_c_009.wav,,,,chie,,26,,,,,Fwaaah...
280300 ,,,,,,,ƒRƒ}ƒR,ƒRƒ}ƒR,021_CB12T_k_006.wav,komako,,22,,,,,,,,Nn...
280400 ,,,,,,,,,,,,,,,,,,,,It seems like a suspicious voice just came through. What in the world are those two up to? Should I join in too?
280500 ,,,,,,,,,,,,,,,,,,,,"And the two of them seemed to be enjoying themselves, shivering with pleasure... Wait, could it be...!?"
280600 ,,,,,,,“[‰Ô,“[‰Ô,021_CB12T_t_010.wav,,,,,,,tenka,,4,,Maybe you're peeing...
280700 ,,,,,,,,,,,,,,,,tenka,,4,,"Tenka-chan has her mouth slightly open, with an expression as if she's seen something unbelievable."
280800 ,,,,,,,çŒb,çŒb,021_CB12T_c_010.wav,,,,chie,,0,,,,,"Yeah, that's right! Since it's a river, even if you pee, it'll just flow away, so it's fine, right? Hey, Komachan?"
280900 ,,,,,,,ƒRƒ}ƒR,ƒRƒ}ƒR,021_CB12T_k_007.wav,komako,,13,,,,,,,,"Uh... ah, ahh..."
281000 ,,,,,,,,,,,,,,,,,,,,What the hell is that!?
281100 ,,,,,,,,,,,,,,,,,,,,You should have said that much earlier!
281200 ,,,,,,,,,,,,,,,,,,,,I hurried down to the riverbank and stuck my face into the spot where Chi-chan's and Komako-chan's pee seemed to be flowing.
281300 ,,,,,,,,,,,,,,,,,,,,"It's cold! Somewhere in this river, there must be two people's pee flowing! Uooooooooohhhh!!"
281400 ,,,,,,,,,,,,,,,,,,,,"However, you can't breathe underwater, so of course, you can't smell anything."
281500 ,,,,,,,,,,,,,,,,,,,,Damn it! I have no idea where the piss is flowing to at all!
281600 ,,,,,,,,,,,,,,,,,,,,"Even when I looked up from the river, there were no areas that seemed to have changed color to yellow."
281700 ,,,,,,,,,,,,,,,,,,,,"It's frustrating, but maybe I have to give up...."
281800 ,,,,,,,çŒb,çŒb,021_CB12T_c_011.wav,,,,chie,,3,,,,,Doesn't Tenka-chan want to pee too?
281900 ,,,,,,,,,,,,,chie,,3,,,,,"After finishing her pee in the water, chi-chan called out to the stunned Amanogawa-chan."
282000 ,,,,,,,,,,,,,,,,,,,,"Come on! There's still Amakachan left, isn't there? Come on! Even if I have to search for Amakachan's pee from the middle of the ocean, I'll find it!"
282100 ,,,,,,,,,,,,,,,,,,,,"Whenever I can, I'll be ready by the riverbank to drink Amakachan's pee."
282200 ,,,,,,,,,,,,,,,,,,,,"However, contrary to expectations, Tenka-chan was,"
282300 ,,,,,,,“[‰Ô,“[‰Ô,021_CB12T_t_011.wav,,,,chie,,3,tenka,,16,,"Ah, I don't do such dirty things!"
282400 ,,,,,,,,,,,,,chie,,3,tenka,,16,,Reject underwater peeing.
282500 ,,,,,,,çŒb,çŒb,021_CB12T_c_012.wav,,,,chie,,23,tenka,,16,,"It's not dirty, right? There's a lot of water flowing, so a little bit is okay!"
282600 ,,,,,,,“[‰Ô,“[‰Ô,021_CB12T_t_012.wav,,,,chie,,23,tenka,,31,,"In the city, you wouldn't do something like that!"
282700 ,,,,,,,ƒRƒ}ƒR,ƒRƒ}ƒR,021_CB12T_k_008.wav,komako,,3,,,,tenka,,31,,We've been doing it all along.
282800 ,,,,,,,“[‰Ô,“[‰Ô,021_CB12T_t_013.wav,komako,,3,,,,tenka,,36,,"K, kon'na o-soto de toi-re toka...... zettai iya!"
282900 ,,,,,,,,,,,,,,,,,,,,The underwater peeing culture of the Chi-chan group was apparently a culture shock for Tenka-chan.
283000 ,,,,,,,,,,,,,,,,,,,,"By the way, I used to do standing pee too when I was younger, but do the kids these days still do it? Well, they probably do. I can tell just by looking at the kids like Chi-chan."
283100 ,,,,,,,,,,,,,,,,,,,,"Well, it seems that such a culture isn't deeply rooted in kids like Tenka-chan who grew up in the city."
283200 ,,,,,,,,,,,,,,,,,,,,"But well, anyway... it seems Amakagari-chan doesn't pee. I had no choice but to quietly leave the riverbank, facing that unfortunate reality."
283300 ,,,,,,,,,,,,,,,,,,,,"But... oh, I see. The kids must be peeing in the river without a care in the world. Couldn't my house's water supply be set up to draw water from this river?"
283400 ,,,,,,,,,,,,,,,,,,,,"I couldn't drink the pee, but let's get back to the job of looking at the three of them after regaining my composure."
283500 ,,,,,,,,,,,,,,,,,,,,"Then, Tenka-chan came up from the river. She's heading toward me."
283600 ,,,,,,,“[‰Ô,“[‰Ô,021_CB12T_t_014.wav,,,,,,,"tenkaL,swim",,11,",'Uncle, I want to go to the bathroom.'"
283700 ,,,,,,,ålŒö,ƒ–¼„,,,,,,,,tenkaL,,11,,"Oh, that's a problem. There aren't any restrooms around here, huh..."
283800 ,,,,,,,,,,,,,,,,tenkaL,,11,,"It's so raw, the way she's sitting with her legs spread like that. She must be holding it in, ready to spill at any moment."
283900 ,,,,,,,,,,,,,,,,tenkaL,,11,,"When it comes to the urge to urinate, if you don't pay attention to it, it's not that big of a deal, but the moment you think about it, you suddenly feel an overwhelming urge."
284000 ,,,,,,,,,,,,,,,,tenkaL,,11,,"In my case, when I think, ''Ah, I want to jerk off right now,'' my erection doesn't subside for a while."
284100 ,,,,,,,“[‰Ô,“[‰Ô,021_CB12T_t_015.wav,,,,,,,tenkaL,,9,,Uuuu... it's leaking...
284200 ,,,,,,,,,,,,,,,,tenkaL,,9,,"She's pressing her thighs together as she complains about her urge to pee, and it's so damn cute. I'd want to make her into a figurine and display her like that."
284300 ,,,,,,,,,,,,,,,,tenkaL,,9,,It seems like there might be tears welling up in her eyes. The sight of Amikachan in her bikini... getting wet... how exciting a picture that would be.
284400 ,,,,,,,“[‰Ô,“[‰Ô,021_CB12T_t_016.wav,,,,,,,tenkaL,,31,,Uncle...
284500 ,,,,,,,,,,,,,,,,tenkaL,,31,,"Just as I was pretending to be in a bind, Aika came running over with a voice on the verge of tears, begging for help."
284600 ,,,,,,,,,,,,,,,,tenkaL,,31,,"If you ask me like that, even an old man like me can't help but come to your aid."
284700 ,,,,,,,ålŒö,ƒ–¼„,,,,,,,,tenkaL,,31,,"Well, can't be helped. Let's do it where there's no one around."
284800 ,,,,,,,“[‰Ô,“[‰Ô,021_CB12T_t_017.wav,,,,,,,tenkaL,,11,,Where's the toilet...? There's none anywhere?
284900 ,,,,,,,,,,,,,,,,tenkaL,,11,,"After all, it seems there's still some resistance to taking a piss in the wild."
285000 ,,,,,,,,,,,,,,,,tenkaL,,11,,"Even in the river, he was that stubborn. But unfortunately, he wasn't being mean\there really was no toilet."
285100 ,,,,,,,ålŒö,ƒ–¼„,,,,,,,,tenkaL,,11,,"Going back to the house is impossible, right?"
285200 ,,,,,,,“[‰Ô,“[‰Ô,021_CB12T_t_018.wav,,,,,,,tenkaL,,9,,"Hmm, that's impossible..."
285300 ,,,,,,,ålŒö,ƒ–¼„,,,,,,,,tenkaL,,9,,"Well, if there's no toilet, you'll just have to put up with it."
285400 ,,,,,,,“[‰Ô,“[‰Ô,021_CB12T_t_019.wav,,,,,,,tenkaL,,32,,Hmm...
285500 ,,,,,,,,,,,,,,,,tenkaL,,32,,It seems like they're having trouble making up their mind.
285600 ,,,,,,,ålŒö,ƒ–¼„,,,,,,,,tenkaL,,32,,Or are you gonna piss yourself in front of the chi-chan girls?
285700 ,,,,,,,“[‰Ô,“[‰Ô,021_CB12T_t_020.wav,,,,,,,tenkaL,,11,,"Uh, no way.... If things go that far, they might say we're not friends anymore."
285800 ,,,,,,,,,,,,,,,,tenkaL,,11,,"It's not like the Chee-chan crew would do that, but even so, it doesn't make it okay to let it slip."
285900 ,,,,,,,ålŒö,ƒ–¼„,,,,,,,,tenkaL,,11,,"It's okay. I'll have the old man keep watch so no one sees you, okay?"
286000 ,,,,,,,“[‰Ô,“[‰Ô,021_CB12T_t_021.wav,,,,,,,tenkaL,,33,,...I see.
286100 ,,,,,,,,,,,,,,,,tenkaL,,33,,"Reluctantly, very reluctantly, Amikachan finally gave her consent."
286200 ,,,,,,,,,,,,,,,,tenkaL,,33,,"So, yeah. If I just leave without saying anything, maybe Chi-chan and Komako-chan will come looking for us."
286300 ,,,,,,,ålŒö,ƒ–¼„,,,,,,,,,,,,"Sorry! Uncle, I'll take Tenka-chan to the bathroom for a second!"
286400 ,,,,,,,ålŒö,ƒ–¼„,,,,,,,,,,,,"Play together, but don't do anything dangerous, okay!"
286500 ,,,,,,,çŒb,çŒb,021_CB12T_c_012a,komako,,1,chie,,1,,,,,Hai-yah!
286600 ,,,,,,,ƒRƒ}ƒR,ƒRƒ}ƒR,021_CB12T_k_009.wav,komako,,1,chie,,1,,,,,Hai!
286700 ,,,,,,,,,,,,,,,,,,,,"After hearing a cheerful reply, I hurried away from where Chi-chan and the others were."
286800 ,,,,,,,ålŒö,ƒ–¼„,,,,,,,,,,,,Can you hold on a little longer?
286900 ,,,,,,,“[‰Ô,“[‰Ô,021_CB12T_t_022.wav,,,,,,,tenkaL,,16,,Just in time...'' or ''Right at the last minute...'' or ''Narrowly...
287000 ,,,,,,,,,,,,,,,,tenkaL,,16,,It looks really painful. The droplets on his forehead\whether they're remnants of playing in the water or just sweat\are hard to tell.
287100 ,,,,,,,,,,,,,,,,tenkaL,,16,,"I found a good thicket just a little away from where I was earlier, by the riverbank."
287200 ,,,,,,,ålŒö,ƒ–¼„,,,,,,,,tenkaL,,16,,"How about I pee here? The grass and rocks should keep it hidden from view, I think."
287300 ,,,,,,,“[‰Ô,“[‰Ô,021_CB12T_t_023.wav,,,,,,,tenkaL,,33,,"Yeah, this is fine..."
287400 ,,,,,,,,,,,,,,,,tenkaL,,33,,"She was about to go into the bushes and think, ''Come on, pee!'' but instead, she turned around to look at me."
287500 ,,,,,,,ålŒö,ƒ–¼„,,,,,,,,tenkaL,,33,,What's wrong? You're not peeing?
287600 ,,,,,,,“[‰Ô,“[‰Ô,021_CB12T_t_024.wav,,,,,,,tenkaL,,11,,"Why are you looking at me like that, old man?"
287700 ,,,,,,,ålŒö,ƒ–¼„,,,,,,,,tenkaL,,11,,"Oh, sorry, sorry! Yeah, you're right, I can't see it if I'm looking."
287800 ,,,,,,,“[‰Ô,“[‰Ô,021_CB12T_t_025.wav,,,,,,,tenkaL,,31,,Isn't the old man supposed to be keeping watch so no one comes?
287900 ,,,,,,,ålŒö,ƒ–¼„,,,,,,,,tenkaL,,31,,"That's right, that's right, yeah. Yeah, yeah. That's it! Uncle is keeping a close watch, so feel free to pee!"
288000 ,,,,,,,“[‰Ô,“[‰Ô,021_CB12T_t_026.wav,,,,,,,tenkaL,,31,,"If someone comes, let me know right away, okay? Really, please keep an eye on it?"
288100 ,,,,,,,ålŒö,ƒ–¼„,,,,,,,,tenkaL,,31,,Leave it to me!
288200 ,,,,,,,,,,,,,,,,,,,,"In a hurry, I turned my back to Tenka-chan and left the thicket\pretending to do so."
288300 ,,,,,,,,,,,,,,,,,,,,"Well, no, right? Because, you know? The scene where Amanohana pees is right there! Focusing on guarding here goes against my aesthetics!"
288400 ,,,,,,,,,,,,,,,,,,,,"So, it's bad for Tenka-chan, but I'm abandoning my lookout duty. I lower my posture and approach the bushes."
288500 ,,,,,,,,,,,,,,,,,,,,"Tenka-chan, you said it just now, right? Look carefully, okay? Yeah, Uncle will watch Tenka-chan pee carefully for you!"
288600 ,,,,,,,,,,,,,,,,,,,,"After changing jobs to watch over Tenka-chan's pee, I peeked at the situation from between the gaps in the grass."
288800 ,,<!scene_h_begin>,13,,3100000,,,,,,,,,,,,,,,
288900 ,*mem,,,,3100000,,,,,,,,,,,,,,,
289000 ,,,13,,3100000,,ålŒö,ƒ–¼„,,,,,,,,,,,,Ohhhh\
289100 ,,,,,3100000,,,,,,,,,,,,,,,"The voice almost slipped out, so I hurriedly covered my mouth. If I made a sound here and got noticed by Tenka-chan, it would be all over."
289200 ,,,,,3100000,,,,,,,,,,,,,,,"In the bushes, Amanogawa-chan pulled her polka-dot bikini bottoms down to just below her knees. Lucky for me, Amanogawa-chan's beautiful pussy was clearly visible from this angle."
289300 ,,,,,3100000,,,,,,,,,,,,,,,It's understandable that you'd let out a sound at such a breathtaking view. It'd be hard to stay silent when shown something like this.
289400 ,,,,,3100000,,“[‰Ô,“[‰Ô,021_CB12T_t_027.wav,,,,tenka,,0,,,,,Haaaa...
289500 ,,,,,3100000,,,,,,,,,,,,,,,"Amari-chan seems to be squatting like a country yank, as if she's about to pee."
289600 ,,,,,3100000,,,,,,,,,,,,,,,That face is stained with emotions that are a mix of anxiety and shame.
289700 ,,,,,3100000,,,,,,,,,,,,,,,"My pants are also getting wet from excitement over Sweet Flower-chan's adorable little pussy. Now, pee is going to come out from that tiny flower petal, isn't it?"
289800 ,,,,,3100000,,,,,,,,,,,,,,,"However, the urine doesn't seem to come out from between Sweetflower-chan's legs no matter what."
289900 ,,,,,3100000,,,,,,,,,,,,,,,"You seemed like you were about to spill the beans, saying it was beyond your limit, but are you still hesitating?"
290000 ,,,,,3100000,,,,,,,,,,,,,,,"Tenka-chan is a girl who grew up in the city, unlike Chi-chan or Komako-chan. From the conversation just now, it seems that peeing in the wild is her first experience."
290100 ,,,,,3100000,,,,,,,,,,,,,,,"Even if you know no one is watching, and even if you know there's no other way, there must be some internal conflict within yourself."
290200 ,,,,,3100000,,,,,,,,,,,,,,,I'm sure Amachan's pride won't just let her forgive something as trivial as that.
290300 ,,,,,3100000,,“[‰Ô,“[‰Ô,021_CB12T_t_028.wav,,,,tenka,,0,,,,,Kuuu...
290400 ,,,,,3100000,,,,,,,,,,,,,,,A voice that seemed to be wrung out.
290500 ,,,,,3100000,,,,,,,,,,,,,,,"No matter how much conflict there is, the outcome is clear. In fact, it's not hard to imagine that the ''Sweet Flower'' girl's pee dam is on the verge of collapse."
290600 ,,,,,3100000,,,,,,,,,,,,,,,One piece of evidence for that is the pussy that has been twitching and trembling since earlier.
290800 ,,,,,3100000,,,,,,,,,,,,,,,"Okay, let's do it!'' ''No, it's no good, really...'' ''But there's no other choice but to do it here!'' ''But it's embarrassing..."
290900 ,,,,,3100000,,,,,,,,,,,,,,,Such a battle must be taking place deep inside that pussy.
291000 ,,,,,3100000,,,,,,,,,,,,,,,"The outbreak of the First Wild Ass War. And if that war doesn't end soon, my penis is going to explode."
291100 ,,,,,3100000,,,,,,,,,,,,,,,"Hang in there, Amanogawa. There's nothing to be afraid of with a wild pee."
291200 ,,,,,3100000,,,,,,,,,,,,,,,"When humans were born, there were no toilets, so it's only natural that taking a piss in the wild is the true form a toilet should take!"
291300 ,,,,,3100000,,,,,,,,,,,,,,,"To cheer up Tenka-chan, I send her my best encouragement in my mind."
291400 ,,,,,3100000,,,,,,,,,,,,,,,And finally...
291600 ,,<!se_piss>,,,3100010,,,,,,,,,,,,,,,"drip, drip, drip, drip, drip, drip, drip"
291700 ,,,,,3100010,,,,,,,,,,,,,,,Golden Water.
291800 ,,,,,3100010,,,,,,,,,,,,,,,The very first thing that popped into my head was that one phrase.
291900 ,,,,,3100010,,“[‰Ô,“[‰Ô,021_CB12T_t_029.wav,,,,tenka,,0,,,,,Haaaa...... uu...... it came out......
292000 ,,,,,3100010,,,,,,,,,,,,,,,"It drips, drip, drip\just like Iwa-Shimizu\from the crack in Satsukachan's body, welling up. The expression ''leaking out'' might be more accurate."
292100 ,,,,,3100010,,,,,,,,,,,,,,,"As for a guy like me, I'll just go at it full force whether it's in the toilet or a river, but do girls have some other way of doing things?"
292200 ,,,,,3100010,,,,,,,,,,,,,,,"Come on, that can't be right. Even girls should be able to pee with a bit more force."
292300 ,,,,,3100010,,“[‰Ô,“[‰Ô,021_CB12T_t_030.wav,,,,tenka,,0,,,,,"Doesn't sound like the old man can hear it, does it?"
292400 ,,,,,3100010,,,,,,,,,,,,,,,"Ohhhh... Maybe Amakagura-chan doesn't want me to hear the sound, so she's intentionally suppressing the output to avoid making noise."
292500 ,,,,,3100010,,,,,,,,,,,,,,,"While thinking that the expression ''suppressing output to pee'' was odd, my gaze was fixed on Tenka-chan."
292600 ,,,,,3100010,,,,,,,,,,,,,,,"As for Amanohana, you don't have to hold back. I've already gone beyond just listening to the sounds\now I'm even peeking at her while she's peeing."
292700 ,,,,,3100010,,,,,,,,,,,,,,,"If you want, you can splash me with such force that the spray reaches me. No, please do! Amachan! Please pee over here!"
292800 ,,,,,3100010,,,,,,,,,,,,,,,"I tried sending a message to Tenka-chan in a way like ''Please look this way,'' but her usual trickle of pee kept coming out as usual."
292900 ,,,,,3100010,,“[‰Ô,“[‰Ô,021_CB12T_t_031.wav,,,,tenka,,0,,,,,Haaaa...... uuuhhh...... I can't hold it anymore......
293000 ,,,,,3100010,,,,,,,,,,,,,,,"While peeing, Tenka-chan mumbled like a delirious whisper."
293100 ,,,,,3100010,,,,,,,,,,,,,,,I can't stand it anymore\what can't I stand? I've already peed... but maybe my pussy is aching or something!?
293200 ,,,,,3100010,,“[‰Ô,“[‰Ô,021_CB12T_t_032.wav,,,,tenka,,0,,,,,"Uh, just a little bit more... can't I let it out...?"
293300 ,,,,,3100010,,,,,,,,,,,,,,,...s-s-s-s-s
293400 ,,,,,3100010,,,,,,,,,,,,,,,Amami-chan's golden water has gained a bit more momentum.
293500 ,,,,,3100010,,,,,,,,,,,,,,,"My guess was wrong. It seems like the meaning of ''can't bear it'' wasn't wrong after all, meaning you can't hold your pee."
293600 ,,,,,3100010,,,,,,,,,,,,,,,"Well, if that's the case, then saying that a pussy aches could be considered correct in a way, too."
293700 ,,,,,3100010,,,,,,,,,,,,,,,It seems like Amakana-chan's face also looks like she's feeling good.
293800 ,,,,,3100010,,,,,,,,,,,,,,,"When it comes to peeing, there are times when you really want to go but it just comes out in a trickle, and it's so frustrating, right?"
293900 ,,,,,3100010,,,,,,,,,,,,,,,"For example, if you have to pee while in an erect state, you have to be careful because the urine might spray in unintended directions."
294000 ,,,,,3100010,,,,,,,,,,,,,,,"And yet, if my bladder is full, I really want to go, but I can only go a little at a time, which feels awful."
294100 ,,,,,3100010,,,,,,,,,,,,,,,"Probably, Tenka-chan also felt that way."
294200 ,,,,,3100010,,“[‰Ô,“[‰Ô,021_CB12T_t_033.wav,,,,tenka,,0,,,,,Uuuu... I hope it ends soon...
294300 ,,,,,3100010,,,,,,,,,,,,,,,"It seems like you've accumulated alot of urine, and the flow just won't stop. The dripping golden liquid flows like it might be some kind of never-drying water from the depths of the mountains."
294400 ,,,,,3100010,,,,,,,,,,,,,,,"Even if it's not in the mountains, for me, Amakagiri-chan's pee is like holy water that isn't so holy!"
294500 ,,,,,3100010,,,,,,,,,,,,,,,The endless stream of pee gushing from Omanko's crotch was forming a yellow puddle between the legs of Tenka-chan.
294600 ,,,,,3100010,,“[‰Ô,“[‰Ô,021_CB12T_t_034.wav,,,,tenka,,0,,,,,I should have gone to the bathroom before leaving home...
294700 ,,,,,3100010,,,,,,,,,,,,,,,"Hearing the melancholic yet sweet murmurs of Tenka-chan, all I can do is feel gratitude."
294800 ,,,,,3100010,,,,,,,,,,,,,,,"Thanks to you coming to play without going to the toilet, I can watch Amana-chan's pee."
294900 ,,,,,3100010,,,,,,,,,,,,,,,"Because I'm squatting to pee, a few drops of golden liquid also spread toward my ass. It sparkled as it caught the light of the midsummer sun."
295000 ,,,,,3100010,,,,,,,,,,,,,,,Ah... summer has come again this year.
295100 ,,,,,3100010,,,,,,,,,,,,,,,I let my thoughts wander to the golden droplets of water.
295200 ,,,,,3100010,,“[‰Ô,“[‰Ô,021_CB12T_t_035.wav,,,,tenka,,0,,,,,Huffs... just a little more... huh...
295300 ,,,,,3100010,,,,,,,,,,,,,,,"Heaving breaths\huffing and puffing. From Amachan, I sense a faintly relieved atmosphere."
295400 ,,,,,3100010,,,,,,,,,,,,,,,"It feels like it would be a waste to just let it end like this after all, now that I got to see Tenka-chan's wild side."
295500 ,,,,,3100010,,,,,,,,,,,,,,,"Okay, let's tease Amikachan a little."
295600 ,,,,,3100010,,ålŒö,ƒ–¼„,,,,,,,,,,,,"Hey, are you done peeing yet?"
295700 ,,,,,3100010,,,,,,,,,,,,,,,"To avoid being noticed that I'm nearby, carefully pretend to call out to someone."
295800 ,,,,,3100010,,“[‰Ô,“[‰Ô,021_CB12T_t_036.wav,,,,tenka,,0,,,,,"Hyaa!? O, ojisan!? Doko ni iru no??"
295900 ,,,,,3100010,,,,,,,,,,,,,,,"Jyobobo... and with her pee still coming out, Tenka-chan panics and flusters."
296000 ,,,,,3100010,,ålŒö,ƒ–¼„,,,,,,,,,,,,It's okay. I'm right next to you. I'll come to you now!
296100 ,,,,,3100010,,“[‰Ô,“[‰Ô,021_CB12T_t_037.wav,,,,tenka,,0,,,,,"No! No no no! Right now, I'm still peeing, so nooo!"
296200 ,,,,,3100010,,,,,,,,,,,,,,,"The moment I became aware that I was coming, the force of my pee weakened. Was it already over... or...?"
296300 ,,,,,3100010,,“[‰Ô,“[‰Ô,021_CB12T_t_038.wav,,,,tenka,,0,,,,,"N-no, it's almost over, so don't come here, okay!? Don't come over here at all!"
296400 ,,,,,3100010,,,,,,,,,,,,,,,"Wow, what a strong rejection reaction. Well, if you think about it, it's only natural, I guess."
296500 ,,,,,3100010,,ålŒö,ƒ–¼„,,,,,,,,,,,,Really? You're still just peeing? It's not taking long? I'm worried you might have heatstroke or something.
296600 ,,,,,3100010,,“[‰Ô,“[‰Ô,021_CB12T_t_039.wav,,,,tenka,,0,,,,,It's all good! I'll come over once I'm done!
296700 ,,,,,3100010,,,,,,,,,,,,,,,"The desperate way you're trying to call me over, Chika-chan, is so cute. Actually, you're already here, huh? If I peeked my face out from here, what kind of reaction would Chika-chan have?"
296800 ,,,,,3100010,,,,,,,,,,,,,,,"At the same time as such curiosity arose, it was easy to imagine a future where my trust in Amanohana would plummet to the ground."
296900 ,,,,,3100010,,ålŒö,ƒ–¼„,,,,,,,,,,,,"Got it. But if you don't come out within the next 10 seconds, I'll come check on you because I'll be worried."
297000 ,,,,,3100010,,“[‰Ô,“[‰Ô,021_CB12T_t_040.wav,,,,tenka,,0,,,,,"Wait, that's no good! Uncle, wait for me there!"
297100 ,,,,,3100010,,ålŒö,ƒ–¼„,,,,,,,,,,,,one-two
297200 ,,,,,3100010,,“[‰Ô,“[‰Ô,021_CB12T_t_041.wav,,,,tenka,,0,,,,,"Ah, wait......!"
297300 ,,,,,3100010,,,,,,,,,,,,,,,"Seeing her face turn pale before my eyes, Tenka-chan."
297400 ,,,,,3100010,,,,,,,,,,,,,,,"Feeling like it might be bad, the flow of pee suddenly gets stronger. The pee, dripping down in a dripping arc, looks like a golden artistic masterpiece as it flows onto the ground."
297500 ,,,,,3100010,,,,,,,,,,,,,,,"I see, when I tried to talk to you earlier, the momentum weakened. Probably because she thought I might be watching, she must have hurried to stop herself from peeing."
297600 ,,,,,3100010,,,,,,,,,,,,,,,And now it's the other way around. Tenka-chan is urinating with considerable force. The force is so strong that a large splash of water rises up.
297700 ,,,,,3100010,,,,,,,,,,,,,,,The splashed urine of the bouncing Tenka-chan flew right up to where I was peeking.
297800 ,,,,,3100010,,ålŒö,ƒ–¼„,,,,,,,,,,,,Saaaan\shi\ii\go\ooo!
297900 ,,,,,3100010,,,,,,,,,,,,,,,The merciless countdown continues.
298000 ,,,,,3100010,,“[‰Ô,“[‰Ô,021_CB12T_t_042.wav,,,,tenka,,0,,,,,"Counting so fast... it's still, still not good enough, okay!? Nnuh..."
298100 ,,,,,3100010,,,,,,,,,,,,,,,"And, *splosh*... a particularly loud water sound rises. A single drop of golden water flies toward my eyes and sticks to the grass in front of me. Oh, oh, ohhhh!"
298200 ,,,,,3100010,,ålŒö,ƒ–¼„,,,,,,,,,,,,R'k?...... naa...... naa......
298300 ,,,,,3100010,,,,,,,,,,,,,,,"Pushing my face forward carefully to avoid rustling the grass and drawing attention, I stick out my tongue with the utmost caution."
298400 ,,,,,3100010,,,,,,,,,,,,,,,"Lick up the attached golden water! With that in hand, I'll be satisfied!"
298500 ,,,,,3100010,,,,,,,,,,,,,,,"Given how much I've done so far, I might get scolded for being too presumptuous, but compromise isn't allowed."
298600 ,,,,,3100010,,ålŒö,ƒ–¼„,,,,,,,,,,,,Haaaaah...... chiiii......
298700 ,,,,,3100010,,,,,,,,,,,,,,,Just a little more... just a few more millimeters... my tongue... about to reach that droplet!
298800 ,,,,,3100010,,ålŒö,ƒ–¼„,,,,,,,,,,,,Kyu...... uuuuuuuuuu!
299000 ,,,,,3100010,,,,,,,,,,,,,,,"And there it is! This salty, fishy taste... it's undeniably Amakagiri-chan's pee!"
299100 ,,,,,3100020,,“[‰Ô,“[‰Ô,021_CB12T_t_043.wav,,,,tenka,,0,,,,,Haaaa... haaaa...
299200 ,,,,,3100020,,,,,,,,,,,,,,,"Because of doing the countdown in such an awkward posture, an incredibly pained voice came out, but Amakana-chan was also in no state to be concerned about that."
299300 ,,,,,3100020,,,,,,,,,,,,,,,"As I succeeded in licking Tienhua-chan's pee, almost at the same time, Tienhua-chan finally seemed to have stopped peeing."
299400 ,,,,,3100020,,,,,,,,,,,,,,,"Of course, in the middle of nature without toilet paper, it's not even possible to wipe between your legs. Sweetflower's thighs and buttocks are dripping with urine."
299500 ,,,,,3100020,,,,,,,,,,,,,,,"Then, Tenka-chan started putting her swimsuit back on."
299700 ,$event_return,,,,,,,,,,,,,,,,,,,
299800 ,,<!scene_h_end>,4,,,,,,,,,,,,,,,,,"If I stay here, the fact that I was peeking will be exposed. Quickly leave the bushes and then,"
299900 ,,,,,,,ålŒö,ƒ–¼„,,,,,,,,,,,,Juuu!
300000 ,,,,,,,,,,,,,,,,,,,,Complete the countdown.
300100 ,,,,,,,ålŒö,ƒ–¼„,,,,,,,,,,,,Amachan? Are you done peeing?
300200 ,,,,,,,,,,,,,,,,,,,,"Approaching the thicket where Amakagiri-chan is, giving off an air of having kept a close watch."
300300 ,,,,,,,“[‰Ô,“[‰Ô,021_CB12T_t_044.wav,,,,tenka,,33,,,,,"Uh, uh. It's okay, I did it properly..."
300400 ,,,,,,,,,,,,,tenka,,33,,,,,"Amidya-chan quietly emerged from the bushes, her cheeks flushed."
300500 ,,,,,,,,,,,,,tenka,,33,,,,,It must have been quite embarrassing for your first time in the woods.
300600 ,,,,,,,ålŒö,ƒ–¼„,,,,,tenka,,33,,,,,"Amachan, you have pee on your feet."
300700 ,,,,,,,,,,,,,tenka,,33,,,,,"I hurriedly put on my swimsuit, so I didn't have the luxury to worry about such things."
300800 ,,,,,,,“[‰Ô,“[‰Ô,021_CB12T_t_045.wav,,,,tenka,,31,,,,,"No! Uncle, don't look over here!"
300900 ,,,,,,,,,,,,,tenka,,31,,,,,"When I point and tell her, Tenka-chan hurriedly covers her thighs with both hands. But if she does that,"
301000 ,,,,,,,“[‰Ô,“[‰Ô,021_CB12T_t_046.wav,,,,tenka,,16,,,,,Ah... hand...
301100 ,,,,,,,,,,,,,,,,,,,,"This time, my own hands will get dirty."
301200 ,,,,,,,ålŒö,ƒ–¼„,,,,,,,,,,,,Come wash yourself in the river.
301300 ,,,,,,,,,,,,,,,,,,,,"I feel a deep sense of nostalgia thinking that the rural environment must be unfamiliar to Amikachan, who grew up in the city."
301400 ,,,,,,,,,,,,,,,,,,,,"Tenka-chan washes her hands with a splashy sound and then splashes water on her crotch and thighs, trying to wash away her urine."
301500 ,,,,,,,“[‰Ô,“[‰Ô,021_CB12T_t_047.wav,,,,tenka,,12,,,,,I want to take a shower soon...
301600 ,,,,,,,,,,,,,tenka,,12,,,,,"The girl named Amanohana, who had come up from the river, let her shoulders droop."
301700 ,,,,,,,ålŒö,ƒ–¼„,,,,,tenka,,12,,,,,"It's okay. The water in this river is clean, you know."
301800 ,,,,,,,“[‰Ô,“[‰Ô,021_CB12T_t_048.wav,,,,tenka,,13,,,,,Umm...
301900 ,,,,,,,,,,,,,tenka,,13,,,,,"It seems that the experience of the wild camping trip was quite shocking, and Tenka-chan seems to have lost her energy."
302000 ,,,,,,,ålŒö,ƒ–¼„,,,,,tenka,,13,,,,,"What should we do? We still have time, but should we leave early?"
302100 ,,,,,,,“[‰Ô,“[‰Ô,021_CB12T_t_049.wav,,,,tenka,,34,,,,,"But, if you do that, I think Chii and Komako will probably say they want to play more..."
302200 ,,,,,,,ålŒö,ƒ–¼„,,,,,tenka,,34,,,,,"Yeah, that's right. You just came to play, after all."
302300 ,,,,,,,“[‰Ô,“[‰Ô,021_CB12T_t_050.wav,,,,tenka,,13,,,,,"Yeah, it's fine. I've done my pee... properly..."
302400 ,,,,,,,,,,,,,tenka,,13,,,,,"It seems like Amakana-chan is trying to hide the fact that she might actually want to go back, even though that feeling might be there."
302500 ,,,,,,,,,,,,,tenka,,13,,,,,"I don't want to make Chi-chan or Komako-chan feel bad because of my own selfishness, huh? You're a good kid with a kind heart for your friends."
302600 ,,,,,,,ålŒö,ƒ–¼„,,,,,tenka,,13,,,,,"Then, let's go back to the two of you. I think Amanohana is waiting for us."
302700 ,,,,,,,“[‰Ô,“[‰Ô,021_CB12T_t_051.wav,,,,tenka,,3,,,,,"Yeah... hey, mister?"
302800 ,,,,,,,ålŒö,ƒ–¼„,,,,,tenka,,3,,,,,What's up? / What's going on? / What's the matter? / What's that?
302900 ,,,,,,,“[‰Ô,“[‰Ô,021_CB12T_t_052.wav,,,,tenka,,33,,,,,"In the countryside... like, can't you pee in the river or something?"
303000 ,,,,,,,,,,,,,tenka,,33,,,,,I almost laughed when Amanohana asked me that with an anxious look.
303100 ,,,,,,,,,,,,,tenka,,33,,,,,But Tenka-chan's face is all seriousness. I also answer seriously.
303200 ,,,,,,,ålŒö,ƒ–¼„,,,,,tenka,,33,,,,,That sounds good. I think that way it won't be inconvenient.
303300 ,,,,,,,ålŒö,ƒ–¼„,,,,,tenka,,33,,,,,"But Amakagari-chan is a city girl, so it's no wonder she'd be embarrassed. If she's in trouble again because there's no toilet, I'll keep watch for her."
303400 ,,,,,,,,,,,,,tenka,,33,,,,,"I myself think it was quite a nice follow-up. If I say it like this, maybe I can peek at Amakagari-chan's wild pee again."
303500 ,,,,,,,“[‰Ô,“[‰Ô,021_CB12T_t_053.wav,,,,tenka,,22,,,,,"That's right, isn't it? From now on, I'll go pee before going out to play so I won't feel like I need to go while I'm out."
303600 ,,,,,,,,,,,,,tenka,,22,,,,,"It seems like the conversation has gone in a different direction than I thought. Ugh... Amari-chan is smart, so she's really good at guarding herself in situations like this."
303700 ,,,,,,,,,,,,,tenka,,22,,,,,"For today, I'll call it good since I got to observe Amachan's wild nature thoroughly."
303800 ,,,,,,,,,,,,,,,,,,,,"Well then, the two I left behind are worrying me. Let's head back soon."
303900 ,,<!Lend_scene_change>,0,9001,,,,,,,,,,,,,,,,
304100 ,$go 022_CB13,,,,,,,,,,,,,,,,,,,to 022_CB13
304600 ,@022_CB13,,,,,,,,,,,,,,,,,,,
304900 ,,<hide><!se_inaka_semi_S>,,,,,,,,,,,,,,,,,,
305000 ,,<!Lbegin_scene_change>,7,122,,,,,,,,,,,,,,,,"On the way back from the riverbank, we were walking side by side on the road."
305100 ,,,,,,,çŒb,çŒb,022_CB13_c_000.wav,,,,"chie,privateC",,5,,,,",I wanted to play a little more... It was such a fun water activity."
305200 ,,,,,,,ålŒö,ƒ–¼„,,,,,chie,,5,,,,,"I wanted to do that too, but I promised moms, you know..."
305300 ,,,,,,,,,,,,,chie,,5,,,,,"It was agreed that I would return before sunset, so there's no choice."
305400 ,,,,,,,,,,,,,chie,,5,,,,,"Actually, I also wanted to stare at Chii-chan's, Komako-chan's, and Tenka-chan's swimsuits for a long time!"
305500 ,,,,,,,,,,,,,chie,,5,,,,,"But, there's no way around it... Please forgive me, everyone."
305600 ,,<se_stop id=""1"" fadeout=""8000"">,,,,,ƒRƒ}ƒR,ƒRƒ}ƒR,022_CB13_k_000.wav,"komako,privateB",,14,,,,,,,",Ughhhh... maybe I'm a little tired..."
305700 ,,,,,,,,,,komako,,14,,,,,,,,Komako-chan lets out a big yawn.
305800 ,,,,,,,,,,komako,,14,,,,,,,,"It's true that I played that much. Getting tired is only natural, isn't it?"
305900 ,,,,,,,“[‰Ô,“[‰Ô,022_CB13_t_000.wav,,,,,,,"tenka,privateC",,12,",'Well, I guess. It's been a while since I've swum so much, and I'm... *yawns*...'"
306000 ,,,,,,,,,,,,,,,,tenka,,12,,"Amidun, Tenka-chan also yawns."
306100 ,,,,,,,çŒb,çŒb,022_CB13_c_001.wav,,,,chie,,17,,,,,If you were told that... maybe Chii-chan is getting sleepy too...
306200 ,,,,,,,,,,,,,chie,,17,,,,,"Everyone looks tired. I guess I got too excited, and now my body feels sluggish."
306300 ,,,,,,,çŒb,çŒb,022_CB13_c_002.wav,,,,"chieL,privateC",,25,,,,",'Hey hey~, Uncle. Give me a piggyback ride, okay? Chi-chan is tired too!'"
306400 ,,,,,,,,,,,,,chieL,,25,,,,,"And then, Chi-chan reaches out her hand toward me."
306500 ,,,,,,,ålŒö,ƒ–¼„,,,,,chieL,,25,,,,,"O... onbu? B, boku wa betsu ni ii kedo..."
306600 ,,,,,,,,,,,,,chieL,,25,,,,,"You mean like piggyback rides!? That's like... Chii-chan riding on my back, right!?"
306700 ,,,,,,,,,,,,,chieL,,25,,,,,"Come in, come in! You're more than welcome! In fact, I'm the one who should be asking you for this!"
306800 ,,,,,,,,,,,,,chieL,,25,,,,,When I carry you on my back... your chest presses against my back... mufuha. This makes me expect things!
306900 ,,,,,,,ƒRƒ}ƒR,ƒRƒ}ƒR,022_CB13_k_001.wav,komako,,17,,,,,,,,"Oh, a piggyback ride..."
307000 ,,,,,,,,,,komako,,17,,,,,,,,Komako-chan seems like she wants to say something.
307100 ,,,,,,,ƒRƒ}ƒR,ƒRƒ}ƒR,022_CB13_k_002.wav,komako,,27,,,,,,,,C-chaaaaan! ...I'll... carry you on my back instead of Uncle!
307200 ,,,,,,,çŒb—“[‰Ô,çŒb•“[‰Ô,022_CB13_c_002a—022_CB13_t_000a,,,,chie,,4,tenka,,4,,'uEh!?v'
307300 ,,,,,,,,,,,,,,,,,,,,An unexpected remark. Komako-chan... is going to... ride piggyback...?
307400 ,,,,,,,,,,,,,,,,,,,,The small Komako-chan's body is covered by chi-chan.
307500 ,,,,,,,,,,,,,,,,,,,,"That's that... it's a good composition, but is it really okay?"
307600 ,,,,,,,,,,,,,,,,,,,,"I understand the feeling of not wanting to lose Chichan to me, though..."
307700 ,,,,,,,ålŒö,ƒ–¼„,,komako,,27,,,,,,,,Is that... Komako-chan... with Chi-chan? Really okay?
307800 ,,,,,,,ƒRƒ}ƒR,ƒRƒ}ƒR,022_CB13_k_003.wav,komako,,7,,,,,,,,"Uh, probably... it's okay! So... look, Chi-chan... get on!"
307900 ,,,,,,,,,,komako,,7,,,,,,,,Komako-chan made up her mind. She squatted down and assumed the piggyback position.
308000 ,,,,,,,çŒb,çŒb,022_CB13_c_003.wav,komako,,7,chie,,14,,,,,"U, um... if Komachan does it... then... it's okay though..."
308200 ,,,,,,,ƒRƒ}ƒR,ƒRƒ}ƒR,022_CB13_k_004.wav,"komakoL,privateB",,2,,,,,,,",Faaah......!"
308300 ,,,,,,,,,,komakoL,,2,,,,,,,,Komako-chan's expression relaxes. Maybe she's happy to be clinging to Chi-chan.
308400 ,,,,,,,çŒb,çŒb,022_CB13_c_004.wav,,,,chie,,5,,,,,"Alright, then... I'm going, Komachan..."
308500 ,,,,,,,,,,,,,chie,,5,,,,,"Timidly, Chi-chan hands over her weight to Komako-chan."
308600 ,,,,,,,,,,,,,chie,,5,,,,,Komako-chan grabs chi-chan's feet and stands up. She wobbles forward for two or three steps like that.
308700 ,,,,,,,ƒRƒ}ƒR,ƒRƒ}ƒR,022_CB13_k_005.wav,komako,,4,,,,,,,,Muuuuhhh...... uuuuuuuhhhh\\ hkyuuuhhh!?
308900 ,,,,,,,çŒb,çŒb,022_CB13_c_005.wav,,,,chie,,4,,,,,"Oh no... Komachan, are you okay...?"
309000 ,,,,,,,,,,,,,,,,,,,,chi-chan calls out to Komako-chan as she collapses beneath her.
309100 ,,,,,,,,,,,,,,,,,,,,"Oh, it looks painful... I feel like I fell flat on my face..."
309200 ,,,,,,,“[‰Ô,“[‰Ô,022_CB13_t_001.wav,,,,,,,tenka,,24,,"Ouch... Are you okay? Even you can't carry me on your back, can you?"
309300 ,,,,,,,ƒRƒ}ƒR,ƒRƒ}ƒR,022_CB13_k_006.wav,komako,,28,,,,,,,,Muuu...... but...... uuuu...... uuuu......
309400 ,,,,,,,,,,komako,,28,,,,,,,,What should I do... Komako-chan has completely turned into a tearful mess.
309500 ,,,,,,,,,,komako,,28,,,,,,,,"Koma-chan got up. While her feet weren't scraped, her knees were red."
309600 ,,,,,,,çŒb,çŒb,022_CB13_c_006.wav,komako,,28,chie,,24,,,,,Koma-chan... are you okay? This place is turning red... I'm sorry.
309700 ,,,,,,,ƒRƒ}ƒR,ƒRƒ}ƒR,022_CB13_k_007.wav,komako,,8,chie,,24,,,,,It's not Chii-chan's fault to apologize! The one at fault is... me!
309800 ,,,,,,,çŒb,çŒb,022_CB13_c_007.wav,komako,,8,chie,,5,,,,,That's not true! Because I was just a baby when I got carried on someone's back!
309900 ,,,,,,,,,,komako,,8,chie,,5,,,,,"Saying that, Chi-chan placed their hand on Komako-chan's knee."
310000 ,,,,,,,çŒb,çŒb,022_CB13_c_008.wav,komako,,8,chie,,7,,,,,"Ouch, ouch, fly away! Komachan's ouch, fly away!"
310100 ,,,,,,,,,,komako,,8,chie,,7,,,,,Chii-chan rubs her hands together while chanting an incantation.
310200 ,,,,,,,,,,komako,,8,chie,,7,,,,,"Well... kinda jealous. If I messed up now, could I get it done for me too?"
310300 ,,,,,,,çŒb,çŒb,022_CB13_c_009.wav,komako,,8,chie,,1,,,,,"Hey! All good now! Komachan, doesn't it hurt anymore?"
310400 ,,,,,,,ƒRƒ}ƒR,ƒRƒ}ƒR,022_CB13_k_008.wav,komako,,22,chie,,1,,,,,"...Yeah! Thanks a lot, Chi-chan!"
310500 ,,,,,,,,,,,,,,,,,,,,Komako-chan is now fully recovered and in great spirits.
310600 ,,,,,,,,,,,,,,,,,,,,"Ah, thank goodness, thank goodness. What should I do?"
310700 ,,,,,,,ålŒö,ƒ–¼„,,,,,,,,,,,,"Alright, then... let's head back. The sun's starting to set soon anyway."
310800 ,,,,,,,çŒb,çŒb,022_CB13_c_010.wav,,,,chie,,1,,,,,Shupp'tsu!
310900 ,,,,,,,,,,,,,chie,,1,,,,,"With Chee-chan's shout, everyone starts moving forward."
311000 ,,,,,,,,,,,,,chie,,1,,,,,"After walking a little, Chi-chan suddenly stopped in her tracks."
311100 ,,,,,,,çŒb,çŒb,022_CB13_c_011.wav,,,,chieL,,4,,,,,"Oh, I forgot! Then, let Uncle carry you on his back!"
311200 ,,,,,,,ålŒö,ƒ–¼„,,,,,chieL,,5,,,,,......huh?
311300 ,,,,,,,,,,,,,chieL,,0,,,,,"Oh, now that you mention it, we were talking about that kind of thing."
311400 ,,,,,,,,,,,,,chieL,,0,,,,,"That's a wonderful offer, and I'd be delighted to accept it...."
311500 ,,,,,,,ƒRƒ}ƒR,ƒRƒ}ƒR,022_CB13_k_009.wav,komako,,30,,,,,,,,Muuuuuuuuuuhhhhhh......!
311600 ,,,,,,,,,,komako,,30,,,,,,,,I feel like I'm being glared at fiercely by Komako-chan.
311700 ,,,,,,,,,,,,,,,,,,,,I want to be carried on your back... I really want to!
311800 ,,,,,,,,,,,,,,,,,,,,"Well, doing a piggyback ride here... isn't a good idea, right? I don't want Komako to dislike me!"
311900 ,,,,,,,ålŒö,ƒ–¼„,,,,,,,,,,,,"Hah... hah... Uncle's a little tired too... Sorry, Chi-chan."
312000 ,,,,,,,,,,,,,,,,,,,,"Sorry, Chii-chan... Uncle also has to make the ultimate choice..."
312100 ,,,,,,,,,,,,,,,,,,,,"Haaaa~. Onbu ka... Maybe next time, okay? Hehe."
312200 ,,,,,,,çŒb,çŒb,022_CB13_c_012.wav,,,,chie,,24,,,,,Oh\noooo! Not like that\noooo!
312300 ,,,,,,,“[‰Ô,“[‰Ô,022_CB13_t_002.wav,,,,chie,,24,tenka,,3,,"Hey, don't stop\keep walking. I'm gonna leave you behind!"
312400 ,,,,,,,,,,,,,chie,,24,tenka,,3,,She went ahead with a leisurely stride.
312500 ,,,,,,,çŒb,çŒb,022_CB13_c_013.wav,,,,chie,,25,tenka,,3,,"Muuuuu! Wait, wait! Don't leave me behind\!"
312600 ,,,,,,,,,,,,,chie,,25,tenka,,3,,Chii-chan runs after Tenka-chan.
312700 ,,,,,,,“[‰Ô,“[‰Ô,022_CB13_t_003.wav,,,,chie,,25,tenka,,32,,"Don't wait! Come on, hurry up!"
312800 ,,,,,,,,,,,,,chie,,25,tenka,,32,,"To avoid being caught by Chi-chan, Tenka-chan also starts running."
312900 ,,,,,,,ƒRƒ}ƒR,ƒRƒ}ƒR,022_CB13_k_010.wav,komako,,4,,,,,,,,A...... I'll wait too......!
313000 ,,,,,,,,,,komako,,4,,,,,,,,"I started running after Komako-chan, who had dashed out last of all."
313200 ,,<!move_long>,,12,,,çŒb,çŒb,022_CB13_c_014.wav,,,,chie,,34,,,,,Phew\took a while!
313300 ,,,,,,,,,,,,,chie,,34,,,,,"Finally arrived at my home. Somehow, exhaustion hit me all at once...."
313400 ,,,,,,,“[‰Ô,“[‰Ô,022_CB13_t_004.wav,,,,,,,tenka,,12,,"Ah, I'm exhausted."
313500 ,,,,,,,ålŒö,ƒ–¼„,,,,,,,,tenka,,12,,"Everyone, you must be tired! I'll bring some water, so wait for me!"
313600 ,,,,,,,çŒb,çŒb,022_CB13_c_015.wav,,,,chie,,21,,,,,"Really?! As expected, Dad!"
313700 ,,,,,,,,,,,,,,,,,,,,"Well, let's hurry and fetch some water. Even so, we can't stay long. The sun is already starting to set, you know."
313900 ,,<!timepass_quick>,,,,,çŒb,çŒb,022_CB13_c_016.wav,,,,chie,,1,,,,,"G-g-g-g-g... n-n-n-n-n... p-hahhhh`I Oi-chan, arigatou`I"
314000 ,,,,,,,,,,,,,chie,,1,,,,,"Chichi-chan, who drinks heartily, drinks up all the water."
314100 ,,,,,,,ƒRƒ}ƒR,ƒRƒ}ƒR,022_CB13_k_011.wav,komako,,1,,,,,,,,"Uncle, thank you."
314200 ,,,,,,,“[‰Ô,“[‰Ô,022_CB13_t_005.wav,,,,,,,tenka,,1,,"Thank you, old man. The water was delicious."
314300 ,,,,,,,,,,,,,,,,,,,,The three people come to thank me one by one.
314400 ,,,,,,,,,,,,,,,,,,,,"Ah, I'm happy... It's so nice to see them get so happy just from getting some water!"
314500 ,,,,,,,ålŒö,ƒ–¼„,,,,,,,,,,,,"Well, it's already late today, so maybe I should go home."
314600 ,,,,,,,çŒb,çŒb,022_CB13_c_017.wav,,,,chie,,24,,,,,"Uh... Chichan, just a little longer, okay?"
314700 ,,,,,,,“[‰Ô,“[‰Ô,022_CB13_t_006.wav,,,,chie,,24,tenka,,12,,"Chii, that's no good, right? We promised to go back before night, didn't we?"
314800 ,,,,,,,ƒRƒ}ƒR,ƒRƒ}ƒR,022_CB13_k_012.wav,komako,,20,chie,,24,tenka,,12,,"Chii-chan, let's go home. Mom will worry..."
314900 ,,,,,,,,,,komako,,20,chie,,24,tenka,,12,,Coma-chan who is being difficult is soothed by Komako-chan.
315000 ,,,,,,,,,,,,,,,,,,,,"After being persuaded by Komako-chan, Chii-chan reluctantly went home."
315100 ,,,,,,,,,,,,,,,,,,,,I watch until the backs of the three disappear from view.
315200 ,,,,,,,ålŒö,ƒ–¼„,,,,,,,,,,,,...Okay.
315300 ,,,,,,,,,,,,,,,,,,,,Now I have three cups in my hands.
315400 ,,,,,,,,,,,,,,,,,,,,"The one on the left is Chi-chan's cup, the one in the middle is Tenka-chan's. The one on the right should be Komako-chan's cup. Make sure to remember it well."
315500 ,,,,,,,,,,,,,,,,,,,,I wonder how to use this cup...
315600 ,,,,,,,,,,,,,,,,,,,,I returned home while thinking about ideas for masturbation.
315800 ,,<!move_middle_r>,5,33,,,,,,,,,,,,,,,,Hahaha... today was the best day ever...
316000 ,,,,,,,,,,,,,,,,,,,,"There were all sorts of things, and it feels like my jerk-off material has increased all at once!"
316100 ,,,,,,,,,,,,,,,,,,,,Hooray for summer vacation! I hope every day from today is summer vacation!
316200 ,,,,,,,,,,,,,,,,,,,,"By the way, Chi-chan's swimsuit was great, huh..."
316400 ,,<!scene_past_begin>,,101,,,,,,,,,"chieL,swim",,0,,,,",'After a sunburn, wearing a swimsuit is still the best, right?'"
316500 ,,,,,,,,,,,,,chieL,,20,,,,,"The navy-blue shoulder strap digging into my skin. The soft, plump thighs."
316600 ,,,,,,,,,,,,,chieL,,21,,,,,"Oh wow, this is amazing! With this alone, I could jerk off all day!"
316700 ,,,,,,,,,,,,,chieL,,1,,,,,"Just remembering it... ugh, I'm getting hard already..."
316800 ,,,,,,,,,,,,,chieL,,1,,,,,"It's not bad to just pull out as it is, Chichan..."
317000 ,,<s_fade time=""1400"" type=""shadeoff"" param=""type=b"">,,,,,,,,"komakoL,swim",,0,,,,,,,",'But Komako-chan didn't lose either, huh~?'"
317100 ,,,,,,,,,,komakoL,,20,,,,,,,,"Unlike Chichan, your skin isn't sunburned, but you have that half-specific kind of pale whiteness\you really look like a doll, so cute."
317200 ,,,,,,,,,,komakoL,,21,,,,,,,,"You wouldn't even think it was the same swimsuit, the difference is that big, or something like that..."
317300 ,,,,,,,,,,komakoL,,1,,,,,,,,"Hmm, it's hard to say which is better."
317400 ,,,,,,,,,,komakoL,,1,,,,,,,,"I want to rub my ramune stick against that shiny hair of yours, scrub it back and forth, and then shoot all over it to dirty it up."
317500 ,,,,,,,,,,komakoL,,1,,,,,,,,"Today, should I blow off that fantasy...? Wait, no...?"
317700 ,,<s_fade time=""1400"" type=""shadeoff"" param=""type=b"">,,,,,,,,,,,,,,"tenkaL,swim",,0,",'In that regard, Tenka-chan isn't losing either, is she?'"
317800 ,,,,,,,,,,,,,,,,tenkaL,,20,,That glossy black hair must feel so good to touch.
317900 ,,,,,,,,,,,,,,,,tenkaL,,21,,"Rubbing it against that... ah, just imagining it makes me want to cum already..."
318000 ,,,,,,,,,,,,,,,,tenkaL,,1,,"The swimsuit was so cute, huh? City kids really do have a different flavor to them."
318200 ,,<!scene_past_end>,,33,,,,,,,,,,,,,,,,"Hmm, it's troublesome... too troublesome..."
318300 ,,,,,,,ålŒö,ƒ–¼„,,,,,,,,,,,,......ah
318400 ,,,,,,,,,,,,,,,,,,,,"By the way, I was supposed to do the vote-counting work for the ''48th DG Sensenkyo'' center election today. Almost forgot, that was close!"
318500 ,,,,,,,,,,,,,,,,,,,,How many votes have been cast so far?
318600 ,,,,,,,,,,,,,,,,,,,,"I put the voting tickets on the floor. The number... hmm, not that many, is there?"
318700 ,,,,,,,,,,,,,,,,,,,,"Well, that makes sense, I guess. In reality, not many people even come to this candy store anyway."
318800 ,,,,,,,,,,,,,,,,,,,,"Well, well, what should I do? Maybe I could just tally it up as is...."
318900 ,,,,,,,,,,,,,,,,,,,,"Well, I could probably cast a vote or two too, I guess? No, it's not like I'm that biased toward anyone in particular, though..."
319000 ,,,,,,,,,,,,,,,,,,,,"One vote won't change the rankings, right? Yeah, that's right. That must be it."
319100 ,,,,,,,,,,,,,,,,,,,,"Well, let's get right to it."
319200 ,$menu_begin,,,,,,,,,,,,,,,,,,,Multiple-choice options
«,"$menu_item 0,‚¿[‚¿‚á‚ñ‚É“Š•[‚·‚é,sel_1a",,,,,,,,,,,,,,,,,
«,"$menu_item 1,ƒRƒ}ƒR‚¿‚á‚ñ‚É“Š•[‚·‚é,sel_1b",,,,,,,,,,,,,,,,,
«,"$menu_item 2,“[‰Ô‚¿‚á‚ñ‚É“Š•[‚·‚é,sel_1c",,,,,,,,,,,,,,,,,
«,"$menu_item 3,’N‚©‚È‚ñ‚Ä‘I‚×‚È‚¢B‘Sˆõ‚É“Š•[‚¾I,sel_1d",,,,,,,,,,,,,,,,,
«,$menu_end,,,,,,,,,,,,,,,,,,,
319300 ,*sel_1a,,,,,,,,,,,,,,,,,,,Vote for Chi-chan!
319400 ,"$fadd %chie%,1",,,,,,,,,,,,,,,,,,","
319600 ,,<s_fade time=""1400"" type=""shadeoff"" param=""type=b"">,,101,,,,,,,,,chieL,,1,,,,,"Yeah, yeah... I guess the center should be a bright and energetic girl, right!"
319700 ,,,,,,,,,,,,,chieL,,1,,,,,Chii-chan is cute and seems popular among everyone in the area.
319800 ,,,,,,,,,,,,,chieL,,1,,,,,"I'm also doing part-time work at home... even thinking about it, maybe it's still Chii-chan."
320000 ,,<s_fade time=""1000"" type=""shadeoff"" param=""type=b"">,,33,,,,,,,,,,,,,,,,"So, let's vote for Chi-chan!"
320100 ,,,,,,,,,,,,,,,,,,,,"''Sayama Chie'' and... okay, that's it, voting is complete."
320200 ,,,,,,,,,,,,,,,,,,,,"But, Chi-chan is the center, huh? It seems like she'll pull things along forcefully, but she might not hold together well, huh?"
320300 ,,,,,,,,,,,,,,,,,,,,"But, if Komako-chan or Tenka-chan support it, it should be fine, right!"
320400 ,,,,,,,,,,,,,,,,,,,,"Yeah, yeah, Chichan is definitely the center!"
320500 ,,,,,,,,,,,,,,,,,,,,"Even if I say that, my vote probably won't change the outcome anyway."
320600 ,,,,,,,,,,,,,,,,,,,,I just support Chichan a little bit. That's it. Just that.
320700 ,,,,,,,ålŒö,ƒ–¼„,,,,,,,,,,,,......
320800 ,,,,,,,,,,,,,,,,,,,,"All I could think about was Chii-chan, and now I'm getting all worked up...."
320900 ,,,,,,,,,,,,,,,,,,,,"Alright, today we've decided to jerk off with Chi-chan!"
321000 ,,,,,,,,,,,,,,,,,,,,What should I do today? I guess I'll go for a swimsuit today...
321100 ,,,,,,,,,,,,,,,,,,,,"Chii-chan playing by the riverbank... her swimsuit soaked with water... her sun-kissed, healthy skin..."
321200 ,,,,,,,ålŒö,ƒ–¼„,,,,,,,,,,,,...Ugh!!
321300 ,,,,,,,,,,,,,,,,,,,,"Oh... I just fired off the first one right away. At this rate, I could keep going for as many as I want!"
321500 ,$go join_1,,,,,,,,,,,,,,,,,,,
321600 ,*sel_1b,,,,,,,,,,,,,,,,,,,Vote for Komako-chan
321700 ,"$fadd %komako%,1",,,,,,,,,,,,,,,,,,","
321900 ,,<s_fade time=""1400"" type=""shadeoff"" param=""type=b"">,,101,,,,,,komakoL,,21,,,,,,,,"Other than that, Komako-chan might be suited for the center position."
322000 ,,,,,,,,,,komakoL,,21,,,,,,,,"Cool and mysterious and... pretty popular, right?"
322100 ,,,,,,,,,,komakoL,,21,,,,,,,,"She's half-Russian and speaks Japanese fluently... Wait, was she a pretty strong candidate?"
322300 ,,<s_fade time=""1000"" type=""shadeoff"" param=""type=b"">,,33,,,,,,,,,,,,,,,,"So, let's vote for Komako-chan!"
322400 ,,,,,,,,,,,,,,,,,,,,"''Komako Semenovich'' and... yes, okay!"
322500 ,,,,,,,,,,,,,,,,,,,,"Of course, my single vote might not decide it. But since Komako-chan is my favorite candidate..."
322600 ,,,,,,,,,,,,,,,,,,,,"It doesn't seem like they're very good at talking much, but I think Chi-chan and Tenka-chan can support them in that area...."
322700 ,,,,,,,,,,,,,,,,,,,,"Yeah, yeah, it should be fine, right? No matter what, Komako-chan is the type who gets things done when she puts her mind to it!"
322800 ,,,,,,,,,,,,,,,,,,,,"Well, even so, Komako-chan was so cute today, huh..."
322900 ,,,,,,,,,,,,,,,,,,,,"Foreigners really do have beautiful skin, don't they? Like a doll's..."
323000 ,,,,,,,,,,,,,,,,,,,,"The sailor uniform is navy blue, so the white skin is emphasized... and the pale hair also stands out... or rather, it looks great... and the chest is slightly swollen too..."
323100 ,,,,,,,ålŒö,ƒ–¼„,,,,,,,,,,,,...Ugh!!
323200 ,,,,,,,,,,,,,,,,,,,,If you think about things like that... you'll soon have your first one out. The boy today seems quite energetic.
323300 ,,,,,,,ålŒö,ƒ–¼„,,,,,,,,,,,,Hmph... hmph...
323400 ,,,,,,,,,,,,,,,,,,,,"If things keep going like this, I could probably do a hundred of these! Today, I'll go all out with Komako-chan and pull her off!"
323600 ,$go join_1,,,,,,,,,,,,,,,,,,,
323700 ,*sel_1c,,,,,,,,,,,,,,,,,,,Vote for Tenka-chan.
323800 ,"$fadd %tenka%,1",,,,,,,,,,,,,,,,,,","
324000 ,,<s_fade time=""1400"" type=""shadeoff"" param=""type=b"">,,101,,,,,,,,,,,,tenkaL,,0,,"After all, when it comes to idols, it's still Tenka-chan, right?"
324100 ,,,,,,,,,,,,,,,,tenkaL,,0,,She's working so hard like that. It would be sad if she wasn't rewarded for it.
324200 ,,,,,,,,,,,,,,,,tenkaL,,0,,"And besides, today's Tenka-chan was cute... but still, the center should be a little more mature, right? After all, she's the one who brings everyone together."
324400 ,,<s_fade time=""1000"" type=""shadeoff"" param=""type=b"">,,33,,,,,,,,,,,,,,,,"So, let's vote for Tenka-chan!"
324500 ,,,,,,,,,,,,,,,,,,,,"''Adachi Amanoka'' ... yeah yeah ... this should be fine, right?"
324600 ,,,,,,,,,,,,,,,,,,,,"I'm the number one fan of Tenka-chan, so of course it's only right that I vote for Tenka-chan."
324700 ,,,,,,,,,,,,,,,,,,,,Tenka-chan is reliable and seems like she'll lead everyone forward.
324800 ,,,,,,,,,,,,,,,,,,,,"Promotion activities too... yeah, I worked hard on them!"
324900 ,,,,,,,,,,,,,,,,,,,,"Well, that method was a bit over the top, or maybe even a bit underhanded, but I guess it's just one way to get things done. Yeah, I mean, it's Amakagura-chan after all!"
325000 ,,,,,,,,,,,,,,,,,,,,"That feeling of not choosing that method... is one of Sweet Flower's charms, maybe?"
325100 ,,,,,,,,,,,,,,,,,,,,"Yeah, yeah, it's definitely Tenka-chan. With her, ''DG548'' is sure to be a huge success!"
325200 ,,,,,,,,,,,,,,,,,,,,The idol group led by Tenka-chan... its producer is me... teaching her all sorts of things step by step...
325300 ,,,,,,,ålŒö,ƒ–¼„,,,,,,,,,,,,Huh... huh huh huh...
325400 ,,,,,,,,,,,,,,,,,,,,I feel like I'm getting motivated! Let's hurry up and advance the vote-counting work!
325500 ,,,,,,,,,,,,,,,,,,,,"No, it's not like I'm especially favoring Amanogawa-chan. I just... well, I'm just making Amanogawa-chan my bias for a little while, that's all."
325600 ,,,,,,,,,,,,,,,,,,,,"Even if someone else becomes the center, at that time, I'll accept that fact with pride!"
325700 ,,,,,,,,,,,,,,,,,,,,"Well, Amane-chan is an idol now... I wonder what I should do about it..."
325800 ,,,,,,,ålŒö,ƒ–¼„,,,,,,,,,,,,.........
325900 ,,,,,,,,,,,,,,,,,,,,"No good, no good. Somehow I end up thinking about something erotic."
326000 ,,,,,,,,,,,,,,,,,,,,"Producer scolds Amakura-chan... she's a city girl, so she has a slightly precocious vibe... maybe she's into pillow business?"
326100 ,,,,,,,,,,,,,,,,,,,,"Ah, Aamihana-chan is being defiled... she was so cute... hah... hah..."
326200 ,,,,,,,ålŒö,ƒ–¼„,,,,,,,,,,,,...Ugh!!
326300 ,,,,,,,,,,,,,,,,,,,,Oh no!? I got too excited and already came on the first try....
326400 ,,,,,,,,,,,,,,,,,,,,"Today, your son is still quite energetic, huh? I think he might be able to handle two or three more hits, maybe?"
326500 ,,,,,,,,,,,,,,,,,,,,"Tenka-chan... today, I'll let you be the topic of my onanete... hehehe..."
326700 ,$go join_1,,,,,,,,,,,,,,,,,,,
326800 ,*sel_1d,,,,,,,,,,,,,,,,,,,You can't pick anyone. Everyone gets a vote!
326900 ,"$fadd %chie%,1",,,,,,,,,,,,,,,,,,","
327000 ,"$fadd %komako%,1",,,,,,,,,,,,,,,,,,","
327100 ,"$fadd %tenka%,1",,,,,,,,,,,,,,,,,,","
327300 ,,<s_fade time=""1400"" type=""shadeoff"" param=""type=b"">,,101,4220000,,,,,"komako,swim",,21,"chie,swim",,1,"tenka,swim",",0,,Umm... every kid's swimsuit look is so good... but if you tell me to choose... it's impossible!!"
327400 ,,,,,4220000,,,,,komako,,21,chie,,1,tenka,,0,,"Well, no, I'm not exactly picking someone in a swimsuit or anything!"
327500 ,,,,,4220000,,,,,komako,,21,chie,,1,tenka,,0,,"But still, the alluring appearance of a girl, such as her swimsuit look, is probably one of the important elements of the center."
327600 ,,,,,4220000,,,,,komako,,21,chie,,1,tenka,,0,,So... uuuuuhhhh. I still can't choose...!
327700 ,,,,,4220000,,,,,komako,,21,chie,,1,tenka,,0,,"Chi-chan and Komako-chan and Tenka-chan are all different, but each of them has something wonderful, you know."
327800 ,,,,,4220000,,,,,komako,,21,chie,,1,tenka,,0,,To narrow it down to just one person is just too cruel!...
327900 ,,,,,4220000,,,,,komako,,21,chie,,1,tenka,,0,,"My pushi-men is...... everyone! So, I'll put one vote in each person!"
328000 ,,,,,4220000,,,,,komako,,21,chie,,1,tenka,,0,,"This way, it's fair, and the rankings won't change. As an idol producer, fairness is essential!"
328200 ,,<s_fade time=""1000"" type=""shadeoff"" param=""type=b"">,,33,,,,,,,,,,,,,,,,"So, everyone gets one vote each!"
328300 ,,,,,,,,,,,,,,,,,,,,"''Sayama Chie,'' ''Komako Semenovich,'' ''Adachi Amanoka'' ... is this okay?"
328400 ,,,,,,,,,,,,,,,,,,,,"Yeah, yeah, it was right after all. Narrowing it down to just one person\yeah, that was no good."
328500 ,,,,,,,,,,,,,,,,,,,,"Well, let's get started on the vote counting. I'm looking forward to seeing who will come in first!"
328600 ,,,,,,,ålŒö,ƒ–¼„,,,,,,,,,,,,......
328700 ,,,,,,,,,,,,,,,,,,,,"Uh, I feel like I'm getting a little... restless."
328800 ,,,,,,,,,,,,,,,,,,,,"By the way, I feel like I haven't jerked off at all today. Even though I've gathered so many jerk-off topics!"
328900 ,,,,,,,,,,,,,,,,,,,,This might be the only thing I can do right now! The vote counting can wait!
329000 ,,,,,,,,,,,,,,,,,,,,"Now, who should I fantasize about while jerking off?"
329100 ,,,,,,,,,,,,,,,,,,,,"Well, after all, is it Chii-chan first? No, is it Komako-chan? Or... is it Amanogawa-chan?"
329200 ,,,,,,,,,,,,,,,,,,,,Damn it! Now it's everyone! Four on four! Four P!
329300 ,,,,,,,,,,,,,,,,,,,,I'm going to enjoy all three of them in their swimsuits at once!
329400 ,,,,,,,ålŒö,ƒ–¼„,,,,,,,,,,,,Huh huh... huh huh...
329500 ,,,,,,,,,,,,,,,,,,,,Slowly take off the swimsuit...... everyone becomes in a state of undress...... and then...... gently rub against the smooth skin that appears......
329600 ,,,,,,,ålŒö,ƒ–¼„,,,,,,,,,,,,...uhhhh...!?
329700 ,,,,,,,,,,,,,,,,,,,,Ugh... the first one came out right away.
329800 ,,,,,,,ålŒö,ƒ–¼„,,,,,,,,,,,,......what!?
329900 ,,,,,,,,,,,,,,,,,,,,Oh no! The ballot paper has sperm on it!?
330000 ,,,,,,,,,,,,,,,,,,,,If I don't wipe it with a tissue... it'll be bad if the Chi-chan kids see it!
330100 ,,,,,,,,,,,,,,,,,,,,"Oh, but... if I say something like, ''I spilled some water,'' would that be okay?"
330200 ,,,,,,,,,,,,,,,,,,,,"Damn it, no! I'm in the mood to jerk off so badly!"
330300 ,,,,,,,,,,,,,,,,,,,,"Well, today I feel like I can do it with a really strong momentum! My son is still going at full throttle too!"
330400 ,,,,,,,,,,,,,,,,,,,,"You don't have to worry about the *onane* stuff! Ah, I can't hold it in anymore... Let's have an onanism time with everyone's fantasies!"
330600 ,*join_1,,,,,,,,,,,,,,,,,,,¡Confluence
330700 ,,<!timepass_short>,,,,,,,,,,,,,,,,,,......heh...... I'm satisfied...... I got carried away and jerked off several times.
330800 ,,,,,,,,,,,,,,,,,,,,"I don't remember how many times I've done it anymore... I overdid it a little, and my son's back hurts..."
330900 ,,,,,,,,,,,,,,,,,,,,"But, it's been a while since I've had such a good handjob... Maybe the rumor was true that the freshness of the material changes the sensitivity of the handjob."
331000 ,,,,,,,,,,,,,,,,,,,,"Chi-chan... Komako-chan... Tenka-chan... ugh, it's bad... maybe it's still not enough..."
331100 ,,,,,,,,,,,,,,,,,,,,"Ballot counting can be done even if you wake up, right? Yeah, it should be possible. I mean, there aren't that many of them..."
331200 ,,,,,,,,,,,,,,,,,,,,"Right now, my mood is really high, so I feel like I want to jerk off..."
331300 ,,,,,,,,,,,,,,,,,,,,"--- Alright! Today is all about jerking off! Even if my pussy hurts, I won't stop!"
331400 ,,,,,,,,,,,,,,,,,,,,"Go for it\aim for a personal best update! Now, let's start with masturbation!"
331500 ,,<!Lend_night>,0,9000,,,,,,,,,,,,,,,,
331700 ,$go commonC_top,,,,,,,,,,,,,,,,,,,
,