%line%,%seq%,%effect%,%music%,%bg%,%cg%,%ov%,%truename%,%name%,%voice%,%st0_name%,%st0_pos%,%st0_face%,%st1_name%,%st1_pos%,%st1_face%,%st2_name%,%st2_pos%,%st2_face%,%pageflag%,%text%
10000 ,@route_komako,,,,,,,,,,,,,,,,,,,コマコルート
10600 ,@200_KC00,,,,,,,,,,,,,,,,,,,
10800 ,,<!Lbegin_day_change>,3,41,,,コマコ,コマコ,200_KC00_k_000.wav,"komako,privateB",,1,,,,,,,",'Uncle, I'm here!'"
10900 ,,,,,,,主人公,＜名＞,,komako,,1,,,,,,,,Welcome! Please come in!
11000 ,,,,,,,,,,komako,,1,,,,,,,,"Now that Komako-chan has gotten quite used to it, she quickly takes off her shoes and comes up into the room."
11100 ,,,,,,,,,,komako,,1,,,,,,,,You should already know what to do.
11200 ,,,,,,,,,,komako,,1,,,,,,,,But my feelings today are a little different from usual.
11300 ,,,,,,,,,,komako,,1,,,,,,,,"It's like always, but not like always―the ''study time'' with Komako-chan begins."
11400 ,,,,,,,コマコ,コマコ,200_KC00_k_001.wav,komako,,3,,,,,,,,What are you going to do today?
11500 ,,,,,,,,,,komako,,3,,,,,,,,"Komako-chan seems to be studying hard, or rather, she seems to be in a hurry to get closer to Chi-chan."
11600 ,,,,,,,,,,komako,,3,,,,,,,,"I have something specially prepared for you, Komako-chan."
11700 ,,,,,,,主人公,＜名＞,,komako,,3,,,,,,,,"Today, there's a present for Komako-chan."
11800 ,,,,,,,コマコ,コマコ,200_KC00_k_002.wav,komako,,23,,,,,,,,Present?
11900 ,,,,,,,,,,komako,,23,,,,,,,,"It was an unexpected word, wasn't it? Komako-chan looked puzzled."
12000 ,,,,,,,主人公,＜名＞,,komako,,23,,,,,,,,It's something Komako-chan has been wanting for a long time.
12100 ,,,,,,,コマコ,コマコ,200_KC00_k_003.wav,komako,,3,,,,,,,,What I wanted?
12200 ,,,,,,,,,,komako,,3,,,,,,,,Komako-chan twists her head cutely. She pulled out and showed a ''present'' in front of her eyes.
12300 ,,,,,,,,,,komako,,3,,,,,,,,"Suddenly, Komako-chan bounced up."
12400 ,,,,,,,コマコ,コマコ,200_KC00_k_004.wav,komako,,4,,,,,,,,Ochinchi!
12500 ,,,,,,,主人公,＜名＞,,komako,,4,,,,,,,,"Well, it's a dick, though."
12600 ,,,,,,,,,,komako,,4,,,,,,,,I couldn't help but burst out laughing at how good the reaction was.
12700 ,,,,,,,,,,komako,,4,,,,,,,,"When Komako said ''ochinchin,'' she was referring to a product, often called a peeniban, that, when attached to a woman's waist, looks like a penis is growing out of her crotch."
12800 ,,,,,,,コマコ,コマコ,200_KC00_k_005.wav,komako,,3,,,,,,,,Oh no... Is this supposed to go on my crotch?
12900 ,,,,,,,主人公,＜名＞,,komako,,3,,,,,,,,"Yeah, if you put this on, Coma-chan will grow a dick! That's the gist of it. Then you can do it with Chi-chan, right?"
13000 ,,,,,,,コマコ,コマコ,200_KC00_k_006.wav,komako,,1,,,,,,,,Yeah!
13100 ,,,,,,,,,,komako,,1,,,,,,,,Komako-chan looked happier than expected while browsing for lewdly shaped adult toys.
13200 ,,,,,,,コマコ,コマコ,200_KC00_k_007.wav,komako,,0,,,,,,,,Bigger than the uncle's
13300 ,,,,,,,主人公,＜名＞,,komako,,0,,,,,,,,"Well, I mean... yeah..."
13400 ,,,,,,,,,,komako,,0,,,,,,,,"Don't casually say something that hurts, Komako-chan."
13500 ,,,,,,,コマコ,コマコ,200_KC00_k_008.wav,komako,,21,,,,,,,,Can I try putting it on?
13600 ,,,,,,,,,,komako,,21,,,,,,,,Can't you control your feelings? Komako-chan immediately tries to press the pepper spray to her waist. I hurriedly stop her.
13700 ,,,,,,,主人公,＜名＞,,komako,,21,,,,,,,,"Hey, wait a minute, Komako-chan, take a good look at that toy?"
13800 ,,,,,,,,,,komako,,21,,,,,,,,I showed the part of the penibun that looks like pants turned inside out to Komako-chan.
13900 ,,,,,,,,,,komako,,21,,,,,,,,"The area on the panty part that corresponds to the vulva also has a protrusion, though it's smaller than the penis that sticks out in front, but there is still a bump attached."
14000 ,,,,,,,コマコ,コマコ,200_KC00_k_009.wav,komako,,23,,,,,,,,...there's also a penis on the other side.
14100 ,,,,,,,,,,komako,,23,,,,,,,,"As Komako says, this Penivan is indeed a double-headed one."
14300 ,,,,,,,コマコ,コマコ,200_KC00_k_010.wav,komako,,23,,,,,,,,How do you use this side? Is it in the way?
14500 ,,,,,,,主人公,＜名＞,,komako,,23,,,,,,,,The one on the opposite side is supposed to insert it into Komako-chan's pussy.
14600 ,,,,,,,コマコ,コマコ,200_KC00_k_011.wav,komako,,22,,,,,,,,My... my pussy?
14700 ,,,,,,,主人公,＜名＞,,komako,,22,,,,,,,,"Yeah, right here."
14800 ,,,,,,,,,,komako,,22,,,,,,,,I reach out to touch Komako-chan's crotch in a familiar way.
14900 ,,,,,,,,,,komako,,22,,,,,,,,"Komako-chan seems to have gotten used to it, so she doesn't complain anymore. Instead, she said, ''If you're going to do it, take off your clothes because you'll get dirty.''"
15000 ,,,,,,,コマコ,コマコ,200_KC00_k_012.wav,komako,,33,,,,,,,,I don't really need to get in.
15100 ,,,,,,,,,,komako,,33,,,,,,,,"And then, as a reply to what was said earlier, she said that. Well, Komako-chan wants to be with chi-chan, not that she wants him to do anything..."
15200 ,,,,,,,主人公,＜名＞,,komako,,33,,,,,,,,"But, maybe if I do it this way, I'll feel more connected to Chi-chan, you know?"
15300 ,,,,,,,コマコ,コマコ,200_KC00_k_013.wav,komako,,26,,,,,,,,......are you connecting?
15400 ,,,,,,,主人公,＜名＞,,komako,,26,,,,,,,,Uh-huh.
15500 ,,,,,,,,,,komako,,26,,,,,,,,"When I said that, it seemed like they became a little interested."
15600 ,,,,,,,コマコ,コマコ,200_KC00_k_014.wav,komako,,6,,,,,,,,Will it fit inside my pussy though?
15700 ,,,,,,,,,,komako,,6,,,,,,,,"The protrusion isn't that big, but since Komako-chan is inexperienced, it's natural for her to feel anxious."
15800 ,,,,,,,主人公,＜名＞,,komako,,6,,,,,,,,"Yeah, that's right. So we've gotta get used to this part of Komako's too."
15900 ,,,,,,,主人公,＜名＞,,komako,,6,,,,,,,,"When a girl does it for the first time, since you don't know how she feels or how much it hurts, you might end up making Chi-chan suffer a lot, right?"
16000 ,,,,,,,コマコ,コマコ,200_KC00_k_015.wav,komako,,2,,,,,,,,Uh-huh.
16100 ,,,,,,,,,,komako,,2,,,,,,,,"Komako-chan seemed to accept it somehow. Okay, here's the main point."
16200 ,,,,,,,主人公,＜名＞,,komako,,2,,,,,,,,"So, let's try being an uncle."
16300 ,,,,,,,コマコ,コマコ,200_KC00_k_016.wav,komako,,24,,,,,,,,Huh?
16400 ,,,,,,,,,,komako,,24,,,,,,,,Let me give it a try and speak my mind.
16500 ,,,,,,,主人公,＜名＞,,komako,,24,,,,,,,,"Let's practice with Uncle's dick. This side is a bit softer, and... hey, it's a bit smaller too."
16600 ,,,,,,,,,,komako,,24,,,,,,,,"When she said that, Komako-chan made a very obvious awkward face."
16700 ,,,,,,,コマコ,コマコ,200_KC00_k_017.wav,komako,,16,,,,,,,,.........m?
16800 ,,,,,,,主人公,＜名＞,,komako,,16,,,,,,,,Don't make that face like you don't want to... it hurts me.
16900 ,,,,,,,コマコ,コマコ,200_KC00_k_018.wav,komako,,13,,,,,,,,"Isn't that putting your dick in my pussy? That's 'sex,' right?"
17000 ,,,,,,,主人公,＜名＞,,komako,,13,,,,,,,,"Uh, uh, yeah, that's right."
17100 ,,,,,,,コマコ,コマコ,200_KC00_k_019.wav,komako,,11,,,,,,,,''Sex' is only with the person I like the most.'
17200 ,,,,,,,,,,komako,,11,,,,,,,,Komako-chan said that.
17300 ,,,,,,,主人公,＜名＞,,komako,,11,,,,,,,,"So, why won't Komako-chan have ''sex'' with Uncle?"
17400 ,,,,,,,コマコ,コマコ,200_KC00_k_020.wav,komako,,22,,,,,,,,Hmm... I wonder if that's the case...
17500 ,,,,,,,,,,komako,,22,,,,,,,,It's not that far yet.
17600 ,,,,,,,,,,komako,,22,,,,,,,,"Well, I mean, I like Komako-chan. I decided to go all in."
17700 ,,,,,,,,,,komako,,22,,,,,,,,I have to persuade them somehow.
17800 ,,,,,,,主人公,＜名＞,,komako,,22,,,,,,,,"Komako-chan probably loves chi-chan the most, but actually, I love Komako-chan the most."
17900 ,,,,,,,コマコ,コマコ,200_KC00_k_021.wav,"komakoL,privateB",,24,,,,,,,",......Is that so?"
18000 ,,,,,,,,,,komakoL,,24,,,,,,,,"For just a moment, Komako-chan opened her eyes wide in surprise."
18100 ,,,,,,,主人公,＜名＞,,komakoL,,24,,,,,,,,"Yeah. So I want to have sex with Komako-chan, and conversely, I don't want to have sex with anyone except Komako-chan."
18200 ,,,,,,,,,,komakoL,,24,,,,,,,,"Actually, that's not really the case either......but it's true that I really want to do the most lewd things with Komako-chan."
18300 ,,,,,,,,,,komakoL,,24,,,,,,,,"And also, because Komako-chan is my favorite."
18400 ,,,,,,,主人公,＜名＞,,komakoL,,24,,,,,,,,Isn't that still no good?
18500 ,,,,,,,コマコ,コマコ,200_KC00_k_022.wav,komakoL,,13,,,,,,,,Moo.
18600 ,,,,,,,,,,komakoL,,13,,,,,,,,"Komako-chan is still struggling. Damn, don't give up!"
18700 ,,,,,,,主人公,＜名＞,,komakoL,,13,,,,,,,,"You know that Komako-chan's favorite is chi-chan, but hey, don't you like Uncle just a little bit?"
18800 ,,,,,,,主人公,＜名＞,,komakoL,,13,,,,,,,,"For example..., like the top one among men?!"
18900 ,,,,,,,コマコ,コマコ,200_KC00_k_023.wav,komako,,11,,,,,,,,It's not the first one.
19000 ,,,,,,,,,,komako,,11,,,,,,,,"Well,"
19100 ,,,,,,,,,,komako,,11,,,,,,,,What the hell―!?!?!?
19200 ,,,,,,,主人公,＜名＞,,komako,,11,,,,,,,,"Oh, what number am I in your list...!? How many numbers up do you like me...!?"
19300 ,,,,,,,コマコ,コマコ,200_KC00_k_024.wav,komako,,14,,,,,,,,Ojisan is scary.
19400 ,,,,,,,,,,komako,,14,,,,,,,,I get a cold stare from cool Komako and get told that in a deadpan way.
19500 ,,,,,,,,,,komako,,14,,,,,,,,"Yeah, that's right. Okay, calm down, calm down, man."
19600 ,,,,,,,主人公,＜名＞,,komako,,14,,,,,,,,"But I wonder what rank I am in Ojiisan's heart. After all, we're so close with Komako-chan..."
19700 ,,,,,,,,,,komako,,14,,,,,,,,"She said that, and Komako-chan started counting by folding her fingers."
19800 ,,,,,,,コマコ,コマコ,200_KC00_k_025.wav,komako,,33,,,,,,,,Hachi-chan is number one!
19900 ,,,,,,,主人公,＜名＞,,komako,,33,,,,,,,,I know that.
20000 ,,,,,,,コマコ,コマコ,200_KC00_k_026.wav,komako,,20,,,,,,,,"Then, to Father, Mother... maybe next is Tenka-chan?"
20100 ,,,,,,,主人公,＜名＞,,komako,,20,,,,,,,,Uh-huh.
20200 ,,,,,,,,,,komako,,20,,,,,,,,"Well, when Dad comes in, he's definitely not the top man among men... but I guess Dad's just the way he is."
20300 ,,,,,,,,,,komako,,20,,,,,,,,"Well, I guess it's fine if Amanohana joins since she's a close friend."
20400 ,,,,,,,コマコ,コマコ,200_KC00_k_027.wav,komako,,1,,,,,,,,Isn't that my Rika from Ato-uchi?
20500 ,,,,,,,主人公,＜名＞,,komako,,1,,,,,,,,......? Who's Raika? What are you talking about?
20600 ,,,,,,,コマコ,コマコ,200_KC00_k_028.wav,komako,,0,,,,,,,,My dog is cute.
20700 ,,,,,,,,,,komako,,0,,,,,,,,Is it your pet's name? Or are you talking about the old man's dog or something below that?
20800 ,,,,,,,,,,komako,,0,,,,,,,,"Well, I guess it's inevitable to lose to a pet sometimes, huh..."
21000 ,,,,,,,コマコ,コマコ,200_KC00_k_029.wav,komako,,21,,,,,,,,"Then it's the school teacher, right?"
21100 ,,,,,,,主人公,＜名＞,,komako,,21,,,,,,,,Ee-
21200 ,,,,,,,,,,komako,,21,,,,,,,,"It seems like the teacher at school is below me... quite a shock, huh."
21300 ,,,,,,,主人公,＜名＞,,komako,,21,,,,,,,,"Uh, that teacher... the male teacher...?"
21400 ,,,,,,,コマコ,コマコ,200_KC00_k_030.wav,komako,,23,,,,,,,,"I'm a female teacher, though."
21500 ,,,,,,,,,,komako,,23,,,,,,,,Safe!
21600 ,,,,,,,コマコ,コマコ,200_KC00_k_031.wav,komako,,0,,,,,,,,Ojisan wa sono tsugi kurai
21700 ,,,,,,,主人公,＜名＞,,komako,,0,,,,,,,,"Ah, I see. That's how it is."
21800 ,,,,,,,,,,komako,,0,,,,,,,,"Chee-chan, Dad and Mom, Tenka-chan, pets, school teachers, and then the next one―is it the seventh? Is it high or low?"
21900 ,,,,,,,,,,komako,,0,,,,,,,,"But among them, Chee-chan and I alone are in a special position. In other words..."
22000 ,,,,,,,主人公,＜名＞,,komako,,0,,,,,,,,Which one do you think is the number where you can do something naughty in that?
22100 ,,,,,,,コマコ,コマコ,200_KC00_k_032.wav,komako,,9,,,,,,,,"...mm, mmm..."
22200 ,,,,,,,,,,komako,,9,,,,,,,,"It's obvious, but your parents, pets, or school teachers wouldn't be someone you'd want to have sex with, right? Also, you probably don't want to have sex with Tenka-chan either."
22300 ,,,,,,,,,,komako,,9,,,,,,,,"In that case, my turn will keep getting moved up. In other words,"
22400 ,,,,,,,コマコ,コマコ,200_KC00_k_033.wav,komako,,27,,,,,,,,......the second one?
22500 ,,,,,,,主人公,＜名＞,,komako,,27,,,,,,,,"Next is Chi-chan's turn, right?"
22600 ,,,,,,,コマコ,コマコ,200_KC00_k_034.wav,komako,,14,,,,,,,,"Uh, uh..."
22700 ,,,,,,,,,,komako,,14,,,,,,,,Komako-chan nodded as if she were in trouble.
22800 ,,,,,,,主人公,＜名＞,,komako,,14,,,,,,,,"Besides, for a man, it's the best."
22900 ,,,,,,,コマコ,コマコ,200_KC00_k_035.wav,komako,,16,,,,,,,,Mmmm......
23000 ,,,,,,,,,,komako,,16,,,,,,,,"She seemed a bit reluctant, but Komako-chan nodded with a ''ku-ku-ku'' sound."
23100 ,,,,,,,主人公,＜名＞,,komako,,16,,,,,,,,Isn't that still no good?
23200 ,,,,,,,コマコ,コマコ,200_KC00_k_036.wav,komako,,11,,,,,,,,But...
23300 ,,,,,,,主人公,＜名＞,,komako,,11,,,,,,,,Uncle is the one who likes Komako-chan the most! That's the truth! Please!
23400 ,,,,,,,コマコ,コマコ,200_KC00_k_037.wav,komako,,36,,,,,,,,"But, I don't like it..."
23500 ,,,,,,,,,,komako,,36,,,,,,,,It seems like Komako-chan is a bit confused after being told she's liked.
23600 ,,,,,,,,,,komako,,36,,,,,,,,"Well, Komakochan probably hasn't even been asked out before, right? And she probably couldn't even imagine an adult begging with a full prostration like that."
23700 ,,,,,,,,,,komako,,36,,,,,,,,"Maybe it's just my imagination, but it doesn't seem like they're completely against the confession itself."
23800 ,,,,,,,,,,komako,,36,,,,,,,,"Well, there's no choice but to press this button here."
23900 ,,,,,,,主人公,＜名＞,,komako,,36,,,,,,,,"I'm always thinking about Komako-chan! I can't help but want to meet the cute Komako-chan! Today too, I'm so happy with Komako-chan together!"
24000 ,,,,,,,コマコ,コマコ,200_KC00_k_038.wav,komako,,13,,,,,,,,"Mmm, mm, mmm, mmm..."
24100 ,,,,,,,,,,komako,,13,,,,,,,,It seems like it's swaying... or so I feel.
24200 ,,,,,,,主人公,＜名＞,,komako,,13,,,,,,,,"Hey, old man, you can be Komako-chan's lover!"
24300 ,,,,,,,コマコ,コマコ,200_KC00_k_039.wav,komako,,13,,,,,,,,...ahjin?
24400 ,,,,,,,主人公,＜名＞,,komako,,13,,,,,,,,Yeah! People who cooperate for Komako-chan's sake. I'll cooperate with anything!
24500 ,,,,,,,コマコ,コマコ,200_KC00_k_040.wav,komakoL,,24,,,,,,,,Really?!
24600 ,,,,,,,,,,komakoL,,24,,,,,,,,"Oh, as usual, when Chii gets involved, the reaction is good, huh... It's good that we found a breakthrough, but it's getting complicated, isn't it?"
24700 ,,,,,,,,,,komakoL,,24,,,,,,,,"But since there was no other material to extract concessions, I decided to cling to that."
24800 ,,,,,,,主人公,＜名＞,,komakoL,,24,,,,,,,,Let's do our best so that Komako-chan and chi-chan get along well!
24900 ,,,,,,,主人公,＜名＞,,komakoL,,24,,,,,,,,"In return, I just want you to like Uncle sometimes, okay?"
25000 ,,,,,,,主人公,＜名＞,,komakoL,,24,,,,,,,,"Well, like doing something naughty..."
25100 ,,,,,,,,,,komakoL,,24,,,,,,,,"After some hesitation, it seems Komako-chan finally opened her mouth."
25200 ,,,,,,,コマコ,コマコ,200_KC00_k_041.wav,komakoL,,22,,,,,,,,Will you cooperate to become good friends with Chii-chan and Chii-chan?
25300 ,,,,,,,主人公,＜名＞,,komakoL,,22,,,,,,,,"!! Yeah, of course!!"
25400 ,,,,,,,コマコ,コマコ,200_KC00_k_042.wav,komakoL,,22,,,,,,,,Then... okay.
25500 ,,,,,,,主人公,＜名＞,,komakoL,,22,,,,,,,,Thank you! I love Komako-chan so much!
25600 ,,,,,,,コマコ,コマコ,200_KC00_k_043.wav,komako,,6,,,,,,,,"......Like my grandfather, huh?"
25700 ,,,,,,,,,,komako,,6,,,,,,,,The impulsive hug and cheek-rubbing were not very well received by Komako-chan.
25900 ,,<!scene_h_begin>,9,,2200000,,,,,,,,,,,,,,,
26000 ,*mem,,,,2200000,,,,,,,,,,,,,,,
26100 ,,,9,,2200000,,,,,,,,,,,,,,,Komako-chan sat on my chest like using it as a backrest.
26200 ,,,,,2200000,,,,,,,,,,,,,,,The smoothness of her skin alone has me in a state of excitement.
26300 ,,,,,2200000,,コマコ,コマコ,200_KC00_k_044.wav,komako,,0,,,,,,,,...hadakanbo
26400 ,,,,,2200000,,,,,,,,,,,,,,,"Just as those words said, Komako-chan isn't wearing anything anymore. Her breasts and crotch are completely exposed. She's straddling the penis in that state."
26500 ,,,,,2200000,,,,,,,,,,,,,,,I hooked my knee around Komako-chan's slightly closed legs and spread them wide open.
26600 ,,,,,2200000,,コマコ,コマコ,200_KC00_k_045.wav,komako,,0,,,,,,,,......m?
26700 ,,,,,2200000,,,,,,,,,,,,,,,Komako-chan let out a slightly rejecting voice and turned red in the face.
26800 ,,,,,2200000,,,,,,,,,,,,,,,"Looking down at her own figure, Komako-chan says."
26900 ,,,,,2200000,,コマコ,コマコ,200_KC00_k_046.wav,komako,,0,,,,,,,,"...Uncle, it's embarrassing..."
27000 ,,,,,2200000,,主人公,＜名＞,,,,,,,,,,,,"But if you don't spread your legs like this, it might hurt even more when my dick goes in."
27100 ,,,,,2200000,,コマコ,コマコ,200_KC00_k_047.wav,komako,,0,,,,,,,,...Yeah.
27200 ,,,,,2200000,,,,,,,,,,,,,,,She replied in a slightly nervous manner.
27300 ,,,,,2200000,,主人公,＜名＞,,,,,,,,,,,,"Okay, let's take it slow and make it feel good."
27400 ,,,,,2200000,,コマコ,コマコ,200_KC00_k_048.wav,komako,,0,,,,,,,,''un'' or ''n'' (interjection)
27500 ,,,,,2200000,,,,,,,,,,,,,,,I reach out my hand toward the chest of nodding Komako-chan.
27700 ,,,,,2200010,,,,,,,,,,,,,,,"When you look at it, it's a very subtle curve, but when you touch it with your hands, you can clearly feel that there's a soft, plump, and jiggly breast right there."
27800 ,,,,,2200010,,,,,,,,,,,,,,,"During the summer, beneath that slightly sweaty skin of hers, Komako-chan's heart was beating a little faster."
27900 ,,,,,2200010,,,,,,,,,,,,,,,"Slowly checking the softness, gently open and close your hand as you knead Komako-chan's breasts."
28000 ,,,,,2200010,,主人公,＜名＞,,,,,,,,,,,,How about it? Feels good?
28100 ,,,,,2200010,,コマコ,コマコ,200_KC00_k_049.wav,komako,,0,,,,,,,,...Yeah. The boobs feel good.
28200 ,,,,,2200010,,,,,,,,,,,,,,,Komako-chan is straightforward about sexual pleasure. She seems to be trying so hard to feel it.
28300 ,,,,,2200010,,,,,,,,,,,,,,,"I wonder if you're trying to figure out how to feel good, or rather how to make chi-chan feel good, by experiencing it with your body."
28400 ,,,,,2200010,,主人公,＜名＞,,,,,,,,,,,,"Make sure you do it like this for Chi-chan too? I think Chi-chan will also be nervous on her first time, so don't rush her and relax her like this."
28500 ,,,,,2200010,,コマコ,コマコ,200_KC00_k_050.wav,komako,,0,,,,,,,,Got it.
28600 ,,,,,2200010,,,,,,,,,,,,,,,"Komako-chan nods with a ''ko-kun'' sound. She wraps her breasts in her hands and kneads them with a squishy, squelchy sound."
28700 ,,,,,2200010,,コマコ,コマコ,200_KC00_k_051.wav,komako,,0,,,,,,,,Fah... a
28800 ,,,,,2200010,,,,,,,,,,,,,,,Koma-chan raises a voice that is so cute and girlish that you wouldn't think she's a girl who likes girls and wants to do lewd things to them.
28900 ,,,,,2200010,,コマコ,コマコ,200_KC00_k_052.wav,komako,,0,,,,,,,,"Nn...... ah, h, it feels so good, something's tickling inside me..."
29000 ,,,,,2200010,,主人公,＜名＞,,,,,,,,,,,,Does it tingle?
29100 ,,,,,2200010,,コマコ,コマコ,200_KC00_k_053.wav,komako,,0,,,,,,,,"Hmm... that kind of feeling, gathering at the boobs..."
29200 ,,,,,2200010,,,,,,,,,,,,,,,"Just arch your chest a little, like you're pushing your boobs into my hands. It feels like I'm jerking off with my own hands."
29300 ,,,,,2200010,,コマコ,コマコ,200_KC00_k_054.wav,komako,,0,,,,,,,,...it started to poke.
29400 ,,,,,2200010,,主人公,＜名＞,,,,,,,,,,,,"Your nipples are getting hard, huh? I'll pinch them."
29500 ,,,,,2200010,,コマコ,コマコ,200_KC00_k_055.wav,komako,,0,,,,,,,,"Hmm, it's throbbing so much that I think it feels amazing... nngh!"
29600 ,,,,,2200010,,,,,,,,,,,,,,,"Just as those words were spoken, when I pinched Coma-chan's nipples tightly, she let out a cute little cry and arched her back."
29700 ,,,,,2200010,,コマコ,コマコ,200_KC00_k_056.wav,komako,,0,,,,,,,,Kneading it also feels good...
29800 ,,,,,2200010,,,,,,,,,,,,,,,"I received an order from Komako-chan, so I stimulated her nipples by rotating them left and right with my pinched fingers."
29900 ,,,,,2200010,,コマコ,コマコ,200_KC00_k_057.wav,komako,,0,,,,,,,,"Fah, ah! Uh... ah, nnnn..., n-ahhh...!"
30000 ,,,,,2200010,,主人公,＜名＞,,,,,,,,,,,,"She looks good, Komako-chan."
30100 ,,,,,2200010,,コマコ,コマコ,200_KC00_k_058.wav,komako,,0,,,,,,,,"Hmm, if I do this, maybe Chii-chan will feel good too..."
30200 ,,,,,2200010,,主人公,＜名＞,,,,,,,,,,,,Of course!
30300 ,,,,,2200010,,コマコ,コマコ,200_KC00_k_059.wav,komako,,0,,,,,,,,I want to do it with Chii-chan soon...
30400 ,,,,,2200010,,主人公,＜名＞,,,,,,,,,,,,"Yeah, that's right. Then let's practice more. This time, touch the lower part, okay?"
30500 ,,,,,2200010,,コマコ,コマコ,200_KC00_k_060.wav,komako,,0,,,,,,,,Oma nko?
30600 ,,,,,2200010,,主人公,＜名＞,,,,,,,,,,,,Uh-huh.'' or ''Yeah.
30700 ,,,,,2200010,,,,,,,,,,,,,,,"Komako-chan uses those kinds of words so casually, doesn't she? The fact that she doesn't seem to grasp their destructive power makes her childish in a way that's actually exciting."
30800 ,,,,,2200010,,主人公,＜名＞,,,,,,,,,,,,'Let me just loosen it up with my fingers for a bit...'
30900 ,,,,,2200010,,コマコ,コマコ,200_KC00_k_061.wav,komako,,0,,,,,,,,Uh-huh.
31000 ,,,,,2200020,,,,,,,,,,,,,,,Komako-chan would slightly thrust her hips forward in sync with me extending my finger.
31100 ,,,,,2200020,,主人公,＜名＞,,,,,,,,,,,,"Service is good, huh?"
31200 ,,,,,2200020,,コマコ,コマコ,200_KC00_k_062.wav,komako,,0,,,,,,,,"You can't not touch it, right?"
31300 ,,,,,2200020,,主人公,＜名＞,,,,,,,,,,,,"Yeah, that's right. You wouldn't feel good if you didn't do it."
31400 ,,,,,2200020,,コマコ,コマコ,200_KC00_k_063.wav,komako,,0,,,,,,,,"Hmm, touch that good spot... if you don't, you won't know."
31500 ,,,,,2200020,,主人公,＜名＞,,,,,,,,,,,,Of course!
31600 ,,,,,2200020,,,,,,,,,,,,,,,I was asked by Komako-chan to explore the place that would make me feel the most comfortable.
31800 ,,,,,2200020,,,,,,,,,,,,,,,"Komako-chan's pussy is smooth and her slit is clearly visible. However, her important clitoris is still hidden under the skin."
31900 ,,,,,2200020,,,,,,,,,,,,,,,Trace your fingers there slowly and explore.
32000 ,,,,,2200020,,コマコ,コマコ,200_KC00_k_064.wav,komako,,0,,,,,,,,"Hmm, hmm, it's jiggling..."
32100 ,,,,,2200020,,主人公,＜名＞,,,,,,,,,,,,"Where's the important part... here? ... Still a bit hidden, huh?"
32200 ,,,,,2200020,,コマコ,コマコ,200_KC00_k_065.wav,komako,,0,,,,,,,,"Even so, it feels good..."
32300 ,,,,,2200020,,主人公,＜名＞,,,,,,,,,,,,Huh? But I want you to feel even better. Can I go for it?
32400 ,,,,,2200020,,コマコ,コマコ,200_KC00_k_066.wav,komako,,0,,,,,,,,"...uh, it's fine."
32500 ,,,,,2200020,,,,,,,,,,,,,,,"Her face is bright red, but Komako-chan has completely entrusted her body to me, leaving her helpless. In fact, she seems to be begging for more."
32600 ,,,,,2200020,,,,,,,,,,,,,,,Probing such a Komako-chan's pussy. It's very soft and hot. Just playing with it like this makes me want to cum.
32700 ,,,,,2200020,,主人公,＜名＞,,,,,,,,,,,,It got a little wet.
32800 ,,,,,2200020,,コマコ,コマコ,200_KC00_k_067.wav,komako,,0,,,,,,,,"...it's not a wet dream, is it?"
32900 ,,,,,2200020,,主人公,＜名＞,,,,,,,,,,,,I know. This is proof that Komako-chan is getting turned on.
33000 ,,,,,2200020,,コマコ,コマコ,200_KC00_k_068.wav,komako,,0,,,,,,,,"Yeah, Chi-chan's turned into something like this too, huh?"
33100 ,,,,,2200020,,主人公,＜名＞,,,,,,,,,,,,Looking forward to it?
33200 ,,,,,2200020,,コマコ,コマコ,200_KC00_k_069.wav,komako,,0,,,,,,,,Uh...!
33300 ,,,,,2200020,,,,,,,,,,,,,,,"It seems like a very strong reply from Komako-chan. It looks like she feels embarrassed about getting wet herself, but she's really looking forward to making chi-chan's pussy wet."
33400 ,,,,,2200020,,,,,,,,,,,,,,,"She rubbed her fingers around Komako-chan's pussy, finding her clitoris. After playing with it a few times with her fingertips, she peeled back the hood-like skin covering it."
33500 ,,,,,2200020,,コマコ,コマコ,200_KC00_k_070.wav,komako,,0,,,,,,,,Nnfu...!
33600 ,,,,,2200020,,,,,,,,,,,,,,,She couldn't put her voice into words and shook her body.
33700 ,,,,,2200020,,主人公,＜名＞,,,,,,,,,,,,"Komako-chan, you're lost in thought."
33800 ,,,,,2200020,,コマコ,コマコ,200_KC00_k_071.wav,komako,,0,,,,,,,,"Uh, uh...... if you keep doing that, my head will..."
33900 ,,,,,2200020,,主人公,＜名＞,,,,,,,,,,,,You okay? Feels too good? Should I go a little easier?
34000 ,,,,,2200020,,コマコ,コマコ,200_KC00_k_072.wav,komako,,0,,,,,,,,"Nn~n, can I have you touch me more... touch me?"
34100 ,,,,,2200020,,主人公,＜名＞,,,,,,,,,,,,Hmm? If that's the case...
34200 ,,,,,2200020,,コマコ,コマコ,200_KC00_k_073.wav,komako,,0,,,,,,,,"N-nhyuu! N, n, n, nkkuh, it's amazing... nnnn! So much, quivering, hya-fah!"
34300 ,,,,,2200020,,主人公,＜名＞,,,,,,,,,,,,"Wow, Komako-chan, your body is shaking so much. Aren't you feeling too good? Are you okay?"
34500 ,,,,,2200030,,コマコ,コマコ,200_KC00_k_074.wav,komako,,0,,,,,,,,"Huh... it feels so good... nnnngh, fahhh..."
34600 ,,,,,2200030,,,,,,,,,,,,,,,"She straightens her back several times, lets out an incredibly hot breath, and mutters, ''Komako-chan.''"
34700 ,,,,,2200030,,コマコ,コマコ,200_KC00_k_075.wav,komako,,0,,,,,,,,"Chii-chan's body is the same too, right?"
34800 ,,,,,2200030,,主人公,＜名＞,,,,,,,,,,,,"Well, even if you say ''un,'' Komako-chan might be a little too sensitive, you know?"
34900 ,,,,,2200030,,コマコ,コマコ,200_KC00_k_076.wav,komako,,0,,,,,,,,"Hmm, hmmm... Am I the one whose body is feeling restless...?"
35000 ,,,,,2200030,,,,,,,,,,,,,,,The way you say ''body feels restless'' is amazing. I think Komako-chan has a lot of potential for being naughty though....
35100 ,,,,,2200030,,主人公,＜名＞,,,,,,,,,,,,"Well, even Chii-chan could become as skilled as Komako-chan if she taught her properly."
35200 ,,,,,2200030,,コマコ,コマコ,200_KC00_k_077.wav,komako,,0,,,,,,,,Uh... I'll do my best.
35300 ,,,,,2200030,,,,,,,,,,,,,,,"Komako-chan seems like she's really trying hard, which is kinda scary. I mean, she looks super sexy, and I'd love to watch her, though..."
35400 ,,,,,2200030,,,,,,,,,,,,,,,"Still, my hands, which have been fiddling with Komako-chan's naughty parts, are already soaked."
35500 ,,,,,2200030,,主人公,＜名＞,,,,,,,,,,,,"Komako-chan's pussy entrance is already slippery. If it's like this, my dick might just slip in on its own."
35600 ,,,,,2200030,,,,,,,,,,,,,,,"It looks like a little kid got soaked. A kid like Komako-chan wouldn't get this lewdly wet, would she?"
35700 ,,,,,2200030,,コマコ,コマコ,200_KC00_k_078.wav,komako,,0,,,,,,,,Is your dick going into the hole of my pussy...?
35800 ,,,,,2200030,,,,,,,,,,,,,,,"By the way, I feel like you didn't tell me that clearly."
35900 ,,,,,2200030,,,,,,,,,,,,,,,"More than anything, I've never actually touched it myself either...."
36000 ,,,,,2200030,,主人公,＜名＞,,,,,,,,,,,,"Well...'', ''Umm..."
36100 ,,,,,2200030,,,,,,,,,,,,,,,I probe Komako-chan's pussy with my fingers.
36200 ,,,,,2200030,,コマコ,コマコ,200_KC00_k_079.wav,komako,,0,,,,,,,,"...Uncle, that's no good."
36300 ,,,,,2200030,,,,,,,,,,,,,,,"Suddenly, in a calm manner, Komako-chan said."
36400 ,,,,,2200030,,主人公,＜名＞,,,,,,,,,,,,"Uh, s-sorry, was something wrong?"
36500 ,,,,,2200030,,コマコ,コマコ,200_KC00_k_080.wav,komako,,0,,,,,,,,"......Oh, I'm about to pee, so..."
36600 ,,,,,2200030,,主人公,＜名＞,,,,,,,,,,,,"Oh, sorry!"
36700 ,,,,,2200030,,,,,,,,,,,,,,,"I blurted out an apology. Honesty, that's probably the kind of thing you'd get excited about, but I since we had such a good vibe going, I wanted to respect the delicacy of the situation."
36800 ,,,,,2200030,,主人公,＜名＞,,,,,,,,,,,,"Is it under there...? Oh, here, my finger fits... here?"
36900 ,,,,,2200030,,コマコ,コマコ,200_KC00_k_081.wav,komako,,0,,,,,,,,...maybe there.
37000 ,,,,,2200030,,,,,,,,,,,,,,,I wondered to myself why I was asking Komako-chan that.
37100 ,,,,,2200030,,,,,,,,,,,,,,,"But Komako-chan doesn't seem to mind. In fact, she looks even more excited as if she's being touched at the entrance."
37200 ,,,,,2200030,,主人公,＜名＞,,,,,,,,,,,,"Komako-chan, if I stick my finger in, it might pop out... would it be okay if I insert it?"
37300 ,,,,,2200030,,コマコ,コマコ,200_KC00_k_082.wav,komako,,0,,,,,,,,...Uncle's dick?
37400 ,,,,,2200030,,主人公,＜名＞,,,,,,,,,,,,That's right.
37500 ,,,,,2200030,,コマコ,コマコ,200_KC00_k_083.wav,komako,,0,,,,,,,,"Well, can't be helped... yeah."
37600 ,,,,,2200030,,,,,,,,,,,,,,,"Komako-chan nodded slightly and gave her permission. My heart was pounding so hard it felt like it might jump out of my body, and for a moment, I almost passed out."
37700 ,,,,,2200030,,主人公,＜名＞,,,,,,,,,,,,"...Thanks, you'll be kind, right?"
37800 ,,,,,2200030,,コマコ,コマコ,200_KC00_k_084.wav,komako,,0,,,,,,,,I just want to know what happens if you put it in.
37900 ,,,,,2200030,,,,,,,,,,,,,,,"Tsundere? Well, it's probably true, though."
38000 ,,,,,2200030,,コマコ,コマコ,200_KC00_k_085.wav,komako,,0,,,,,,,,"...If you're gonna try, let's do it my way."
38100 ,,,,,2200030,,,,,,,,,,,,,,,....Koma-Ko-chan!
38200 ,,,,,2200030,,,,,,,,,,,,,,,"UnaI couldn't hold back any longer from her cuteness and lifted her up, pressing my penis against her tiny vagina."
38300 ,,,,,2200030,,コマコ,コマコ,200_KC00_k_086.wav,komako,,0,,,,,,,,Maybe Uncle's dick is pretty big too...
38400 ,,,,,2200030,,主人公,＜名＞,,,,,,,,,,,,"If it hurts, just say so? I'll go slowly, inserting little by little, okay?"
38500 ,,,,,2200030,,コマコ,コマコ,200_KC00_k_087.wav,komako,,0,,,,,,,,"Nn, nuu...... fa......!"
38700 ,,,,,2200040,,,,,,,,,,,,,,,"My cock slowly slides into the wide-open crotch of Komako-chan, with the glans distorted into a twisted shape as it's squeezed by her tiny pussy."
38800 ,,,,,2200040,,,,,,,,,,,,,,,"Still, it gradually sneaks in there."
38900 ,,,,,2200040,,コマコ,コマコ,200_KC00_k_088.wav,komako,,0,,,,,,,,"Hmm, hmm! Ah, it's hot... nngh... and it's cramped..."
39000 ,,,,,2200040,,,,,,,,,,,,,,,Komako-chan shivered at the sensation.
39100 ,,,,,2200040,,主人公,＜名＞,,,,,,,,,,,,Does that feel weird?
39200 ,,,,,2200040,,コマコ,コマコ,200_KC00_k_089.wav,komako,,0,,,,,,,,Hmmm... not really... but it's ticklish... is that all?
39300 ,,,,,2200040,,主人公,＜名＞,,,,,,,,,,,,"Sorry, it's still not even filled up yet... it'll get a lot more...?"
39400 ,,,,,2200040,,コマコ,コマコ,200_KC00_k_090.wav,komako,,0,,,,,,,,"Nn, nn! Fa, something like 'nyu-nyu' sounds..."
39500 ,,,,,2200040,,主人公,＜名＞,,,,,,,,,,,,"That's because Komako-chan's pussy was soaking wet. And also, Uncle's dick was..."
39600 ,,,,,2200040,,コマコ,コマコ,200_KC00_k_091.wav,komako,,0,,,,,,,,"Hmm, Uncle's dick is all wet... nnn, it feels a little weird..."
39700 ,,,,,2200040,,主人公,＜名＞,,,,,,,,,,,,"Sorry, maybe you don't like it, but please bear with me."
39800 ,,,,,2200040,,コマコ,コマコ,200_KC00_k_092.wav,komako,,0,,,,,,,,"Well, not yet? Is this also... halfway through?"
39900 ,,,,,2200040,,主人公,＜名＞,,,,,,,,,,,,"Uh―just a little more! Komako-chan, ease up on the power..."
40000 ,,,,,2200040,,コマコ,コマコ,200_KC00_k_093.wav,komako,,0,,,,,,,,"Nn, ah, but, ah... nnahhh...!"
40100 ,,,,,2200040,,,,,,,,,,,,,,,"It felt like Komako-chan's waist suddenly slipped down a little, and her little pichi-pichi Komako-chan's pussy was forcefully spread open."
40200 ,,,,,2200040,,コマコ,コマコ,200_KC00_k_094.wav,komako,,0,,,,,,,,"Ah, it hurts...!"
40300 ,,,,,2200040,,主人公,＜名＞,,,,,,,,,,,,"Uh, are you okay? Komako-chan...!?"
40400 ,,,,,2200040,,コマコ,コマコ,200_KC00_k_095.wav,komako,,0,,,,,,,,"''Oh, your pussy, puckering... something... ah... nn, hiiiiii"
40500 ,,,,,2200040,,,,,,,,,,,,,,,"From that point on, the waist of Komako-chan starts to sink, *slip*, *slip*."
40600 ,,,,,2200040,,コマコ,コマコ,200_KC00_k_096.wav,komako,,0,,,,,,,,"Nnnnngh, i, ah! It hurts, my pussy wants it...!"
40700 ,,,,,2200040,,,,,,,,,,,,,,,"Komako-chan says that, but with that pain, Komako-chan's waist, which has lost its ability to push back, is gradually swallowing my penis."
40800 ,,,,,2200040,,,,,,,,,,,,,,,"My thigh, which sometimes spasms painfully, probably due to the pain, feels awful."
40900 ,,,,,2200040,,,,,,,,,,,,,,,"Even as he thought that, his penis firmly conveyed the sensation of the inside of Komako's mucosal lining, keeping it from wilting."
41000 ,,,,,2200040,,,,,,,,,,,,,,,My penis is tightly squeezed by Komako-chan's sticky and wet pussy.
41100 ,,,,,2200040,,,,,,,,,,,,,,,"Soon after, Komako-chan's butt landed flat on my waist and pressed tightly against me. Her entire body weight was on me, and the pressure was also on my penis."
41300 ,,,,,2200050,,コマコ,コマコ,200_KC00_k_097.wav,komako,,0,,,,,,,,"Uh... uh, uncle, it hurts―!"
41400 ,,,,,2200050,,,,,,,,,,,,,,,Komako-chan says with a slightly resentful look.
41500 ,,,,,2200050,,主人公,＜名＞,,,,,,,,,,,,"Uh... sorry? But, a girl's first time is supposed to hurt, you know..."
41600 ,,,,,2200050,,,,,,,,,,,,,,,I'll stroke your head. Komako-chan puffed out her cheeks.
41700 ,,,,,2200050,,コマコ,コマコ,200_KC00_k_098.wav,komako,,0,,,,,,,,Even this would make Chi-chan cry.
41800 ,,,,,2200050,,,,,,,,,,,,,,,I wonder if everything is okay with me...
41900 ,,,,,2200050,,主人公,＜名＞,,komako,,0,,,,,,,,Is Komako okay?
42000 ,,,,,2200050,,コマコ,コマコ,200_KC00_k_100.wav,komako,,0,,,,,,,,I said it hurts!
42100 ,,,,,2200050,,,,,,,,,,,,,,,"......uh, you're still mad, aren't you?"
42200 ,,,,,2200050,,主人公,＜名＞,,,,,,,,,,,,I'm sorry.
42300 ,,,,,2200050,,コマコ,コマコ,200_KC00_k_101.wav,komako,,0,,,,,,,,...I don't want Chii-chan to be in pain either.
42400 ,,,,,2200050,,主人公,＜名＞,,,,,,,,,,,,"Hmm... even Chii-chan might think it's painful at first... but in the end, you'll find this feels good, you know?"
42500 ,,,,,2200050,,コマコ,コマコ,200_KC00_k_102.wav,komako,,0,,,,,,,,"Hmm... that's right, isn't it...?"
42600 ,,,,,2200050,,,,,,,,,,,,,,,"It seems like Komako-chan, who knows the pleasure of sex as knowledge, is trying to somehow match her current sensation with that knowledge."
42800 ,,,,,2200050,,,,,,,,,,,,,,,Komako-chan peeks into her own pussy.
42900 ,,,,,2200060,,コマコ,コマコ,200_KC00_k_103.wav,komako,,0,,,,,,,,Old man's dick disappeared.
43000 ,,,,,2200060,,主人公,＜名＞,,,,,,,,,,,,"Because now, I've already entered inside Komako-chan!"
43100 ,,,,,2200060,,コマコ,コマコ,200_KC00_k_104.wav,komako,,0,,,,,,,,"Uncle, do you understand what's inside me?"
43200 ,,,,,2200060,,主人公,＜名＞,,,,,,,,,,,,"Well, you know... what about Komako? If you look at her like this, can you tell?"
43300 ,,,,,2200060,,,,,,,,,,,,,,,Try tightening your penis a bit and arching it back. Then Komako-chan reacted by twitching her body.
43400 ,,,,,2200060,,コマコ,コマコ,200_KC00_k_105.wav,komako,,0,,,,,,,,"Hmm, my stomach twitched."
43500 ,,,,,2200060,,主人公,＜名＞,,,,,,,,,,,,"You understand, don't you?"
43600 ,,,,,2200060,,コマコ,コマコ,200_KC00_k_106.wav,komako,,0,,,,,,,,Hmm... there seems to be an old man around here. It's kinda weird.
43700 ,,,,,2200060,,,,,,,,,,,,,,,Komako-chan stroked her own belly just below her navel.
43800 ,,,,,2200060,,コマコ,コマコ,200_KC00_k_107.wav,komako,,0,,,,,,,,...I had sex with 'uncle'.
43900 ,,,,,2200060,,主人公,＜名＞,,,,,,,,,,,,"Yeah, you did it."
44000 ,,,,,2200060,,,,,,,,,,,,,,,"As Komako-chan's words sink in, a sense of reality starts to well up in me too. Somewhere in my numb mind, it begins to react to the stimulation of my penis."
44100 ,,,,,2200060,,コマコ,コマコ,200_KC00_k_108.wav,komako,,0,,,,,,,,"When I think about how you ended up with a man before Chi-chan, it feels like I grew up first, and it makes my heart race."
44200 ,,,,,2200060,,主人公,＜名＞,,,,,,,,,,,,"Hmm, it seems like Chii-chan is the standard for everything. Maybe it's a sense of superiority?"
44300 ,,,,,2200060,,コマコ,コマコ,200_KC00_k_109.wav,komako,,0,,,,,,,,"If you say, ''I'm doing way more perverted things than Chii-chan,'' would she be surprised? She'd be surprised, right?"
44400 ,,,,,2200060,,主人公,＜名＞,,,,,,,,,,,,That must be right. / That's probably the case. / I guess so.
44500 ,,,,,2200060,,,,,,,,,,,,,,,The feeling of guilt from hiding something―or is it a kind of pleasure?
44600 ,,,,,2200060,,,,,,,,,,,,,,,"Still, I'm getting harder and harder to hold back."
44700 ,,,,,2200060,,主人公,＜名＞,,,,,,,,,,,,"Komako-chan, is it okay if I keep having sex with you?"
44800 ,,,,,2200060,,コマコ,コマコ,200_KC00_k_110.wav,komako,,0,,,,,,,,Huh?
44900 ,,,,,2200060,,主人公,＜名＞,,,,,,,,,,,,"Uncle, I want to pee white pee. I want to pee on Komako-chan. Is it okay to pee?"
45000 ,,,,,2200060,,コマコ,コマコ,200_KC00_k_111.wav,komako,,0,,,,,,,,"......mmm, mmm.... Hmm, it's sticky..."
45100 ,,,,,2200060,,主人公,＜名＞,,,,,,,,,,,,"But even though I love Komako-chan so much and we've come this far, it's painful that we can't make it to the end."
45200 ,,,,,2200060,,コマコ,コマコ,200_KC00_k_112.wav,komako,,0,,,,,,,,"Hey, old man, do you like it that much?"
45300 ,,,,,2200060,,主人公,＜名＞,,,,,,,,,,,,I love you so much.
45400 ,,,,,2200060,,コマコ,コマコ,200_KC00_k_113.wav,komako,,0,,,,,,,,"Mmm, but it still hurts a little..."
45500 ,,,,,2200060,,主人公,＜名＞,,,,,,,,,,,,How would it feel if you played around inside with your dick? I get it.
45600 ,,,,,2200060,,コマコ,コマコ,200_KC00_k_114.wav,komako,,0,,,,,,,,Is it Chi-chan's?
45700 ,,,,,2200060,,主人公,＜名＞,,,,,,,,,,,,Yeah.'' or ''I see.'' or ''Right.
45800 ,,,,,2200060,,,,,,,,,,,,,,,"I nodded to Komako-chan, who seemed to be intrigued."
45900 ,,,,,2200060,,主人公,＜名＞,,,,,,,,,,,,"For that, we'll need to get Komako-chan to speak up too, though."
46000 ,,,,,2200060,,コマコ,コマコ,200_KC00_k_115.wav,komako,,0,,,,,,,,"Feeling good or is that the spot? ...Yeah, it's good, though."
46100 ,,,,,2200060,,,,,,,,,,,,,,,"Komako-chan said that and slightly opened her feet, which had been closed. It felt like she was making them easier to move."
46200 ,,,,,2200060,,主人公,＜名＞,,,,,,,,,,,,"...Thanks. Okay, I'll move."
46300 ,,,,,2200060,,コマコ,コマコ,200_KC00_k_116.wav,komako,,0,,,,,,,,...Yeah.
46500 ,,,,,2200060,,,,,,,,,,,,,,,"Supporting Komako-chan's body, I slowly lift her up. The space between my waist and Komako-chan's ass is soaked with lewd juices and sweat, slightly slippery."
46600 ,,,,,2200070,,コマコ,コマコ,200_KC00_k_117.wav,komako,,0,,,,,,,,Hya!
46700 ,,,,,2200070,,,,,,,,,,,,,,,Komako-chan also let out a little scream at that sensation.
46800 ,,,,,2200070,,,,,,,,,,,,,,,"Just as he tried to lift Komako-chan up, the penis inserted into her tight little pussy seemed to have a hard time sliding in and out."
46900 ,,,,,2200070,,主人公,＜名＞,,,,,,,,,,,,Well then...
47000 ,,,,,2200070,,,,,,,,,,,,,,,"This time, try pushing Komako-chan's hips forward."
47100 ,,,,,2200070,,コマコ,コマコ,200_KC00_k_118.wav,komako,,0,,,,,,,,Nnnn...
47200 ,,,,,2200070,,,,,,,,,,,,,,,"Then, my penis moved little by little, slippery."
47300 ,,,,,2200070,,,,,,,,,,,,,,,"The pressure on my penis lying sideways is a little painful, but as I rub against the narrow walls of Komako-chan, the sensation inside sends a thrilling wave of intense pleasure."
47400 ,,,,,2200070,,コマコ,コマコ,200_KC00_k_119.wav,komako,,0,,,,,,,,Hmm... it's... dripping...
47500 ,,,,,2200070,,主人公,＜名＞,,,,,,,,,,,,Isn't it painful?
47600 ,,,,,2200070,,コマコ,コマコ,200_KC00_k_120.wav,komako,,0,,,,,,,,Hmm... I think it feels good...
47700 ,,,,,2200070,,,,,,,,,,,,,,,"Komako-chan is playing with her own pussy, checking the sensation, and each time she lets out a small gasp."
47800 ,,,,,2200070,,コマコ,コマコ,200_KC00_k_121.wav,komako,,0,,,,,,,,"Ah, n, fah..., oh, your pussy is all wet, like, you're doing..."
47900 ,,,,,2200070,,主人公,＜名＞,,,,,,,,,,,,"Yeah, that's right..."
48000 ,,,,,2200070,,,,,,,,,,,,,,,Rubbing the penis against the narrow inside as if shaking the small body.
48100 ,,,,,2200070,,,,,,,,,,,,,,,"My skin feels sticky, and my penis is getting hard. The momentum between me and Komako-chan is building, and our bodies started making sounds from *petchupetchu* to *pan, pan*."
48200 ,,,,,2200070,,コマコ,コマコ,200_KC00_k_122.wav,komako,,0,,,,,,,,"Hmm, mister, maybe that's okay..."
48300 ,,,,,2200070,,主人公,＜名＞,,,,,,,,,,,,"Uh, like this?"
48400 ,,,,,2200070,,コマコ,コマコ,200_KC00_k_123.wav,komako,,0,,,,,,,,"Hmm, there, uh, rubbing it, rubbing it... is it working...?"
48500 ,,,,,2200070,,主人公,＜名＞,,,,,,,,,,,,Let's try...
48600 ,,,,,2200070,,,,,,,,,,,,,,,"It looked difficult to aim for the right spot while rubbing against Komako-chan's tightly packed pussy, but I tried moving her hips back and forth anyway."
48700 ,,,,,2200070,,コマコ,コマコ,200_KC00_k_124.wav,komako,,0,,,,,,,,"Nn, fa!"
48800 ,,,,,2200070,,,,,,,,,,,,,,,"As Komako-chan said, if you rub that part ''kusu kusu,'' Komako-chan's pussy tightens up tightly."
48900 ,,,,,2200070,,コマコ,コマコ,200_KC00_k_125.wav,komako,,0,,,,,,,,"Nn-ah, a, nnn......n! Hya, nkkuu......!"
49000 ,,,,,2200070,,,,,,,,,,,,,,,Komako-chan's voice gets higher.
49100 ,,,,,2200070,,コマコ,コマコ,200_KC00_k_126.wav,komako,,0,,,,,,,,"Ah, n-no! A-aaah... ahnn... nfuh... n! Fa...! K-kon, k-kon, shi-teru...!"
49200 ,,,,,2200070,,主人公,＜名＞,,,,,,,,,,,,K-Komako-chan's pussy is... convulsing...!!!
49300 ,,,,,2200070,,,,,,,,,,,,,,,The hips thrust forward with a thud. The light body of Komako bounced up and down on top of me.
49400 ,,,,,2200070,,コマコ,コマコ,200_KC00_k_127.wav,komako,,0,,,,,,,,"Nn-aaahhh...... aaahhh...... a, nnn―!"
49500 ,,,,,2200070,,,,,,,,,,,,,,,"In the middle of it, her pussy alone would tighten up with all her strength, squeezing my penis. In sync with that, Komako-chan would let out a voice."
49600 ,,,,,2200070,,主人公,＜名＞,,,,,,,,,,,,"Ahh, ahh, Komako-chan, Komako-chan's pussy feels so good......!"
49700 ,,,,,2200070,,コマコ,コマコ,200_KC00_k_128.wav,komako,,0,,,,,,,,"Hyu-, n! S-, ''sekkusu,'' it's amazing..., the dick, it's becoming like this... n-ah, ch, ch-chan, this is amazing, yo...!"
49800 ,,,,,2200070,,主人公,＜名＞,,,,,,,,,,,,"More, more, Komako-chan!"
49900 ,,,,,2200070,,,,,,,,,,,,,,,"Now, thrusting my hips forward sharply, I push up into Komako-chan from below."
50000 ,,,,,2200070,,,,,,,,,,,,,,,"Each time, *plop plop*, Komako-chan's extra soy sauce would be squeezed out and sprayed around like splashes."
50100 ,,,,,2200070,,コマコ,コマコ,200_KC00_k_129.wav,komako,,0,,,,,,,,"Nn-ah, a, ah, fa, nnn, ah, ahh! My dick, it's, zun, zun, like, nn, twitching, twitching, it's getting!"
50200 ,,,,,2200070,,,,,,,,,,,,,,,"Komako-chan's breathing has become rougher. At some point, she started rubbing her own breasts and fiddling with her clitoris."
50300 ,,,,,2200070,,,,,,,,,,,,,,,"I was losing half of myself to the intense pleasure of being tightly squeezed and having my surface scraped away, with nothing but the thought of thrusting into her pussy in my mind."
50400 ,,,,,2200070,,主人公,＜名＞,,,,,,,,,,,,"Komako-chan, Komako-chan!!"
50500 ,,,,,2200070,,コマコ,コマコ,200_KC00_k_130.wav,komako,,0,,,,,,,,"Nn-ah, ah, hya, ah, ah-uh-ah, wow, so much, my pussy's twitching, it's happening! Nn-ah, ah, I can't hold it anymore, it seems!"
50600 ,,,,,2200070,,主人公,＜名＞,,,,,,,,,,,,"Well, she's leaving, Komako-chan! The old man's gonna break his dick! It's gonna break!"
50700 ,,,,,2200070,,コマコ,コマコ,200_KC00_k_131.wav,komako,,0,,,,,,,,"Ah, ahh! Ah! Don't fill it up so much, n! O-om, my pussy's getting numb..."
50800 ,,,,,2200070,,コマコ,コマコ,200_KC00_k_131a.wav,,,,,,,,,,,"''A, zo wa zo wa ga, n-ah, hyah, kowai......ippai, aa, kita, kichatte, aaaaaaa"
50900 ,,,,,2200070,,主人公,＜名＞,,,,,,,,,,,,''Come outtttttt
51100 ,,<!ef_shasei_l>,,,2200080,,,,,,,,,,,,,,,"*hiccup*, *hiccup*!!!"
51200 ,,<!ef_shasei>,,,2200080,,,,,,,,,,,,,,,"Like a water pistol, my penis shot out semen, splattering the sticky liquid against the walls inside Komako-chan's tiny pussy."
51300 ,,,,,2200080,,コマコ,コマコ,200_KC00_k_132.wav,komako,,0,,,,,,,,Nnnnnnnn～～～～～！！
51400 ,,<!ef_shasei_l>,,,2200080,,,,,,,,,,,,,,,"The semen that gushed out couldn't fit inside Komako-chan's anymore, and with a *plop*, *plop*, it overflowed from the gaps in the joined parts, foaming up white bubbles."
51500 ,,<!ef_shasei>,,,2200080,,,,,,,,,,,,,,,"The fifth, sixth time, and still the force doesn't subside, repeatedly knocking against Komako-chan's pussy with *dokun, dokun*."
51600 ,,,,,2200080,,コマコ,コマコ,200_KC00_k_133.wav,komako,,0,,,,,,,,Nn! Nn! Nn!
51700 ,,,,,2200080,,,,,,,,,,,,,,,"Each time, Komako-chan would jerk her foot and arch her back."
51800 ,,,,,2200080,,,,,,,,,,,,,,,"I pinch her nipples tightly in rhythm, maybe because it feels good. I hug Komako-chan tightly, all for the sake of pouring more into her."
51900 ,,<!ef_shasei_tokusyu>,,,2200080,,,,,,,,,,,,,,,"After ejaculating ten, twenty times with my cock arching up, it finally flopped limply back down."
52000 ,,,,,2200080,,コマコ,コマコ,200_KC00_k_134.wav,komako,,0,,,,,,,,Ughhhhhhhh... phew......
52100 ,,,,,2200080,,,,,,,,,,,,,,,"At the same time, Komako-chan, drenched in sweat, leaned against my body."
52300 ,,,,,2200090,,コマコ,コマコ,200_KC00_k_135.wav,komako,,0,,,,,,,,Fwaaah... completely white...
52400 ,,,,,2200090,,主人公,＜名＞,,,,,,,,,,,,"Uncle, it felt too good... I came so hard..."
52500 ,,,,,2200090,,コマコ,コマコ,200_KC00_k_136.wav,komako,,0,,,,,,,,"Hmm, I also got that usual dizzy feeling in my head."
52600 ,,,,,2200090,,主人公,＜名＞,,,,,,,,,,,,"Uh, did Komako-chan cum too?"
52700 ,,,,,2200090,,コマコ,コマコ,200_KC00_k_137.wav,komako,,0,,,,,,,,...I think so.
52800 ,,,,,2200090,,,,,,,,,,,,,,,"The hair is all stuck to my skin, clinging tightly. It also somehow feels like *after* something―so damn erotic."
52900 ,,,,,2200090,,主人公,＜名＞,,,,,,,,,,,,"Komako-chan also felt good about it, so that's good. I'm happy..."
53000 ,,,,,2200090,,コマコ,コマコ,200_KC00_k_138.wav,komako,,0,,,,,,,,"If you don't make it enjoyable, it won't be worth studying. That would be a problem."
53100 ,,,,,2200090,,主人公,＜名＞,,,,,,,,,,,,"I see, that's right. / That's how it is. / That's the way it is."
53200 ,,,,,2200090,,,,,,,,,,,,,,,"So happy, this time I hugged Komako-chan tightly with affection."
53300 ,,,,,2200090,,コマコ,コマコ,200_KC00_k_139.wav,komako,,0,,,,,,,,"Ticklish, uncle!"
53400 ,,,,,2200090,,主人公,＜名＞,,,,,,,,,,,,Is it okay if I hug you?
53500 ,,,,,2200090,,コマコ,コマコ,200_KC00_k_140.wav,komako,,0,,,,,,,,"That's fine, but it's hot."
53600 ,,,,,2200090,,,,,,,,,,,,,,,"And with that, Komako-chan let out a little chuckle."
53700 ,,,,,2200090,,コマコ,コマコ,200_KC00_k_141.wav,komako,,0,,,,,,,,......ah
53800 ,,,,,2200090,,主人公,＜名＞,,,,,,,,,,,,"Uh, what's this time?"
53900 ,,,,,2200090,,コマコ,コマコ,200_KC00_k_142.wav,komako,,0,,,,,,,,"Maybe we should lay something down first, old man. It's still going to get really messy."
54000 ,,,,,2200090,,,,,,,,,,,,,,,"For a moment, I didn't know what it was about, but I realized it was my cum after seeing Komako-chan's gaze looking down at my pussy."
54100 ,,,,,2200090,,主人公,＜名＞,,,,,,,,,,,,"Ah, uh, really?"
54200 ,,,,,2200090,,,,,,,,,,,,,,,"In a panic, I grabbed a tissue and pressed it against Komako-chan's pussy. Sure enough, as Komako-chan said, a large amount of semen gushed out."
54300 ,,,,,2200090,,,,,,,,,,,,,,,"With a slight *plop* and *pfft*, a bit of an undignified sound."
54400 ,,,,,2200090,,コマコ,コマコ,200_KC00_k_143.wav,komako,,0,,,,,,,,Nn... buru...!
54500 ,,,,,2200090,,,,,,,,,,,,,,,"When Komako-chan shudders, a thick, cloudy white liquid drips down from her wide-open pussy."
54600 ,,,,,2200090,,主人公,＜名＞,,,,,,,,,,,,"Uh, sorry, this is so embarrassing, like I wet myself or something."
54700 ,,,,,2200090,,コマコ,コマコ,200_KC00_k_144.wav,komako,,0,,,,,,,,It's going to be this much?
54800 ,,,,,2200090,,主人公,＜名＞,,,,,,,,,,,,I think your uncle has a lot of special things...
54900 ,,,,,2200090,,コマコ,コマコ,200_KC00_k_145.wav,komako,,0,,,,,,,,"Nice, old man."
55000 ,,,,,2200090,,,,,,,,,,,,,,,"Well, Komako-chan muttered, ''I can't do it...'' and continued to mutter."
55100 ,,,,,2200090,,,,,,,,,,,,,,,"While watching her, I felt deep satisfaction from having had my first sex with Komako-chan, from shooting a large amount of cum into her tiny pussy, and I sank into the sofa."
55200 ,,,,,2200090,,コマコ,コマコ,200_KC00_k_146.wav,komako,,0,,,,,,,,"I'll ask the old man for lots of favors, okay?"
55300 ,,,,,2200090,,主人公,＜名＞,,,,,,,,,,,,"Sure, I'll help with anything the old man can do!"
55400 ,,,,,2200090,,コマコ,コマコ,200_KC00_k_147.wav,komako,,0,,,,,,,,"Okay, promise. So, can I try putting it on your dick first?"
55500 ,,,,,2200090,,主人公,＜名＞,,,,,,,,,,,,"Of course. I was planning to give it to Komako-chan anyway.... Maybe I should take a little break, huh......"
55600 ,,,,,2200090,,,,,,,,,,,,,,,I could feel my eyelids growing heavy as I listened to Komako-chan's voice right next to my ear.
55800 ,,<!scene_h_end>,9,41,,,,,,,,,,,,,,,,I felt a sense of discomfort in my lower body as I felt exhausted.
55900 ,,,,,,,主人公,＜名＞,,,,,,,,,,,,......huh?
56000 ,,,,,,,,,,,,,,,,,,,,"When I opened my eyes, Komako-chan was fidgeting with something."
56100 ,,,,,,,主人公,＜名＞,,,,,,,,,,,,'.........?'
56200 ,,,,,,,,,,,,,,,,,,,,Was I still studying...? That was the thought that crossed my muddled mind just then.
56300 ,,,,,,,主人公,＜名＞,,,,,,,,,,,,"Eh... wait, Komako-chan?!"
56400 ,,,,,,,コマコ,コマコ,200_KC00_k_148.wav,"komakoL,nude",,11,,,,,,,",Don't move!"
56500 ,,,,,,,,,,komakoL,,11,,,,,,,,"Something hard was pressing against my buttocks, and with a *bacchit* sound, my eyes snapped open."
56600 ,,,,,,,主人公,＜名＞,,,,,,,,,,,,K-Komako-chan?!
56700 ,,,,,,,,,,,,,,,,,,,,"Looking closely, I see that Komako-chan, who had slipped between my legs, was wearing the pen-shaped keychain I had given her, attached to her waist."
56900 ,,<!scene_h_begin>,11,,2201000,,コマコ,コマコ,200_KC00_k_149.wav,komako,,0,,,,,,,,Stay still...
57000 ,,,,,2201000,,主人公,＜名＞,,,,,,,,,,,,"Hey, stay still... uh, ngah?!"
57100 ,,,,,2201000,,,,,,,,,,,,,,,My body stiffens from the intense feeling of wrongness as my asshole is pried open.
57200 ,,,,,2201000,,コマコ,コマコ,200_KC00_k_150.wav,komako,,0,,,,,,,,Fah... maybe my dick is amazing...
57300 ,,,,,2201000,,,,,,,,,,,,,,,"Saying that, Komako-chan spread my legs with both hands and pushed her hips forward toward my butt, pressing in tightly."
57400 ,,"<shake id=""1"" target=""sc"" time=""1200,1200"" x=""38,100,0"" y=""0,0,0"">",,,2201000,,主人公,＜名＞,,,,,,,",,,,,Ugyaa!?"
57500 ,,,,,2201000,,コマコ,コマコ,200_KC00_k_151.wav,komako,,0,,,,,,,,Uncle's asshole... the penis is going to go in...
57600 ,,,,,2201000,,,,,,,,,,,,,,,"Koma-chan's eyes are glazed over, staring fixedly at the stretched part of the penis-shaped mold being inserted."
57700 ,,,,,2201000,,主人公,＜名＞,,,,,,,,,,,,"Hey, wait a minute, Komako-chan, stop it......!"
57800 ,,,,,2201000,,コマコ,コマコ,200_KC00_k_152.wav,komako,,0,,,,,,,,"No, you're right. Uncle, you said you'd cooperate."
57900 ,,,,,2201000,,,,,,,,,,,,,,,"What the...!? Y-you said it already, didn't you!?"
58000 ,,,,,2201000,,主人公,＜名＞,,,,,,,,,,,,That means it's about helping out the relationship between Chi-chan and me...!!!
58100 ,,,,,2201000,,コマコ,コマコ,200_KC00_k_153.wav,komako,,0,,,,,,,,"This is also an important practice for you to do with Chii-chan, so Uncle will listen to what you say."
58200 ,,,,,2201000,,主人公,＜名＞,,,,,,,,,,,,"Well, but Uncle's a man too, so...!!"
58300 ,,,,,2201000,,コマコ,コマコ,200_KC00_k_154.wav,komako,,0,,,,,,,,"I saw it in that uncle's hentai video. Guys also have a place to put their dicks in, right?"
58400 ,,,,,2201000,,,,,,,,,,,,,,,"Komako-chan doesn't seem like she'll listen to anything you say! With a force that doesn't feel like a little girl's, she pushes her hips forward!"
58600 ,,"<shake id=""1"" target=""sc"" time=""1200,1200"" y=""38,100,0"" x=""0,0,0"">",,,2201000,,主人公,＜名＞,,,,,,,",,,,,'''Hiiiiii'"
58700 ,,,,,2201010,,コマコ,コマコ,200_KC00_k_155.wav,komako,,0,,,,,,,,"Ahah, your little dick twitched, old man!"
58800 ,,,,,2201010,,,,,,,,,,,,,,,"My lower body tensed up and my penis just stood up, but Komako seems to have mistaken it for my excitement."
58900 ,,,,,2201010,,,,,,,,,,,,,,,"With an even more heated expression, Komako-chan wiggled her hips suggestively and tried to shove the penis band into me."
59000 ,,,,,2201010,,,,,,,,,,,,,,,"Just looking at that makes it disgustingly lewd movements, but every time a penis ban is forced into the anus and into the intestines, it's not even about that."
59100 ,,,,,2201010,,コマコ,コマコ,200_KC00_k_156.wav,komako,,0,,,,,,,,"If a white one comes out, does that mean you did it well?"
59200 ,,,,,2201010,,,,,,,,,,,,,,,It's not the kind of situation where I'd get excited to say this line...!!!
59300 ,,,,,2201010,,,,,,,,,,,,,,,"While I'm thinking about it, Komako-chan keeps kneading and inserting the penis ban like she's getting it used to my body, little by little."
59400 ,,,,,2201010,,コマコ,コマコ,200_KC00_k_157.wav,komako,,0,,,,,,,,"Oh no, that hurts! Little by little, little by little..."
59500 ,,,,,2201010,,,,,,,,,,,,,,,"With a dazed expression, Komako-chan lightly pushes in and pulls out, gradually inserting deeper each time she pushes it in."
59600 ,,,,,2201010,,コマコ,コマコ,200_KC00_k_158.wav,komako,,0,,,,,,,,Relaxing... slowly going in... inserting the penis... it feels so good―!!!
59700 ,,,,,2201010,,主人公,＜名＞,,,,,,,,,,,,K-Komako-chan...!!!
59800 ,,,,,2201010,,,,,,,,,,,,,,,"Before I knew it, I was able to smoothly take things in and out, and I was stunned. I was amazed by how quickly Komako-chan had memorized things, as well as my own body."
59900 ,,,,,2201010,,コマコ,コマコ,200_KC00_k_159.wav,komako,,0,,,,,,,,Then... Uncle...!
60000 ,,,,,2201010,,主人公,＜名＞,,,,,,,,,,,,"''Uh, wahhhhhhh"
60100 ,,,,,2201010,,,,,,,,,,,,,,,"With a thrust, Komako-chan pushed her hips forward, and my anus was pierced through with such force that it sounded like it might go ''splosh.''"
60200 ,,,,,2201010,,コマコ,コマコ,200_KC00_k_160.wav,komako,,0,,,,,,,,''Haaaaaa
60300 ,,,,,2201010,,,,,,,,,,,,,,,Komako-chan's sigh that looks so comfortable.
60400 ,,,,,2201010,,コマコ,コマコ,200_KC00_k_161.wav,komako,,0,,,,,,,,"All of it went in, old man."
60500 ,,,,,2201010,,主人公,＜名＞,,,,,,,,,,,,"Uh, u... my stomach hurts..."
60600 ,,,,,2201010,,,,,,,,,,,,,,,"I feel an odd sensation like my internal organs are being pushed up, making it hard for me to speak."
60700 ,,,,,2201010,,コマコ,コマコ,200_KC00_k_162.wav,komako,,0,,,,,,,,"Well, look, your dick is shaking wobbly-wobbly......?"
60800 ,,,,,2201010,,,,,,,,,,,,,,,Komako-chan's expression is so excited that she's just staring at my behavior.
60900 ,,,,,2201010,,主人公,＜名＞,,,,,,,,,,,,"Well, it's not like I *don't* feel bad about it... but that just makes it even creepier!"
61000 ,,,,,2201010,,,,,,,,,,,,,,,"Even I don't know what I'm saying, but the sensation of having my penis or testicles scratched from behind was strangely ticklish and had a weirdly mysterious touch―it was definitely true."
61100 ,,,,,2201010,,コマコ,コマコ,200_KC00_k_163.wav,komako,,0,,,,,,,,"Relax, I'll make you feel much better soon. You'll get good at it soon."
61200 ,,,,,2201010,,,,,,,,,,,,,,,It's not just thrusting―Komako-chan rocks her hips side to side and probes my insides like she's searching for something.
61300 ,,,,,2201010,,コマコ,コマコ,200_KC00_k_164.wav,komako,,0,,,,,,,,"Isn't that okay for you, uncle? Every time you thrust, your dick twitches and stretches, so this part feels good, right?"
61400 ,,,,,2201010,,主人公,＜名＞,,,,,,,,,,,,"Ah, ugh...! C-C-Coma-chan...!!"
61500 ,,,,,2201010,,,,,,,,,,,,,,,The word ''stop'' also stopped coming out. The anus started to get warm little by little.
61600 ,,,,,2201010,,コマコ,コマコ,200_KC00_k_165.wav,komako,,0,,,,,,,,"Hmm, do you feel like an old man now? Is it here...?"
61700 ,,,,,2201010,,主人公,＜名＞,,,,,,,,,,,,Uaaah!
61800 ,,,,,2201010,,,,,,,,,,,,,,,Komako-chan's movements become more intense. She deliberately rubs the tip of the Peniban against my body.
62000 ,,,,,2201020,,コマコ,コマコ,200_KC00_k_166.wav,komako,,0,,,,,,,,"Nn, nn! Ojisan, d?!? Kore, ki mochi ii...!?"
62100 ,,,,,2201020,,,,,,,,,,,,,,,"Now that she's really gotten the hang of it, Komako-chan starts grinding her hips."
62200 ,,,,,2201020,,,,,,,,,,,,,,,"The huge stroke makes even AV male actors feel inferior. It feels like I'm being fucked by a futanari girl, and my head might go crazy."
62300 ,,,,,2201020,,主人公,＜名＞,,,,,,,,,,,,K-Komako-chan!
62400 ,,,,,2201020,,コマコ,コマコ,200_KC00_k_167.wav,komako,,0,,,,,,,,"I can feel the pressure from the old man coming in, hahaha."
62500 ,,,,,2201020,,,,,,,,,,,,,,,"Well, there's no way that could be the case...!"
62600 ,,,,,2201020,,,,,,,,,,,,,,,"By the way, Peniban was double-headed. Every time you wiggle your hips, is Komako-chan also being stimulated inside?"
62700 ,,,,,2201020,,,,,,,,,,,,,,,The face that was flushed with excitement might be because of that...!!!!
62800 ,,,,,2201020,,,,,,,,,,,,,,,"That expression is so seductive and erotic for such a little girl, and it's a little S-ish―it's the best."
62900 ,,,,,2201020,,,,,,,,,,,,,,,"When you're stared at like that and asked, ''Do you *feel* it?'' I might start waking up to a masochistic thrill."
63000 ,,,,,2201020,,コマコ,コマコ,200_KC00_k_168.wav,komako,,0,,,,,,,,Nnnn! Here? Is this area good? How about this?
63100 ,,,,,2201020,,,,,,,,,,,,,,,"While checking my expression, Komako-chan sweated profusely and probed and attacked the inside of my intestines."
63200 ,,,,,2201020,,,,,,,,,,,,,,,"It's strange how I feel when I realize that Komako-chan isn't trying to torment me in a sadistic way, but rather trying to make me feel something."
63300 ,,,,,2201020,,,,,,,,,,,,,,,"For Komako-chan, it would be better to say it was nice... so she feels it naturally...!?"
63400 ,,,,,2201020,,主人公,＜名＞,,,,,,,,,,,,"K-Komako-chan... n-no, not there..."
63500 ,,,,,2201020,,コマコ,コマコ,200_KC00_k_169.wav,komako,,0,,,,,,,,"Here's the translation:  'This feels good, huh... uh, I'll push your cock up from inside like this, like this? Is this okay?'"
63600 ,,,,,2201020,,主人公,＜名＞,,,,,,,,,,,,"Uh, uhh!!"
63700 ,,,,,2201020,,,,,,,,,,,,,,,"I've never done anything that stimulates the prostate, but is this what it's like?"
63800 ,,,,,2201020,,,,,,,,,,,,,,,Something hot seems to be rising from near the base of my penis.
63900 ,,,,,2201020,,コマコ,コマコ,200_KC00_k_170.wav,komako,,0,,,,,,,,"Transparent, sticky stuff... came out a lot? Maybe it's the old man's white one? ...uh, uh, uh!"
64000 ,,,,,2201020,,主人公,＜名＞,,,,,,,,,,,,"Ahh, ahh, uwaa!"
64100 ,,,,,2201020,,,,,,,,,,,,,,,"Komako-chan slams her hips against me at a rapid speed along with her voice. The underside of my penis is struck harder than before, an intense urge to ejaculate surges up even though my penis isn't being touched."
64200 ,,,,,2201020,,,,,,,,,,,,,,,"It feels like squeezing and pushing out a tube from the very root, and it's unbearable!"
64300 ,,,,,2201020,,主人公,＜名＞,,,,,,,,,,,,"''De, de, deru, dechauu!! Aaaaaaa"
64500 ,,<!ef_shasei_l>,,,2201030,,コマコ,コマコ,200_KC00_k_171.wav,komako,,0,,,,,,,,Nnhaaaaa!!
64600 ,,<!ef_shasei>,,,2201030,,,,,,,,,,,,,,,"The moment Komako thrust her hips up sharply against me, my penis finally shot out cum."
64700 ,,<!ef_shasei_l>,,,2201030,,,,,,,,,,,,,,,"I didn't even realize there was still so much semen left inside me, and it shot out with a *burlurp, burlurp* as he ejaculated violently."
64800 ,,,,,2201030,,,,,,,,,,,,,,,It rose higher than Komako-chan's face and fell into my stomach.
64900 ,,,,,2201040,,コマコ,コマコ,200_KC00_k_172.wav,komako,,0,,,,,,,,"Haa, haa, haa..."
65000 ,,,,,2201040,,,,,,,,,,,,,,,"She looks at me with a satisfied smile that seems to have a heart mark floating in her eyes, watching my expression as I ejaculate into her."
65100 ,,,,,2201040,,コマコ,コマコ,200_KC00_k_173.wav,komako,,0,,,,,,,,"Uncle, you made me cum... it felt so good...?"
65200 ,,,,,2201040,,主人公,＜名＞,,,,,,,,,,,,"Uh, uh..."
65300 ,,,,,2201040,,,,,,,,,,,,,,,That was the only answer I could give.
65400 ,,,,,2201040,,コマコ,コマコ,200_KC00_k_174.wav,komako,,0,,,,,,,,"I wonder if it worked well... With this, I can make Chi-chan feel good too, right?"
65500 ,,,,,2201040,,,,,,,,,,,,,,,"Saying that, Chi-chan smiled brightly."
65600 ,,,,,2201040,,主人公,＜名＞,,,,,,,,,,,,"Yeah, I guess so..."
65700 ,,,,,2201040,,,,,,,,,,,,,,,That was all I could say at the moment.
65800 ,$event_return,,,,,,,,,,,,,,,,,,,
65900 ,,<!Lend_day_change>,0,9000,,,,,,,,,,,,,,,,
66100 ,@201_KC01,,,,,,,,,,,,,,,,,,,
66300 ,,<!Lbegin_day_change>,13,31,,,主人公,＜名＞,,,,,,,,,,,,......hah...
66400 ,,,,,,,,,,,,,,,,,,,,I am so happy. Has there ever been a time when I was this happy since I was born?
66500 ,,,,,,,,,,,,,,,,,,,,"Even after Komako returned, I was still savoring the unexpected happiness that had come to me."
66600 ,,,,,,,,,,,,,,,,,,,,"Well, of course I wanted to get into an intimate relationship with Komako-chan and did all sorts of things to make that happen... and now it's finally borne fruit. It's bound to be joyful."
66700 ,,,,,,,主人公,＜名＞,,,,,,,,,,,,"Well, my butt is a little itchy, though..."
66800 ,,,,,,,,,,,,,,,,,,,,"Komako-chan was originally a girl who was very interested in perverted things, and when it came to chi-chan, she was proactive or even reckless in a way...."
66900 ,,,,,,,,,,,,,,,,,,,,I never thought you'd practice on my ''ass.''
67000 ,,,,,,,主人公,＜名＞,,,,,,,,,,,,But... maybe Komako-chan would be okay.
67100 ,,,,,,,,,,,,,,,,,,,,"Komako-chan, too, even if it was practice with Chi-chan, tried her best to make me cum."
67200 ,,,,,,,,,,,,,,,,,,,,"That's still love, right!? Even if it's the seventh from the top!"
67300 ,,,,,,,主人公,＜名＞,,,,,,,,,,,,I'm so happy.... I'm Komako-chan's lover.
67400 ,,,,,,,,,,,,,,,,,,,,Just thinking about it makes me want to drool and get a boner.
67500 ,,,,,,,,,,,,,,,,,,,,"Again, my ass itches terribly, and my dick starts to stiffen up and assert itself in my pants."
67600 ,,,,,,,主人公,＜名＞,,,,,,,,,,,,"Wait, my butt is tingling here... maybe I really opened a new door..."
67700 ,,,,,,,,,,,,,,,,,,,,"But, Komako-chan with a dick attached had a kind of perverse eroticism to her."
67800 ,,,,,,,,,,,,,,,,,,,,"I don't have a fetish for being dominated, but reverse anal might be okay..."
67900 ,,,,,,,主人公,＜名＞,,,,,,,,,,,,"Haa haa, Komako-chan. Uncle will do his best for Komako-chan, okay?"
68000 ,,,,,,,,,,,,,,,,,,,,"I can't hold back anymore, and I end up stroking myself."
68100 ,,,,,,,,,,,,,,,,,,,,"Up until now, when I was masturbating, I used to think about Chi-chan and Tenka-chan too. But from today onward, it's different. My mind is filled with nothing but Komako-chan."
68200 ,,,,,,,主人公,＜名＞,,,,,,,,,,,,"Komako-chan! From today, I won't do anything perverted with Komako-chan anymore! I love you so much!"
68300 ,,<!ef_shasei>,,,,,,,,,,,,,,,,,,Puyu~!
68400 ,,,,,,,,,,,,,,,,,,,,"I kept replaying the endless memories of my first amazing fuck, spitting out my white semen onto a tissue."
68700 ,,<!timepass_middle>,6,11,,,千恵,千恵,201_KC01_c_000.wav,,,,"chie,private",,0,,,,",'Hey, Dad, I'm home~!'"
68800 ,,,,,,,主人公,＜名＞,,,,,chie,,0,,,,,"Oh, welcome back, Chi-chan!"
68900 ,,,,,,,,,,,,,chie,,0,,,,,"Around noon, Chi-chan and the others arrived."
69000 ,,,,,,,,,,,,,,,,,,,,"Normally, he would come much earlier, but today it seems like there was some regional summer vacation event at school, and there was a dance event."
69100 ,,,,,,,主人公,＜名＞,,,,,chie,,0,,,,,Was the dance fun?
69200 ,,,,,,,千恵,千恵,201_KC01_c_001.wav,,,,chie,,1,,,,,Yeah! I danced a lot! It was fun~
69300 ,,,,,,,甜花,甜花,201_KC01_t_000.wav,,,,chie,,1,"tenka,privateB",,1,",'Really, it was fun!'"
69400 ,,,,,,,,,,,,,chie,,1,tenka,,1,,Is it a dance routine I learned?
69500 ,,,,,,,,,,,,,chie,,1,tenka,,1,,Chi-chan and Tenka-chan spin around like they're stabbing the sky with their index fingers.
69600 ,,,,,,,,,,,,,chie,,1,tenka,,1,,"The short skirt flared out softly, and for a moment, I was taken aback."
69700 ,,,,,,,,,,,,,chie,,1,tenka,,1,,"No, no, no! I've already decided to be loyal to Komako-chan alone!"
69800 ,,,,,,,,,,,,,,,,,,,,"Now, the all-important Komako-chan is..."
69900 ,,,,,,,主人公,＜名＞,,,,,,,,,,,,KomaKochan is back too! Did KomaKochan have fun too?
70000 ,,,,,,,コマコ,コマコ,201_KC01_k_000a.wav,"komako,private",,11,,,,,,,",......ordinary"
70100 ,,,,,,,,,,,,,,,,,,,,"Oh, I've been ignored. Maybe they're still shy because it's only been a day since yesterday?"
70200 ,,,,,,,甜花,甜花,201_KC01_t_001.wav,,,,,,,tenka,,0,,"Nene, let's eat lunch quickly. I'm hungry!"
70300 ,,,,,,,,,,,,,,,,,,,,Tenka-chan must have really enjoyed dancing. She's a little hyper.
70400 ,,,,,,,主人公,＜名＞,,,,,,,,,,,,How about we all have lunch together?
70500 ,,,,,,,コマコ,コマコ,201_KC01_k_000.wav,komako,,3,,,,,,,,"Chii-chan, get in quickly!"
70600 ,,,,,,,千恵,千恵,201_KC01_c_002.wav,,,,chie,,21,,,,,"Yeah! Okay, Uncle! I'm coming in!"
70700 ,,,,,,,,,,,,,,,,,,,,"I directed a hot gaze toward Komako-chan, but Komako-chan was only looking at chi-chan and not at me."
70800 ,,,,,,,,,,,,,,,,,,,,"Oh well. I guess it can't be helped, since Komako-chan's favorite is Chi-chan."
70900 ,,,,,,,,,,,,,,,,,,,,"Well, since you did it anyway, I thought maybe you could care about me a little more, huh?"
71000 ,,,,,,,甜花,甜花,201_KC01_t_002.wav,,,,,,,tenka,,1,,Excuse me for coming in. / Excuse the intrusion. / Excuse me for disturbing you.
71100 ,,,,,,,主人公,＜名＞,,,,,,,,,,,,"Sure, go ahead! Here you go:  ''Oh, yes, please, go ahead!''"
71200 ,,,,,,,,,,,,,,,,,,,,"Just a bit dejected, I also followed the three of them into the inner sitting room."
71500 ,,<!timepass_short>,7,31,,,千恵,千恵,201_KC01_c_003.wav,,,,chie,,21,,,,,Itadakimasu~!
71600 ,,,,,,,,,,,,,chie,,21,,,,,"With a cheerful clap, Chichan bows her hands together and says ''gochisousama'' as a greeting. Everyone's homemade bento boxes are now completely empty."
71700 ,,,,,,,コマコ,コマコ,201_KC01_k_001.wav,komako,,23,,,,,,,,''...itadakimasu'' (as a response to ''itadakimasu'')
71800 ,,,,,,,甜花,甜花,201_KC01_t_003.wav,,,,,,,tenka,,23,,"Thank you for the meal... hey, you've got some rice grains on your cheek."
71900 ,,,,,,,千恵,千恵,201_KC01_c_004.wav,,,,chie,,4,tenka,,23,,Huh? Where where?
72000 ,,,,,,,甜花,甜花,201_KC01_t_004.wav,,,,chie,,3,tenka,,32,,"Down to the right. Below your lips, you know?"
72100 ,,,,,,,千恵,千恵,201_KC01_c_005.wav,,,,chie,,23,tenka,,32,,Hmm? Uh...?
72200 ,,,,,,,,,,,,,chie,,23,tenka,,32,,"Reaching out to my right cheek to try to pick off the rice grains that must be stuck there, I'm searching for the ones that are attached."
72300 ,,,,,,,,,,,,,chie,,23,tenka,,32,,"But, Tenka-chan wanted to say something about the area to the lower right from her perspective."
72400 ,,,,,,,,,,,,,chie,,23,tenka,,32,,"Komako-chan seems to want to pick off the rice grains stuck on Chi-chan's cheeks, but she can't seem to bring herself to do it and is a bit flustered."
72500 ,,,,,,,甜花,甜花,201_KC01_t_005.wav,,,,chie,,23,tenka,,12,,"Fine, I'll get it for you. Just stay still."
72600 ,,,,,,,コマコ,コマコ,201_KC01_k_002.wav,komako,,4,,,,,,,,Ah...
72700 ,,,,,,,,,,komako,,4,,,,,,,,"While Komako-chan was hesitating, Tenka-chan quickly removed and threw away the rice grain stuck on Chi-chan's cheek."
72800 ,,,,,,,千恵,千恵,201_KC01_c_006.wav,,,,chie,,1,,,,,"Waaaaay, thank you, Tenka-chan, you're so kind~"
72900 ,,,,,,,甜花,甜花,201_KC01_t_006.wav,,,,,,,tenka,,11,,"Well, idiot! I just didn't want to see your ugly face with rice grains stuck to it!"
73000 ,,,,,,,コマコ,コマコ,201_KC01_k_003.wav,komako,,32,,,,,,,,Mmm...
73100 ,,,,,,,,,,komako,,32,,,,,,,,Komako-chan makes a face that looks complicated.
73200 ,,,,,,,,,,,,,,,,,,,,"Thanks to my advice (?) as well, I think Komako-chan and Chi-chan's relationship has been progressing, but you know, it's hard to be proactive at times like that."
73300 ,,,,,,,,,,,,,,,,,,,,I get flustered in the heat of the moment.
73400 ,,,,,,,,,,,,,,,,,,,,"Ah, but maybe I could tell you later, ''If it's like just now, you should quickly grab some rice crackers and chomp them down so you can do an indirect kiss.''"
73500 ,,,,,,,,,,,,,,,,,,,,"As practice, maybe I could have Komako-chan eat what I put on my lips or something... huh, just thinking about it makes my heart race."
73600 ,,,,,,,千恵,千恵,201_KC01_c_007.wav,,,,chie,,4,,,,,"...Uncle! Hey, Uncle!"
73700 ,,,,,,,主人公,＜名＞,,,,,chie,,4,,,,,"Oh, sorry, sorry, what is it, Chi-chan?"
73800 ,,,,,,,千恵,千恵,201_KC01_c_008.wav,,,,chie,,3,,,,,Today's Oichan seems a bit more spaced out than usual―is he okay?
73900 ,,,,,,,主人公,＜名＞,,,,,chie,,3,,,,,"Oh, it's fine. Sorry for worrying you, maybe it was a bit hot."
74000 ,,,,,,,,,,,,,chie,,3,,,,,"Oh no, oh no, maybe it's because I had sex with Komako-chan, but I keep thinking about Komako-chan all the time."
74100 ,,,,,,,,,,,,,chie,,3,,,,,"Since it's such a rare opportunity to spend time together with all three of you, you should properly listen to everyone."
74200 ,,,,,,,甜花,甜花,201_KC01_t_007.wav,,,,,,,tenka,,12,,"It's really hot today, isn't it? Well, it's always hot anyway."
74300 ,,,,,,,千恵,千恵,201_KC01_c_009.wav,,,,chie,,21,,,,,"Did you dance a lot? But it was fun, right? Right, Komako-chan!"
74400 ,,,,,,,コマコ,コマコ,201_KC01_k_004.wav,komako,,1,chie,,21,,,,,"...Yeah, it was fun."
74500 ,,,,,,,,,,,,,,,,,,,,Komako-chan smiling cheerfully.
74600 ,,,,,,,,,,,,,,,,,,,,"When I asked, he said it was ''normal''... right?"
74700 ,,,,,,,千恵,千恵,201_KC01_c_010.wav,,,,chie,,1,,,,,"So, Uncle! Today, we're going to eat chi-chan's ice cream!"
74800 ,,,,,,,主人公,＜名＞,,,,,chie,,1,,,,,Huh?
74900 ,,,,,,,,,,,,,chie,,1,,,,,"I couldn't understand what ''to, iu wake de'' meant, so Chachan looked up at me with a cheerful face."
75000 ,,,,,,,千恵,千恵,201_KC01_c_011.wav,,,,chie,,21,,,,,"Today I exercised a lot, so lunch alone isn't enough for me. Chi-chan, today I'm going to eat ice cream!"
75100 ,,,,,,,甜花,甜花,201_KC01_t_008.wav,komako,,14,,,,tenka,,23,,"But hey, are you okay with your allowance?"
75200 ,,,,,,,コマコ,コマコ,201_KC01_k_005.wav,komako,,14,,,,tenka,,23,,"Chii-chan, didn't you say you didn't have any money? Spending it wastefully isn't good, you know?"
75300 ,,,,,,,,,,komako,,14,,,,tenka,,23,,"When the two of them, Tenka-chan and Komako-chan, said that to her, Chi-chan let out a sly smile."
75400 ,,,,,,,千恵,千恵,201_KC01_c_012.wav,,,,chie,,38,,,,,"Hahaha, today is Chi-chan's rich day, huh?"
75500 ,,,,,,,主人公,＜名＞,,,,,chie,,38,,,,,Eh!?
75600 ,,,,,,,,,,,,,chie,,38,,,,,What?! Chichan became rich?! What the heck happened?
75700 ,,,,,,,千恵,千恵,201_KC01_c_013.wav,,,,"chieL,private",,21,,,,",'After dancing, buy some juice too...'' Mom gave me some pocket money! 120 yen!'"
75800 ,,,,,,,,,,,,,chieL,,21,,,,,"Well, I mean, that's about it, isn't it?"
75900 ,,,,,,,甜花,甜花,201_KC01_t_009.wav,,,,chie,,21,tenka,,32,,"You know, you should really try to break that habit of using whatever you get right away."
76000 ,,,,,,,千恵,千恵,201_KC01_c_014.wav,,,,chie,,24,tenka,,32,,"Well, but the samurai also said it. Don't keep money for tomorrow night!"
76100 ,,,,,,,,,,,,,chie,,24,tenka,,32,,"Oh, by the way, the other day, Chi-chan was watching a rerun of a period drama at home."
76200 ,,,,,,,千恵,千恵,201_KC01_c_015.wav,,,,chieL,,1,,,,,"So, Uncle, I want a baseball bar!"
76300 ,,,,,,,主人公,＜名＞,,,,,chieL,,1,,,,,"Okay, okay.'' / ''Alright, alright.'' / ''Yeah, yeah."
76400 ,,<!se_coins>,,,,,,,,,,,,,,,,,,"The little sister placed 60 yen on her small, soft, and cute palm and handed it to me."
76500 ,,,,,,,,,,,,,,,,,,,,"The baseball bar serves the old-fashioned square stick vanilla ice cream, and it must be that the place where you get another one if you hit a home run tickles chi-chan's heart."
76600 ,,,,,,,,,,,,,,,,,,,,"As I was about to receive money from Chi-chan, I headed toward the store."
76700 ,,,,,,,,,,,,,,,,,,,,Then I stop for a moment and look back.
76800 ,,,,,,,主人公,＜名＞,,,,,,,,,,,,Do you two want ice cream?
76900 ,,,,,,,甜花,甜花,201_KC01_t_010.wav,,,,,,,tenka,,12,,"Wasting money isn't good... but it's hot, and if I see you eating that, I'll definitely want to eat it too... Uncle, I want a melon ice."
77000 ,,,,,,,コマコ,コマコ,201_KC01_k_006.wav,komako,,3,,,,,,,,I'm... the same baseball bat as Chi-chan.
77100 ,,,,,,,千恵,千恵,201_KC01_c_016.wav,komako,,3,chie,,1,,,,,"Koma-chan, you two look alike!"
77200 ,,,,,,,コマコ,コマコ,201_KC01_k_007.wav,komako,,21,chie,,1,,,,,"...Yeah, matching."
77300 ,,,,,,,,,,komako,,21,chie,,1,,,,,"Komako-chan smiling shyly. So cute. When I think that her smile is for Chi-chan, this old man gets a little jealous, but she's so cute."
77400 ,,,,,,,千恵,千恵,201_KC01_c_017.wav,,,,chie,,25,,,,,"Hey, Dad, hurry up, hurry up~!"
77500 ,,<!se_coins>,,,,,主人公,＜名＞,,,,,,,,,,,,"Okay, okay!'' or ''Alright, alright!"
77600 ,,<!move_short>,,21,,,,,,,,,,,,,,,,I received money from two people and took out two baseball bats and melon-shaped cups filled with 0% juice melon ice from the store's freezer.
77700 ,,,,,,,,,,,,,,,,,,,,"After thinking about it, I decided to bring my own chocolate bar too."
77800 ,,,,,,,,,,,,,,,,,,,,"Even if you've been inside a cool store the whole time, it's still summer. I want to eat ice cream."
77900 ,,<!move_short_r>,,31,,,千恵,千恵,201_KC01_c_018.wav,,,,chie,,21,,,,,I'm off!
78000 ,,,,,,,,,,,,,chieL,,21,,,,,Kaputto-chan cheerfully bites into a baseball bat.
78100 ,,,,,,,,,,,,,,,,,,,,"But you know, seeing a girl with something rod-like in her mouth is always a good sight, isn't it?"
78200 ,,,,,,,,,,,,,,,,,,,,"From the fact that Chichan even dips her rice in the soup, it's clear that her way of eating is a bit childish."
78300 ,,,,,,,,,,,,,,,,,,,,"Even now, with vanilla ice cream smeared all around your mouth... how to put it, but it's like the white, runny liquid is staining your lips and face..."
78400 ,,,,,,,主人公,＜名＞,,,,,,,,,,,,... gulp
78500 ,,,,,,,,,,,,,,,,,,,,"Oh, damn it. I almost got carried away by the devil's whisper again."
78600 ,,,,,,,,,,,,,,,,,,,,"I decided to stick with Komako-chan, but seeing that chichi-chan covered in that white, gooey liquid, I ended up making her my tonight's snack."
78700 ,,,,,,,,,,,,,,,,,,,,"But then, if you turn away your eyes..."
78800 ,,,,,,,甜花,甜花,201_KC01_t_011.wav,,,,,,,"tenkaL,privateB",,3,",'Hmm, hmmm... it's weird that this tastes like melon even though there's no fruit juice in it.'"
78900 ,,,,,,,,,,,,,,,,tenkaL,,3,,"I can see Amakagiri eating ice little by little from the melon container. Ah, if it were a little earlier, I'd definitely have stuck my dick in that container and jerked off."
79000 ,,,,,,,コマコ,コマコ,201_KC01_k_008.wav,"komakoL,private",,21,,,,,,,",.........hmm."
79100 ,,,,,,,,,,komakoL,,21,,,,,,,,"But but, Komako-chan is also eating the same baseball bar as chi-chan."
79200 ,,,,,,,,,,komakoL,,21,,,,,,,,"It's not as flashy as Chichan's, but her lips are smeared white with melted ice."
79300 ,,,,,,,,,,komakoL,,21,,,,,,,,"It looks like Komako-chan is licking the ice like chiro-chiro, so her face looks like she's licking the tip of a dick with her tongue."
79400 ,,,,,,,,,,komakoL,,21,,,,,,,,"Haa...... Komako-chan really is cute, huh? Yeah, tonight's side dish is probably this Komako-chan's lolling face."
79500 ,,,,,,,,,,komakoL,,21,,,,,,,,"While the three of them were eating ice cream like that, Chi-chan slowly approached Tenka-chan-chan."
79600 ,,,,,,,千恵,千恵,201_KC01_c_019.wav,,,,chie,,0,,,,,"Tenka-chan, gimme a bite! I'll give you one too!"
79700 ,,,,,,,甜花,甜花,201_KC01_t_012.wav,,,,chie,,0,tenka,,32,,"Well~.... I guess it can't be helped, just one bite, okay?"
79800 ,,,,,,,千恵,千恵,201_KC01_c_020.wav,,,,chie,,1,tenka,,32,,Yatta~!
79900 ,,,,,,,,,,,,,,,,,,,,Chie-chan and Tenka-chan were exchanging smiles over ice cream.
80000 ,,,,,,,コマコ,コマコ,201_KC01_k_009.wav,komako,,33,,,,,,,,"Ahh! C-come on, Ch-chan, let me have a bite too..."
80100 ,,,,,,,千恵,千恵,201_KC01_c_021.wav,komako,,33,chie,,20,,,,,"Komako-chan's ice cream looks the same as Chi-chan's, so it's fine with me~"
80200 ,,,,,,,コマコ,コマコ,201_KC01_k_010.wav,komako,,16,chie,,20,,,,,"Yeah, I guess so..."
80300 ,,,,,,,,,,,,,,,,,,,,She made a ''damn it'' face and drooped her shoulders dejectedly.
80400 ,,,,,,,,,,,,,,,,,,,,"Next, Chi-chan looked at me."
80500 ,,,,,,,千恵,千恵,201_KC01_c_022.wav,,,,chieL,,1,,,,,"Hey, Uncle! Even Uncle's ice cream―just one bite~!"
80600 ,,,,,,,主人公,＜名＞,,,,,chieL,,1,,,,,"Huh? Well, that's..."
80700 ,,,,,,,,,,,,,chieL,,1,,,,,"It's really happy to do an indirect kiss with a cute girl like Chi-chan, but even so, I can't do that kind of thing with Komako-chan watching."
80800 ,,,,,,,,,,,,,chieL,,1,,,,,I don't want to make Komako-chan sad at all.
80900 ,,,,,,,,,,,,,chieL,,1,,,,,"In a hurry, I gulp down the last bite."
81000 ,,,,,,,主人公,＜名＞,,,,,chieL,,1,,,,,"Uh, sorry, Uncle's already gone."
81100 ,,,,,,,,,,,,,chieL,,1,,,,,"I thought that with this, Chi-chan would give up too..."
81200 ,,,,,,,千恵,千恵,201_KC01_c_023.wav,,,,chieL,,18,,,,,No problem! There's still a little left!
81300 ,,,,,,,主人公,＜名＞,,,,,chieL,,18,,,,,What? Where?
81400 ,,,,,,,,,,,,,chieL,,18,,,,,"The next moment, Chi-chan suddenly leaned her face right up close to mine."
81500 ,,,,,,,,,,,,,chieL,,18,,,,,"And then, something cold and slippery, soft, licked up my lips."
81600 ,,,,,,,千恵,千恵,201_KC01_c_024.wav,,,,chieL,,21,,,,,"Your dad had chocolate ice cream all over his mouth, huh~?"
81700 ,,,,,,,,,,,,,chie,,21,,,,,"Chii-chan, smiling away after pulling her face away."
81800 ,,,,,,,,,,,,,chie,,21,,,,,"My mouth is full of chocolate ice cream... wait, does that mean that was Chii-chan's tongue?! Did I maybe kiss Chii-chan?!"
81900 ,,,,,,,千恵,千恵,201_KC01_c_025.wav,,,,chie,,1,,,,,"Eh heh~, I wanted to eat both chocolate and vanilla~"
82000 ,,,,,,,甜花,甜花,201_KC01_t_013.wav,,,,chie,,1,tenka,,12,,"Hey, stop that, it's rude!"
82100 ,,,,,,,千恵,千恵,201_KC01_c_026.wav,,,,chie,,3,tenka,,12,,Why?
82200 ,,,,,,,,,,,,,,,,,,,,"Amid Amamiya scolding her, Chi-Chan remains unashamed and coolly carries on."
82300 ,,,,,,,,,,,,,,,,,,,,"Yeah, I guess for Chi-chan, it's just 'I only got a little ice cream from Uncle.'"
82400 ,,,,,,,,,,,,,,,,,,,,But... there are people who can't be excused by that.
82500 ,,,,,,,コマコ,コマコ,201_KC01_k_011.wav,komakoL,,17,,,,,,,,......
82600 ,,,,,,,,,,komakoL,,17,,,,,,,,How... how should I follow?
82700 ,,,,,,,,,,komakoL,,17,,,,,,,,"I was feeling the cold, piercing gaze of Komako-chan on my back while sweating profusely all over my body."
83000 ,,<!timepass_middle>,3,41,,,主人公,＜名＞,,,,,,,,,,,,"Hey~... Wait, Komako-chan?"
83100 ,,,,,,,,,,,,,,,,,,,,"After everyone had left and a little while had passed, only Komako-chan returned to the store."
83200 ,,,,,,,コマコ,コマコ,201_KC01_k_012.wav,"komako,private",,37,,,,,,,",I have something to talk to you about."
83300 ,,,,,,,,,,komako,,37,,,,,,,,"I was looked at with a slightly cold, piercing gaze."
83400 ,,,,,,,,,,komako,,37,,,,,,,,"Ugh, it was definitely about the time I was eating ice cream, though. But that was unavoidable, you know? Ah, but Komako-chan is definitely mad!"
83500 ,,,,,,,主人公,＜名＞,,komako,,37,,,,,,,,"Uh, uh, okay. Let's go up for now."
83600 ,,,,,,,コマコ,コマコ,201_KC01_k_013.wav,komako,,7,,,,,,,,Excuse me for coming in. / Excuse the intrusion. / Sorry to bother you.
83700 ,,,,,,,,,,komako,,7,,,,,,,,"So what if I send her away? I'll just end up making Komako even more upset. Nervously, I invite Komako inside anyway."
83800 ,,,3,31,,,コマコ,コマコ,201_KC01_k_014.wav,"komako,private",,9,,,,,,,",............"
83900 ,,,,,,,,,,komako,,9,,,,,,,,"Even after entering the room, Komako-chan kept sitting still, staring at me intently."
84000 ,,,,,,,,,,komako,,9,,,,,,,,I can't help but avert my eyes.
84100 ,,,,,,,主人公,＜名＞,,komako,,9,,,,,,,,"Uh, well, first, sit down..."
84200 ,,,,,,,コマコ,コマコ,201_KC01_k_015.wav,"komakoL,private",,30,,,,,,,",Ojisan no baka"
84300 ,,<!ef_hit_zabuton>,,,,,,,,komakoL,,30,,,,,,,,Bash!
84400 ,,,,,,,,,,komakoL,,30,,,,,,,,"When I offered her the zafu, Komako-chan suddenly grabbed it and hit me with it."
84500 ,,<!ef_hit_zabuton>,,,,,主人公,＜名＞,,komakoL,,30,,,,,,,,"Ah, it hurts so much!"
84600 ,,<!ef_hit_zabuton>,,,,,,,,komakoL,,30,,,,,,,,"For Komako-chan, it's unusually rough―she's slapping me repeatedly with the zabuton while raising her voice a bit."
84700 ,,,,,,,,,,komakoL,,30,,,,,,,,"Of course it's a zafu, and no matter how many times I get hit by Komako-chan's strength, it's not really painful... but..."
84800 ,,,,,,,主人公,＜名＞,,komakoL,,30,,,,,,,,"Hey, wait a minute, did old man do something bad?"
84900 ,,,,,,,コマコ,コマコ,201_KC01_k_016.wav,komakoL,,11,,,,,,,,"I made out with Chi-chan. Uncle, I made out with Chi-chan."
85000 ,,,,,,,コマコ,コマコ,201_KC01_k_017.wav,komakoL,,13,,,,,,,,"Uncle, I hate it... uuuu..."
85100 ,,,,,,,,,,komakoL,,13,,,,,,,,"The words ''I hate you,'' spoken with tearful eyes, stabbed painfully into my chest."
85200 ,,,,,,,,,,komakoL,,13,,,,,,,,"Well, s-such... d-did I get rejected by Komako-chan?"
85300 ,,,,,,,主人公,＜名＞,,komakoL,,13,,,,,,,,"Uh, sorry! Sorry, I mean! But that was unavoidable, and it wasn't like the old man kissed me..."
85400 ,,,,,,,コマコ,コマコ,201_KC01_k_018.wav,komakoL,,28,,,,,,,,I don't know! I don't know about uncles anymore! Waaaaah!
85500 ,,,,,,,,,,komakoL,,28,,,,,,,,"It seems like Komako-chan started crying her heart out, probably because she was so shocked by how much you and Chi-chan made out."
85600 ,,,,,,,,,,komakoL,,28,,,,,,,,What should I do... what should I do... I don't want Komako-chan to dislike me.
85700 ,,,,,,,,,,komakoL,,28,,,,,,,,"But, I was a little frustrated. I like Komako-chan so much, but Komako-chan only talks about Chi-chan all the time...."
85800 ,,,,,,,,,,komakoL,,28,,,,,,,,That's right!
85900 ,,,,,,,主人公,＜名＞,,komakoL,,28,,,,,,,,"Well then, I'll also give it to Komako-chan!"
86000 ,,,,,,,コマコ,コマコ,201_KC01_k_019.wav,komakoL,,24,,,,,,,,Huh?
86100 ,,<s_fade time=""1""><!ef_oshitaoshi>,,9000,,,,,,,,,,,,,,,,"I pushed Komako-chan's slender body down just as she was, and brought my lips close to her pale, un-tanned cheeks."
86300 ,,<!scene_h_begin>,15,31,2210000,,,,,,,,,,,,,,,
86400 ,*mem,,,,2210000,,,,,,,,,,,,,,,
86500 ,,,15,,2210000,,,,,,,,,,,,,,,What the hell?!
86600 ,,,,,2210000,,コマコ,コマコ,201_KC01_k_020.wav,komako,,0,,,,,,,,Hyaa!
86700 ,,,,,2210000,,,,,,,,,,,,,,,"The soft, plump cheeks of Komako-chan are licked up by Chi-chan just like he did to me."
86800 ,,,,,2210000,,,,,,,,,,,,,,,Komako-chan shivered and turned her face away.
86900 ,,,,,2210000,,コマコ,コマコ,201_KC01_k_021.wav,komako,,0,,,,,,,,Y-yah... don't wanna stop in the middle with Uncle...
87000 ,,,,,2210000,,主人公,＜名＞,,,,,,,,,,,,"Don't say that. Uncle, you really understand Komako's feelings."
87100 ,,,,,2210000,,,,,,,,,,,,,,,"While pinning down Komako-chan's flailing arms, I try to kiss Komako-chan's lips."
87200 ,,,,,2210000,,,,,,,,,,,,,,,"But because Komako-chan was shaking her head vigorously, this time it ended up making a *bchu* sound near her jaw."
87300 ,,,,,2210000,,コマコ,コマコ,201_KC01_k_022.wav,komako,,0,,,,,,,,Hiyun!
87400 ,,,,,2210000,,主人公,＜名＞,,,,,,,,,,,,"Komako-chan is jealous because the uncle had a thing with Chi-chan, right?"
87500 ,,,,,2210000,,コマコ,コマコ,201_KC01_k_023.wav,komako,,0,,,,,,,,"Uh... well, yeah, but..."
87600 ,,,,,2210000,,主人公,＜名＞,,,,,,,,,,,,"So, I thought I'd give Komako-chan lots of kisses too."
87700 ,,,,,2210000,,コマコ,コマコ,201_KC01_k_024.wav,komako,,0,,,,,,,,Why does that happen...?
87800 ,,,,,2210000,,,,,,,,,,,,,,,Komako-chan is looking up at me with teary eyes while trembling all over.
87900 ,,,,,2210000,,,,,,,,,,,,,,,That face is so cute that it made my groin tingle.
88000 ,,,,,2210000,,主人公,＜名＞,,,,,,,,,,,,"'But Uncle said he liked Komako the most, but he still hadn't kissed Komako yet...'"
88100 ,,,,,2210000,,,,,,,,,,,,,,,"Before the tears spill over, I lick the corner of my eye with the tip of my tongue like scooping it up."
88200 ,,,,,2210000,,,,,,,,,,,,,,,"Komako-chan tightly clenched her body, her cheeks twitching."
88300 ,,,,,2210000,,主人公,＜名＞,,,,,,,,,,,,"Well, and since I already did it with Chi-chan first, I got jealous and felt bad about it, so I'm sorry."
88400 ,,,,,2210010,,コマコ,コマコ,201_KC01_k_025.wav,komako,,0,,,,,,,,"N-no, that's not right... it's not like that! I mean, I'm not saying that uncle is like―"
88500 ,,,,,2210010,,主人公,＜名＞,,,,,,,,,,,,"Yeah, you're jealous because you saw me with Chii-chan, right?"
88600 ,,,,,2210000,,コマコ,コマコ,201_KC01_k_026.wav,komako,,0,,,,,,,,"That's right, but... not that...!"
88700 ,,,,,2210000,,,,,,,,,,,,,,,"Komako-chan looks confused and troubled, furrowing her brows tightly."
88800 ,,,,,2210000,,,,,,,,,,,,,,,"I know it's a ridiculous argument, but I wanted Komako to think about me more than Chi-chan."
88900 ,,,,,2210000,,主人公,＜名＞,,,,,,,,,,,,"So, Uncle, I'll kiss you a lot to prove that I like Komako-chan the most! More than I did with Chi-chan!"
89000 ,,,,,2210000,,コマコ,コマコ,201_KC01_k_027.wav,komako,,0,,,,,,,,"Yahh,... that's not right. It's not like that... I'm with Chi-chan and... hyahs..."
89100 ,,,,,2210000,,,,,,,,,,,,,,,"Komako-chan is trying to escape while crying ''gusu gusu,'' but he keeps chasing her with his tongue, licking her face all around."
89200 ,,,,,2210000,,,,,,,,,,,,,,,"It was white and soft like a sweet treat, just like Komako-chan's chubby cheeks, but when I licked them, they tasted salty."
89300 ,,,,,2210000,,,,,,,,,,,,,,,It was so hot today that maybe I sweated a lot.
89400 ,,,,,2210000,,主人公,＜名＞,,,,,,,,,,,,"Chii-chan's kiss was sweet, but Komako-chan's kiss is salty, huh. Uncle, I like Komako-chan's taste more."
89500 ,,,,,2210010,,コマコ,コマコ,201_KC01_k_028.wav,komako,,0,,,,,,,,"Oh no... no no, don't lick my face. It'll get all drooly and sticky..."
89600 ,,,,,2210010,,主人公,＜名＞,,,,,,,,,,,,"But, if you fill your mouth with saliva and slobber all over it, that's what being an adult is all about, right? Don't you want to practice being an adult?"
89700 ,,,,,2210000,,コマコ,コマコ,201_KC01_k_029.wav,komako,,0,,,,,,,,"Uh, practice..."
89800 ,,,,,2210000,,,,,,,,,,,,,,,KomaKochan's resistance to the word ''practice'' weakens.
89900 ,,,,,2210000,,,,,,,,,,,,,,,"Again, my chest felt a little fuzzy. Even though I'm saying I like you this much, in the end, Komako-chan's heart still belongs to Chi-chan. Guess it can't be helped, though."
90000 ,,,,,2210000,,,,,,,,,,,,,,,"While feeling a bit hesitant, I decided to use chi-chan for the sake of spending more time with Komako-chan."
90100 ,,,,,2210000,,主人公,＜名＞,,,,,,,,,,,,"Yeah, practice. If I practice a lot of adult stuff with Uncle, I won't have any trouble doing adult stuff with Chi-chan."
90200 ,,,,,2210010,,コマコ,コマコ,201_KC01_k_030.wav,komako,,0,,,,,,,,"......mm......mm, mm, mm"
90300 ,,,,,2210010,,主人公,＜名＞,,,,,,,,,,,,I wonder how it'll be...
90400 ,,,,,2210010,,,,,,,,,,,,,,,"While tracing the smooth cheek of Nello's Komako with a trail of saliva, I started to whisper in her ear."
90500 ,,,,,2210010,,,,,,,,,,,,,,,"My saliva is dripping down Komako-chan's cute face like a slug crawling, leaving a slimy, sticky trail behind―just that alone makes me excited."
90600 ,,,,,2210010,,,,,,,,,,,,,,,"Thanks to that, my saliva kept welling up more and more, and I rubbed Komako-chan's ears with my drool while pressing my swollen pants against Komako-chan's crotch."
90700 ,,,,,2210010,,主人公,＜名＞,,,,,,,,,,,,"Sounds good, right?"
90900 ,,,,,2210010,,,,,,,,,,,,,,,"Komako-chan was silent, but her resistance had weakened considerably."
91000 ,,,,,2210010,,,,,,,,,,,,,,,"Taking that as agreement, I forcefully pressed my lips against hers."
91100 ,,,,,2210010,,コマコ,コマコ,201_KC01_k_031.wav,komako,,0,,,,,,,,"Muuuuuuhhhh, mu-mu-muuhhhh!"
91200 ,,,,,2210010,,,,,,,,,,,,,,,"But when I tried to stick my tongue in, Komako-chan desperately clamped her mouth shut."
91300 ,,,,,2210010,,主人公,＜名＞,,,,,,,,,,,,"Is it bad? Why? Uncle, do you like Komako-chan?"
91400 ,,,,,2210010,,コマコ,コマコ,201_KC01_k_032.wav,komako,,0,,,,,,,,I said I hated my uncle.
91500 ,,,,,2210010,,主人公,＜名＞,,,,,,,,,,,,"But you did have sex, right? If you had sex, then Komako-chan, you must like Uncle, right?"
91600 ,,,,,2210000,,コマコ,コマコ,201_KC01_k_033.wav,komako,,0,,,,,,,,"Huh? Huh? That, uh, uu..."
91700 ,,,,,2210000,,,,,,,,,,,,,,,"When she brought up what happened when we had sex, Komako-chan looked confused and furrowed her brows into an ''H'' shape."
91800 ,,,,,2210000,,主人公,＜名＞,,,,,,,,,,,,"If you're going to do it, you might as well go all the way, right? Because blowjobs are nothing compared to actual sex―they're on a whole different level!"
91900 ,,,,,2210000,,コマコ,コマコ,201_KC01_k_034.wav,komako,,0,,,,,,,,Well... maybe so.
92000 ,,,,,2210000,,,,,,,,,,,,,,,"I think it's a ridiculous theory even for myself, but Komako is being pressured."
92100 ,,,,,2210000,,,,,,,,,,,,,,,"I pressed my lips against Komako-chan's lips with all my might, thinking this was the moment."
92200 ,,,,,2210010,,コマコ,コマコ,201_KC01_k_035.wav,komako,,0,,,,,,,,Nmuuuuuhhh!
92300 ,,,,,2210010,,,,,,,,,,,,,,,Lick the lips that are tightly sealed together with your tongue.
92400 ,,,,,2210010,,,,,,,,,,,,,,,"Komako-chan's lips shouldn't have anything on them, yet they had a faintly sweet taste. It tasted like milk."
92500 ,,,,,2210010,,,,,,,,,,,,,,,"During the day, the taste of the vanilla ice cream that came from Chi-chan's tongue was very similar."
92600 ,,,,,2210010,,主人公,＜名＞,,,,,,,,,,,,"So, are you going to have adult fun with Uncle? Please, Uncle, I want to have fun with Komako-chan!"
92700 ,,,,,2210010,,コマコ,コマコ,201_KC01_k_036.wav,komako,,0,,,,,,,,"Wah, I don't want to..."
92800 ,,,,,2210010,,主人公,＜名＞,,,,,,,,,,,,Why?
92900 ,,,,,2210010,,コマコ,コマコ,201_KC01_k_037.wav,komako,,0,,,,,,,,'That's not what I meant when I came here...'
93000 ,,,,,2210010,,,,,,,,,,,,,,,Komako-chan reaches out and tries to grab the blanket tightly.
93100 ,,,,,2210010,,,,,,,,,,,,,,,It seems that Komako-chan's anger hasn't subsided yet.
93200 ,,,,,2210010,,主人公,＜名＞,,,,,,,,,,,,"Oh, I see... Yeah, that makes sense. Sorry. Komako was angry, after all."
93300 ,,,,,2210000,,コマコ,コマコ,201_KC01_k_038.wav,komako,,0,,,,,,,,"Yeah, they're mad about it."
93400 ,,,,,2210000,,,,,,,,,,,,,,,Komako-chan tightly pursed her lips and glared at me with tearful eyes.
93500 ,,,,,2210000,,,,,,,,,,,,,,,"But, I somehow felt like they weren't as angry as they were just now."
93600 ,,,,,2210000,,,,,,,,,,,,,,,"Her cheeks are starting to flush slightly, I suppose."
93700 ,,,,,2210000,,主人公,＜名＞,,,,,,,,,,,,"Well, first off, you gotta get in the mood, right?"
93800 ,,,,,2210000,,コマコ,コマコ,201_KC01_k_039.wav,komako,,0,,,,,,,,Eh!?
93900 ,,,,,2210000,,,,,,,,,,,,,,,"She opened her eyes wide in surprise, like Komako-chan, and I kissed her again."
94000 ,,,,,2210000,,,,,,,,,,,,,,,It's not just about pressing your lips together like that.
94100 ,,,,,2210000,,,,,,,,,,,,,,,"While doing so, he gropes Komako-chan's breasts with one hand."
94200 ,,,,,2210000,,主人公,＜名＞,,,,,,,,,,,,"That's right, you can't do something as horny as that without feeling horny yourself. First, I'll make Komako feel good."
94300 ,,,,,2210010,,コマコ,コマコ,201_KC01_k_040.wav,komako,,0,,,,,,,,"Eh? W-Well, that's not... mmphhhh!!"
94400 ,,,,,2210010,,,,,,,,,,,,,,,Gently kneading Komako-chan's slightly swelling breasts through her clothes.
94500 ,,,,,2210010,,,,,,,,,,,,,,,"I think Komako-chan gets all tingly when her nipples are played with, doesn't she?"
94600 ,,,,,2210010,,,,,,,,,,,,,,,"While sealing Komako-chan's voice of protest with her lips, she pinched the small, erect nipple with her fingertips, making her dress rustle."
94700 ,,,,,2210010,,コマコ,コマコ,201_KC01_k_041.wav,komako,,0,,,,,,,,Muuuuuuhhhh!!
94800 ,,,,,2210010,,,,,,,,,,,,,,,Komako-chan is thrashing wildly beneath my body.
94900 ,,,,,2210010,,,,,,,,,,,,,,,"But, those lips are still tightly closed, and they don't seem willing to let my tongue in."
95000 ,,,,,2210010,,,,,,,,,,,,,,,That's a problem.
95100 ,,,,,2210010,,コマコ,コマコ,201_KC01_k_042.wav,komako,,0,,,,,,,,Nnmuu......nngg......nnnnngg......
95200 ,,,,,2210010,,,,,,,,,,,,,,,"Instead, he's flailing his feet and trying to push me back."
95300 ,,,,,2210010,,,,,,,,,,,,,,,"If things have come to this, maybe I'll have to get Komako-chan in a really horny mood and make her all wet before she'll let me give her a deep kiss."
95400 ,,,,,2210010,,,,,,,,,,,,,,,"Alright, this is where old man's got his tricks to show off!"
95600 ,,,,,2210010,,主人公,＜名＞,,,,,,,,,,,,"Komako-chan, I'll teach you how a girl feels good when she's being kissed..."
95700 ,,,,,2210000,,コマコ,コマコ,201_KC01_k_043.wav,komako,,0,,,,,,,,"Huh? Like, when you're being told that and you start feeling good..."
95800 ,,,,,2210000,,,,,,,,,,,,,,,"When she parted her lips, Komako-chan looked puzzled."
95900 ,,,,,2210000,,,,,,,,,,,,,,,"Probably Komako-chan only knows how to do the ''smooching'' thing with her mouth and mouth, so I'll take this chance to teach her all sorts of things and pump myself up with determination."
96000 ,,,,,2210000,,,,,,,,,,,,,,,"Well, of course the biggest feeling is wanting to lick all over Komako-chan."
96100 ,,,,,2210000,,主人公,＜名＞,,,,,,,,,,,,"Yeah, just like when that uncle kissed your face all over, kissing other parts besides the mouth can also make a girl feel really good. See..."
96200 ,,,,,2210020,,,,,,,,,,,,,,,What the hell?
96300 ,,,,,2210020,,コマコ,コマコ,201_KC01_k_044.wav,komako,,0,,,,,,,,''Hyaaaaaaa
96400 ,,,,,2210020,,,,,,,,,,,,,,,"After playing around wildly, Komako-chan was exhausted and had collapsed slightly, so I licked up her side with the tip of my tongue."
96500 ,,,,,2210020,,,,,,,,,,,,,,,"The taste of sweat, condensed far beyond comparison with the face, stings the tongue."
96600 ,,,,,2210020,,,,,,,,,,,,,,,"But it's never an unpleasant taste. In fact, it's so good that you could call it delicious."
96700 ,,,,,2210020,,主人公,＜名＞,,,,,,,,,,,,"See, under the armpit, that's a really sensitive spot, and when I gently lick it like this..."
96800 ,,,,,2210020,,コマコ,コマコ,201_KC01_k_045.wav,komako,,0,,,,,,,,"''Hya-fu, huhah......ah, k, k-k-k-k"
96900 ,,,,,2210020,,主人公,＜名＞,,,,,,,,,,,,"Yeah, at first it might feel ticklish. But gradually, it starts to feel good."
97000 ,,,,,2210020,,コマコ,コマコ,201_KC01_k_046.wav,komako,,0,,,,,,,,I don't get it... it tickles...!
97100 ,,,,,2210020,,,,,,,,,,,,,,,"Unlike breasts, maybe it's tickling rather than feeling good that wins, as Komako-chan writhes and shakes her head from side to side."
97200 ,,,,,2210020,,,,,,,,,,,,,,,"But as I kept licking that enticing little hollow persistently, my voice gradually began to take on a sweet tone."
97300 ,,,,,2210020,,主人公,＜名＞,,,,,,,,,,,,"It's okay. Komako-chan already knows how good it feels with her boobs and pussy, so she'll get off quickly here too."
97400 ,,,,,2210020,,コマコ,コマコ,201_KC01_k_047.wav,komako,,0,,,,,,,,"Nn...... It's weird, it's ticklish though......"
97500 ,,,,,2210020,,主人公,＜名＞,,,,,,,,,,,,Isn't it ticklish?
97600 ,,,,,2210020,,コマコ,コマコ,201_KC01_k_048.wav,komako,,0,,,,,,,,"If I lick it, it starts to feel tingling in my butt..."
97700 ,,,,,2210020,,,,,,,,,,,,,,,"She's really the genius of being horny, Komako-chan."
97800 ,,,,,2210020,,,,,,,,,,,,,,,"It seems like you're already starting to feel it on the sides. Well, they say that ticklish areas are undeveloped erogenous zones to begin with."
97900 ,,,,,2210020,,,,,,,,,,,,,,,"Komako-chan's body, which is straightforward about sexual pleasure, seemed to have instantly turned the ticklish sensation of having her armpits licked into pleasure thanks to my development."
98000 ,,,,,2210020,,主人公,＜名＞,,,,,,,,,,,,"Hey, you feel good too, right? Right?"
98100 ,,,,,2210020,,コマコ,コマコ,201_KC01_k_049.wav,komako,,0,,,,,,,,"So, but, doing something like that is weird. Never heard of it... huh?"
98200 ,,,,,2210020,,主人公,＜名＞,,,,,,,,,,,,"Because, that's what adults are like."
98300 ,,,,,2210020,,コマコ,コマコ,201_KC01_k_050.wav,komako,,0,,,,,,,,Looks pervy. Chii-chan... will she really be happy about it?
98400 ,,,,,2210020,,,,,,,,,,,,,,,"But maybe the anger hasn't subsided yet, and Komako-chan pouts like she's sulking and turns away."
98500 ,,,,,2210020,,,,,,,,,,,,,,,"I desperately tried to melt Komako-chan's anger with pleasure, pouring more passion into her side caresses with my tongue."
98600 ,,,,,2210020,,主人公,＜名＞,,,,,,,,,,,,"I'm happy about it! Because it feels good, right? If Komako-chan feels good, then chi-chan feels good too!"
98700 ,,,,,2210020,,コマコ,コマコ,201_KC01_k_051.wav,komako,,0,,,,,,,,"Uh, uhhhh...... well, but...... but......"
98800 ,,,,,2210020,,主人公,＜名＞,,,,,,,,,,,,"See? Doesn't that feel good? The way your thighs are tingling means you're getting into a naughty mood, right?"
98900 ,,,,,2210020,,コマコ,コマコ,201_KC01_k_052.wav,komako,,0,,,,,,,,"Huff... nnnnghhh... nnn~hhh... it, it's tingling, but..."
99000 ,,,,,2210020,,,,,,,,,,,,,,,"Koma-chan's armpits were glistening wet with saliva, dripping and shining."
99100 ,,,,,2210020,,,,,,,,,,,,,,,"Softly, but with a slightly firm hollow, a drop of saliva trickles down."
99200 ,,,,,2210020,,,,,,,,,,,,,,,"It feels as if that very spot has become a lewd sex organ, making me want to bite into it even more from the side."
99300 ,,,,,2210020,,,,,,,,,,,,,,,"It felt like Komako-chan's panties, pressed against my crotch through my pants, were getting warm and damp."
99400 ,,,,,2210020,,コマコ,コマコ,201_KC01_k_053.wav,komako,,0,,,,,,,,"So, but, just a little bit... that's why. It's not... a perverted feeling, you know?"
99500 ,,,,,2210020,,,,,,,,,,,,,,,But today's Komako-chan was a bit stubborn.
99600 ,,,,,2210020,,,,,,,,,,,,,,,"As if refusing to acknowledge the pleasure my body is feeling, she shakes her head back and forth with a troubled look."
99700 ,,,,,2210020,,,,,,,,,,,,,,,"Well, it seems like the anger toward the fact that I had to watch you and Chii do it right in front of me doesn't just disappear easily."
99800 ,,,,,2210020,,,,,,,,,,,,,,,Then!
99900 ,,,,,2210020,,主人公,＜名＞,,,,,,,,,,,,"Then, I'll make Komako-chan feel even better, okay!"
100100 ,,,,,2210030,,,,,,,,,,,,,,,"And so, I sucked on Komako-chan's breasts over her clothes."
100200 ,,,,,2210030,,コマコ,コマコ,201_KC01_k_054.wav,komako,,0,,,,,,,,"Hiiu... u, uncle, that's..."
100300 ,,,,,2210030,,,,,,,,,,,,,,,"Komako-chan seems to be resisting, shaking her head weakly."
100400 ,,,,,2210030,,,,,,,,,,,,,,,"But even then, I wouldn't pull my mouth away from her breasts. With my sweaty clothes sticking to me, I slurped and sucked on Komako-chan's breasts."
100500 ,,,,,2210030,,コマコ,コマコ,201_KC01_k_055.wav,komako,,0,,,,,,,,"Ahh, ahh... nooo, my chest, it's tingling... *hmm*."
100600 ,,,,,2210030,,主人公,＜名＞,,,,,,,,,,,,"You mentioned the other day that you told me about it. You remember, old man, when Komako-chan's tits jiggle around and it makes you feel horny, right?"
100700 ,,,,,2210030,,コマコ,コマコ,201_KC01_k_056.wav,komako,,0,,,,,,,,"Huuuuhhhh... y, with my tongue, like *kuru kuru*..."
100800 ,,,,,2210030,,主人公,＜名＞,,,,,,,,,,,,"Yeah, sucking on boobs feels good too, right?"
100900 ,,,,,2210030,,,,,,,,,,,,,,,"Just a light touch with my fingers, and Komako-chan's cute nipples are already stiff and hard."
101000 ,,,,,2210030,,,,,,,,,,,,,,,"Try gently licking or rolling around the soft, slightly protruding tip of the fluffy, tender breast with your tongue."
101100 ,,,,,2210030,,,,,,,,,,,,,,,"Each time Komako-chan would twitch in reaction and, as her heated ass started to get hot, she would push it hard against my erect cock."
101200 ,,,,,2210030,,コマコ,コマコ,201_KC01_k_057.wav,komako,,0,,,,,,,,"Oh, my boobs are all slippery... it's tingling, and it's throbbing... fwaaah."
101300 ,,,,,2210030,,主人公,＜名＞,,,,,,,,,,,,"Komako-chan, your butt is wiggling. Is it comfortable? You're starting to feel naughty, aren't you?"
101400 ,,,,,2210030,,コマコ,コマコ,201_KC01_k_058.wav,komako,,0,,,,,,,,It's not... like... nnghhh...
101500 ,,,,,2210030,,,,,,,,,,,,,,,"While saying that with her mouth, Komako-chan's face was getting sleepy. Her lips, which she had been tightly pursing just a moment ago, were now..."
101600 ,,,,,2210030,,コマコ,コマコ,201_KC01_k_059.wav,komako,,0,,,,,,,,Y-yah......f-fahs......the boobs are hot......nnghhh!
101700 ,,,,,2210030,,,,,,,,,,,,,,,"As I gently suck on Komako-chan's barely producing milk but slightly sweet breasts, they gradually start to open up more."
101800 ,,,,,2210030,,,,,,,,,,,,,,,That face is so sexy and cute that my dick is getting harder and harder.
101900 ,,,,,2210030,,,,,,,,,,,,,,,"Even through her pants and underwear, the soft and squishy area of Komako-chan felt so nice that, while rocking her hips and pressing against her like a dry hump, she continued to suck on her nipples."
102000 ,,,,,2210030,,コマコ,コマコ,201_KC01_k_060.wav,komako,,0,,,,,,,,Uh-uh-uh-uh-uh... ugh... huff... huff...
102100 ,,,,,2210030,,主人公,＜名＞,,,,,,,,,,,,How's it going? Feeling better now?
102200 ,,,,,2210030,,コマコ,コマコ,201_KC01_k_061.wav,komako,,0,,,,,,,,"I don't know, don't get my clothes dirty anymore... yyaaaaaahhh!"
102300 ,,,,,2210030,,,,,,,,,,,,,,,Komako-chan is really stubborn today.
102400 ,,,,,2210030,,,,,,,,,,,,,,,It's so natural and feels so good for her to respond to the old man's tongue with her breasts.
102500 ,,,,,2210030,,,,,,,,,,,,,,,"But, I did get your clothes dirty, which was definitely bad, wasn't it?"
102600 ,,,,,2210030,,主人公,＜名＞,,,,,,,,,,,,"Sorry, I'll wash it properly later. But don't you think it feels good when I press my chest against your clothes like this and give it a little kiss?"
102700 ,,,,,2210030,,コマコ,コマコ,201_KC01_k_062.wav,komako,,0,,,,,,,,''Hiiiiii
102800 ,,,,,2210030,,主人公,＜名＞,,,,,,,,,,,,"Even if you do it this way, it doesn't really hurt..."
102900 ,,,,,2210030,,,,,,,,,,,,,,,"Komako-chan seemed to like having her nipples gently pinched, so she thought back to that and gave a light, sweet little bite."
103000 ,,,,,2210030,,コマコ,コマコ,201_KC01_k_063.wav,komako,,0,,,,,,,,Hyafuuuu▼
103100 ,,,,,2210030,,,,,,,,,,,,,,,"She let out a voice so sweet it made me jump, and Komako-chan fell backward."
103200 ,,,,,2210030,,,,,,,,,,,,,,,"I can see that my saliva has soaked through, making my nipples hard and swollen."
103300 ,,,,,2210030,,,,,,,,,,,,,,,"She roughly moved her tongue back and forth over the exposed weak spot, rubbing it."
103400 ,,,,,2210030,,コマコ,コマコ,201_KC01_k_064.wav,komako,,0,,,,,,,,''Haaaaaa
103500 ,,,,,2210030,,,,,,,,,,,,,,,"Because of the light bite, maybe she became sensitive, Komako-chan is wide-eyed and trembling."
103600 ,,,,,2210030,,,,,,,,,,,,,,,"I can't seem to put any strength into my body anymore, and there's hardly any resistance at all."
103700 ,,,,,2210030,,,,,,,,,,,,,,,"But with the stimulation to her breasts making the itch between her thighs unbearable, her ass was writhing seductively all on its own."
103800 ,,,,,2210030,,主人公,＜名＞,,,,,,,,,,,,"Ah, Komako-chan is too cute! If something like that happens, Uncle can't hold it in anymore!"
103900 ,,,,,2210030,,,,,,,,,,,,,,,"The cock, just about to cum, couldn't hold back any longer and was forcefully thrusting into the slippery, wet slit of Komako-chan."
104000 ,,,,,2210030,,コマコ,コマコ,201_KC01_k_065.wav,komako,,0,,,,,,,,Ah... hah...
104100 ,,,,,2210030,,主人公,＜名＞,,,,,,,,,,,,"Komako-chan also seems to be in a super horny mood now. Let's go for it, let's go for it, mmmm~!"
104300 ,,,,,2210040,,,,,,,,,,,,,,,"I let out a rough breath and pressed my lips against Komako-chan's lips, which were left wide open."
104400 ,,,,,2210040,,,,,,,,,,,,,,,Komako-chan would never close her lips tightly again.
104500 ,,,,,2210040,,コマコ,コマコ,201_KC01_k_066.wav,komako,,0,,,,,,,,Nnmuuuu~! N~! N~!
104600 ,,,,,2210040,,,,,,,,,,,,,,,She immediately thrusts her tongue in.
104700 ,,,,,2210040,,,,,,,,,,,,,,,"Wow, it's sweet!"
104800 ,,,,,2210040,,主人公,＜名＞,,,,,,,,,,,,"Nnchu... nn, it's amazing... Komako-chan's drool is as sweet as syrup... chup."
104900 ,,,,,2210040,,コマコ,コマコ,201_KC01_k_067.wav,komako,,0,,,,,,,,"Nnn~gghhh, mhuuuu... mhuu~gghhh"
105000 ,,,,,2210040,,,,,,,,,,,,,,,It was like an aphrodisiac. Komako-chan's small and cute mouth was incredibly sweet.
105100 ,,,,,2210040,,,,,,,,,,,,,,,"Just by twisting my tongue inside, her cheeks are puffing out. I thoroughly enjoyed her adorable mouth."
105200 ,,,,,2210040,,,,,,,,,,,,,,,"Lick up the upper jaw slowly, then trace the inside of the front teeth with your tongue in a leisurely, sloppy way."
105300 ,,,,,2210040,,コマコ,コマコ,201_KC01_k_068.wav,komako,,0,,,,,,,,"Nnpuh, nfuhh, nnnntt!"
105400 ,,,,,2210040,,,,,,,,,,,,,,,"Komako-chan seemed to really enjoy deep kissing, as she was teary-eyed and trembling all over."
105500 ,,,,,2210040,,,,,,,,,,,,,,,"My waist is aching and moving stiffly, so it must feel really good, huh."
105600 ,,,,,2210040,,,,,,,,,,,,,,,You have to do more and more naughty things to Komako-chan so she can feel good too.
105700 ,,,,,2210040,,コマコ,コマコ,201_KC01_k_069.wav,komako,,0,,,,,,,,Muuuuu......nnn、Nn......nnhhhh
105800 ,,,,,2210040,,,,,,,,,,,,,,,"She tries to shrink back in shame, that shy little Komako-chan, but I wrap my tongue around hers and rub it against it, slurping wetly."
105900 ,,,,,2210040,,コマコ,コマコ,201_KC01_k_070.wav,komako,,0,,,,,,,,"Nnpuuuuuu, fuuuuuu, nmuuuuuu!"
106000 ,,,,,2210040,,,,,,,,,,,,,,,"I felt like you were about to push me away, so I quickly sucked in that spot."
106100 ,,,,,2210040,,,,,,,,,,,,,,,"While gently biting down on Komako-chan's tongue, she guides it into my mouth instead."
106200 ,,,,,2210040,,コマコ,コマコ,201_KC01_k_071.wav,komako,,0,,,,,,,,Nnkuu...... the old man's... mouth... tastes weird...
106300 ,,,,,2210040,,,,,,,,,,,,,,,"I... well, I do try to brush my teeth and all, but maybe I still smell like old age, huh?"
106400 ,,,,,2210040,,,,,,,,,,,,,,,"But even then, my excitement wasn't weak enough to stop over something like that."
106500 ,,,,,2210040,,コマコ,コマコ,201_KC01_k_072.wav,komako,,0,,,,,,,,''Hiiiiii
106600 ,,,,,2210040,,,,,,,,,,,,,,,A single tear rolls down from Komako-chan's eye.
106700 ,,,,,2210040,,コマコ,コマコ,201_KC01_k_073.wav,komako,,0,,,,,,,,Chii-chan... Chii-chaaaan...
106800 ,,,,,2210040,,,,,,,,,,,,,,,"Komako-chan, calling out Chi-chan's name while crying. She seems to be getting really upset."
106900 ,,,,,2210040,,,,,,,,,,,,,,,"Right now, you're making Komako-chan feel good while only thinking about Chi-chan. But it's actually Uncle-sama doing it."
107000 ,,,,,2210040,,主人公,＜名＞,,,,,,,,,,,,"Komako-chan, this is also to get along with Michi-chan. Come on, practice, practice!"
107100 ,,,,,2210040,,コマコ,コマコ,201_KC01_k_074.wav,komako,,0,,,,,,,,"Nn, nmu~!!"
107200 ,,,,,2210040,,,,,,,,,,,,,,,The bitter feeling only makes the desire burn even more.
107300 ,,,,,2210040,,,,,,,,,,,,,,,"I decided to do it with Chi-chan, but make me feel like today's kiss is way better than that kiss."
107400 ,,,,,2210040,,,,,,,,,,,,,,,I roughly and forcefully violated Komako-chan's mouth and tongue.
107500 ,,,,,2210040,,コマコ,コマコ,201_KC01_k_075.wav,komako,,0,,,,,,,,"Nnmuuuu, nnn, nnnnn～uuuuu!"
107600 ,,,,,2210040,,,,,,,,,,,,,,,"Lick the underside of tongue with a re-re sound. Run your tongue up and down the gum line, taste it. Suck the tip of tongue and give it a gentle bite. Try sucking on lips too, making a ch-ch sound...."
107700 ,,,,,2210040,,,,,,,,,,,,,,,"If you repeat that, Komako-chan's body started to shake violently."
107800 ,,,,,2210040,,コマコ,コマコ,201_KC01_k_076.wav,komako,,0,,,,,,,,"Hmmm... h, ggh... nnghhh, nnghhh!"
107900 ,,,,,2210040,,,,,,,,,,,,,,,"Instead of her ass, she was writhing her whole body and finally accepted my tongue obediently, drooling from her lips in a sticky manner."
108000 ,,,,,2210040,,,,,,,,,,,,,,,You look completely lost in kissing.
108100 ,,,,,2210040,,,,,,,,,,,,,,,"Such a cute Komako-chan is so cute, so cute, that my hips can't stop moving."
108200 ,,,,,2210040,,主人公,＜名＞,,,,,,,,,,,,"Ahhh, Komako-chan, Komako-chan! Just being with Komako-chan makes me feel so good!"
108300 ,,,,,2210040,,コマコ,コマコ,201_KC01_k_077.wav,komako,,0,,,,,,,,Y-yahhh... nmuuuuuhhh!
108400 ,,,,,2210040,,主人公,＜名＞,,,,,,,,,,,,"Oh no, while I'm in the middle of it with Komako-chan, I'm gonna cum, Mr. Uncle..."
108500 ,,,,,2210040,,,,,,,,,,,,,,,"With all my might, I sucked on Komako-chan's tongue while thrusting my dick against her crotch with such force that it seemed like I could break through her pants and insert it all the way in."
108600 ,,<!ef_shasei_l>,,,2210040,,,,,,,,,,,,,,,"*whoosh, whoosh!*"
108700 ,,,,,2210040,,コマコ,コマコ,201_KC01_k_078.wav,komako,,0,,,,,,,,"H-h, uuuhhh..."
108800 ,,,,,2210040,,,,,,,,,,,,,,,"Komako-chan was shedding tears as she clung to my tongue with her cute lips, giving a little *chup*."
108900 ,,<!ef_shasei>,,,2210040,,主人公,＜名＞,,,,,,,,,,,,Fuuuuuuu...
109000 ,,,,,2210040,,,,,,,,,,,,,,,"At the moment of ejaculation, something like that happens and a strange sound comes out."
109100 ,,<!ef_shasei_l>,,,2210040,,,,,,,,,,,,,,,"I savored Komako-chan's sweet, fragrant, and soft lips until I had finished ejaculating all my thick semen."
109300 ,$event_return,,,,,,,,,,,,,,,,,,,
109400 ,,<!scene_h_end>,8,31,,,コマコ,コマコ,201_KC01_k_079.wav,komakoL,,22,,,,,,,,Haaaa... haaa... haaa... haaa...
109500 ,,,,,,,主人公,＜名＞,,komakoL,,22,,,,,,,,Haaaa... haaa... haaa... haaa...
109600 ,,,,,,,,,,komakoL,,22,,,,,,,,"After parting their lips for a while, Komako-chan was still in a daze."
109700 ,,,,,,,,,,komakoL,,22,,,,,,,,"The slight swelling of the breasts is being moved up and down, with breathing becoming rough."
109800 ,,,,,,,コマコ,コマコ,201_KC01_k_080.wav,komakoL,,36,,,,,,,,"''Huh?!'' or ''Huhuh?!'' (depending on context, often used to express surprise or confusion)"
109900 ,,,,,,,,,,komakoL,,36,,,,,,,,"Eventually, eyes filled with tears looked over here."
110000 ,,,,,,,,,,komakoL,,36,,,,,,,,The cushion is tightly gripped in your right hand.
110100 ,,,,,,,コマコ,コマコ,201_KC01_k_081.wav,komakoL,,31,,,,,,,,You idiot!
110200 ,,,,,,,,,,komakoL,,31,,,,,,,,Bash!
110300 ,,,,,,,コマコ,コマコ,201_KC01_k_082.wav,komakoL,,8,,,,,,,,''Stupid! Stupid! Stupid! Stupid!
110400 ,,,,,,,,,,komakoL,,8,,,,,,,,"Snap, snap, snap, snap!"
110500 ,,,,,,,,,,komakoL,,8,,,,,,,,"It was like a repeat of just now, and Komako-chan kept hitting me with the zabuton over and over again."
110600 ,,,,,,,主人公,＜名＞,,komakoL,,8,,,,,,,,"Wah, wahhh, you don't have to get that angry... didn't Komako-chan feel good too?"
110700 ,,,,,,,コマコ,コマコ,201_KC01_k_083.wav,komakoL,,31,,,,,,,,～っっっ！'' → ''～!!!!!
110800 ,,,,,,,,,,komakoL,,31,,,,,,,,"With tears overflowing, Komako-chan swings the zabuton down with even more force."
110900 ,,,,,,,,,,komakoL,,31,,,,,,,,"As the wilting dick went along, my scattered rationality began to return little by little. Or rather, it was just that I felt so guilty watching you cry like that."
111000 ,,,,,,,主人公,＜名＞,,komakoL,,31,,,,,,,,...Did you really hate that kind of thing with that old man so much?
111100 ,,,,,,,コマコ,コマコ,201_KC01_k_084.wav,komako,,28,,,,,,,,"You said to stop it many times, didn't you?"
111200 ,,,,,,,主人公,＜名＞,,komako,,28,,,,,,,,...sorry
111300 ,,,,,,,,,,komako,,28,,,,,,,,"But, Komako-chan was too cute, and she kept talking about Chi-chan, so... maybe that's why Uncle couldn't hold back anymore."
111400 ,,,,,,,コマコ,コマコ,201_KC01_k_085.wav,komako,,30,,,,,,,,"...Uncle, I hate it."
111500 ,,,,,,,主人公,＜名＞,,komako,,30,,,,,,,,Komako-chan!
111600 ,,,,,,,,,,komako,,30,,,,,,,,"Uuuaaaah, this time for sure, I really got hated?!"
111700 ,,,,,,,,,,komako,,3,,,,,,,,I couldn't help but cling to Komako-chan.
111800 ,,,,,,,主人公,＜名＞,,komako,,30,,,,,,,,"Sorry! Really sorry! But, uncle, I wanted to be with Komako-chan more than Chichan!"
111900 ,,,,,,,コマコ,コマコ,201_KC01_k_086.wav,komako,,35,,,,,,,,...so?
112000 ,,,,,,,主人公,＜名＞,,komako,,35,,,,,,,,"I like Komako-chan so much! Just like how Komako-chan wanted to kiss chi-chan, I also wanted to kiss Komako-chan toooo~!"
112100 ,,,,,,,,,,komako,,35,,,,,,,,"When I said that desperately, I felt that Komako-chan's stern face softened just a little."
112200 ,,,,,,,,,,komako,,35,,,,,,,,"But then, they'd immediately turn away with a pout."
112300 ,,,,,,,コマコ,コマコ,201_KC01_k_087.wav,komako,,10,,,,,,,,...but no. Still hate it. Won't forgive it.
112400 ,,,,,,,主人公,＜名＞,,komako,,10,,,,,,,,"Come on! I'll do anything, just forgive me... please, like this!"
112500 ,,,,,,,,,,komako,,10,,,,,,,,Clasp your hands together and rub your head against the tatami mat.
112600 ,,,,,,,コマコ,コマコ,201_KC01_k_088.wav,komako,,30,,,,,,,,...No.
112700 ,,,,,,,,,,komako,,30,,,,,,,,But what came back was cold words.
112800 ,,,,,,,,,,komako,,30,,,,,,,,"Ugh... there's no choice. It's frustrating, but I guess I have to use the heirloom sword here..."
112900 ,,,,,,,主人公,＜名＞,,komako,,30,,,,,,,,"Got it. I'll teach you how to do it with Chi-chan, so please forgive me."
113000 ,,,,,,,コマコ,コマコ,201_KC01_k_089.wav,komako,,23,,,,,,,,......Really?
113100 ,,,,,,,,,,komako,,23,,,,,,,,"As expected, Komako-chan did react, but... ugh, I still feel restless."
113200 ,,,,,,,,,,komako,,23,,,,,,,,"But, it seems like she won't forgive me unless it's this way. It's way better than being hated... right?"
113300 ,,,,,,,主人公,＜名＞,,komako,,23,,,,,,,,"Yeah, that's true. Even before now, Uncle hasn't lied to Komako-chan, has he?"
113400 ,,,,,,,コマコ,コマコ,201_KC01_k_090.wav,komako,,13,,,,,,,,...Okay. But I won't allow you to actually do it with Chi-chan until then.
113500 ,,,,,,,主人公,＜名＞,,komako,,13,,,,,,,,"Yeah, it's fine. I'll definitely be able to do it with Chi-chan."
113600 ,,,,,,,コマコ,コマコ,201_KC01_k_091.wav,komako,,3,,,,,,,,So what should I do?
113700 ,,,,,,,,,,komako,,3,,,,,,,,Komako-chan leans forward with a face full of curiosity.
113800 ,,,,,,,,,,komako,,3,,,,,,,,"Well, I said it lightly, but do you think there's a way like that?"
113900 ,,,,,,,,,,komako,,3,,,,,,,,"Well, but if I don't say anything here, I'll really be hated, and uh, uh―what's a way that would make Chichan do it for me? Oh! I've got it!"
114000 ,,,,,,,主人公,＜名＞,,komako,,3,,,,,,,,"Ah, you know, there's that long, thin ramune-shaped snack, right? Chi-chan loves that, doesn't she?"
114100 ,,,,,,,コマコ,コマコ,201_KC01_k_092.wav,komako,,23,,,,,,,,Is it the one shaped like a cigarette? Yeah. Chi-chan loves Cola Cigarettes so much!
114200 ,,,,,,,主人公,＜名＞,,komako,,23,,,,,,,,"''Komako-chan is supposed to bite the opposite side of that and we'll split it in half,'' she told Chi-chan."
114300 ,,,,,,,主人公,＜名＞,,komako,,23,,,,,,,,"We're going to eat together with Komako-chan and chi-chan, from opposite ends at the same time. If we do that, I think we can kiss at the end."
114400 ,,,,,,,,,,komako,,23,,,,,,,,"In other words, it's a so-called urban legend game, like a blind date or something, using Fretzel cookies."
114500 ,,,,,,,,,,komako,,23,,,,,,,,"But my shop is a candy store, so... here, I can only substitute with cigarette-flavored ramune."
114600 ,,,,,,,,,,komako,,23,,,,,,,,"Komako-chan was initially confused, but after thinking for a moment, she seemed to figure out what to do."
114700 ,,,,,,,コマコ,コマコ,201_KC01_k_093.wav,komako,,24,,,,,,,,That might be good.
114800 ,,,,,,,,,,komako,,24,,,,,,,,"Her eyes are sparkling. Good, I'm glad you're happy about it."
114900 ,,,,,,,,,,komako,,24,,,,,,,,"No, it's complicated though."
115000 ,,,,,,,,,,komako,,24,,,,,,,,"Well, even a sloppy plan like this probably won't work out."
115100 ,,,,,,,,,,komako,,24,,,,,,,,"But if it doesn't go well, won't Komako-chan forgive me? Hmm..."
115200 ,,,,,,,コマコ,コマコ,201_KC01_k_094.wav,komako,,1,,,,,,,,I'll try it tomorrow.
115300 ,,,,,,,主人公,＜名＞,,komako,,1,,,,,,,,"Okay, do your best. I'll prepare some cola cigarettes."
115400 ,,,,,,,コマコ,コマコ,201_KC01_k_095.wav,komako,,21,,,,,,,,Uh-huh.
115500 ,,,,,,,,,,komako,,21,,,,,,,,"Komako-chan, gazing into the sky and looking all dreamy, must already be dreaming about kissing Chi-chan."
115600 ,,,,,,,,,,komako,,21,,,,,,,,That face looks so happy and cute....
115700 ,,,,,,,,,,komako,,21,,,,,,,,"So, after all, I was still a little bothered and ended up feeling jealous of Chi-chan."
115800 ,,<!Lend_day_change>,0,9000,,,,,,,,,,,,,,,,
116000 ,@202_KC02,,,,,,,,,,,,,,,,,,,
116300 ,,<!Lbegin_day_change>,6,31,,,甜花,甜花,202_KC02_t_000.wav,,,,,,,"tenka,private",,34,",Fwaaaahs..."
116400 ,,,,,,,,,,,,,,,,tenka,,34,,"As usual, everyone ate lunch together, and then Tenka-chan yawned widely."
116500 ,,,,,,,,,,,,,,,,tenka,,34,,The cute eyes are slightly bloodshot like a rabbit.
116600 ,,,,,,,千恵,千恵,202_KC02_c_000.wav,,,,"chie,privateC",,4,tenka,,34,",'Tenkachan, looks like you're sleepy~'"
116700 ,,,,,,,甜花,甜花,202_KC02_t_001.wav,,,,chie,,4,tenka,,21,,"Hmm, I went to bed a little late yesterday. But if I overslept, Mom would find out I stayed up late."
116800 ,,,,,,,コマコ,コマコ,202_KC02_k_000.wav,"komako,privateC",,23,,,,tenka,,12,",What were you doing?"
116900 ,,,,,,,甜花,甜花,202_KC02_t_002.wav,komako,,23,,,,tenka,,0,,"'LIME...... though I doubt you guys would get it. I got a message from a friend over there, so we talked late into the night.'"
117000 ,,,,,,,,,,,,,,,,,,,,"Oh, it's one of those things where you end up staying up late just chatting, isn't it?"
117100 ,,,,,,,,,,,,,,,,,,,,"Tenka-chan, before, she was really upset because her friends from before didn't reply to her LINE messages anymore."
117200 ,,,,,,,,,,,,,,,,,,,,"It's been a while since I got a message, so of course I'd be thrilled, yeah, yeah."
117300 ,,,,,,,千恵,千恵,202_KC02_c_001.wav,,,,chie,,4,,,,,"Hey~, staying up late and making long phone calls, huh? Tenka-chan, you're such a man!"
117400 ,,,,,,,甜花,甜花,202_KC02_t_003.wav,,,,chie,,4,tenka,,32,,"It's not a phone call, though... well, whatever. But if I get caught using my smartphone late at night, Mom might confiscate it. Ugh, I'm so tired anyway."
117500 ,,,,,,,コマコ,コマコ,202_KC02_k_001.wav,komako,,23,,,,,,,,Want to take a little nap?
117600 ,,,,,,,甜花,甜花,202_KC02_t_004.wav,,,,,,,tenka,,14,,"Sorry, but I'll have to do it like that... I'm at my limit... ugh..."
117700 ,,,,,,,,,,,,,,,,,,,,"As she said that, Tenka-chan flopped onto the tatami and started snoring softly."
117800 ,,,,,,,,,,,,,,,,,,,,That kind of unguarded appearance is rare for Tenka-chan. She must have been really sleepy.
117900 ,,,,,,,,,,,,,,,,,,,,Or maybe it's just that you've grown too trusting of Chi-chan and Komako-chan.
118000 ,,,,,,,主人公,＜名＞,,,,,,,,,,,,"Will Chi-chan and the others take a nap too? When it's time to go, Uncle will wake you up."
118100 ,,,,,,,,,,,,,,,,,,,,"Not that I have any ulterior motives, but I said it purely out of kindness."
118200 ,,,,,,,,,,,,,,,,,,,,But Chichan shook her head side to side with a shiver.
118300 ,,,,,,,千恵,千恵,202_KC02_c_002.wav,,,,chie,,0,,,,,Chi-chan isn't sleepy at all! But maybe she's hungry...
118400 ,,,,,,,主人公,＜名＞,,,,,chie,,0,,,,,"Hmm, as always, Chii-chan eats a lot. Should I buy something?"
118500 ,,,,,,,千恵,千恵,202_KC02_c_003.wav,,,,chie,,34,,,,,"Uh... but, Chi-chan, we don't have any money..."
118600 ,,,,,,,,,,,,,chie,,34,,,,,Chii-chan slumps her shoulders dejectedly.
118700 ,,,,,,,,,,,,,chie,,34,,,,,Komako-chan pulled on the sleeve of that Chi-chan with a *kui kui* sound.
118800 ,,,,,,,コマコ,コマコ,202_KC02_k_002.wav,komako,,16,chie,,34,,,,,"Chii-chan, I'm going to buy a cola cigarette, but can I eat half of it?"
118900 ,,,,,,,,,,komako,,16,chie,,34,,,,,"Oh, I see! Since Amanohana is asleep, right now, this room is basically just Chi-chan and Komako-chan's place―well, I'm here too, but..."
119000 ,,,,,,,,,,komako,,16,chie,,34,,,,,Komako-chan said she wanted to try the strategy I taught her yesterday right away.
119100 ,,,,,,,千恵,千恵,202_KC02_c_004.wav,komako,,16,chie,,24,,,,,I love cola cigarettes! But is it okay? Isn't it for Komako-chan?
119200 ,,,,,,,コマコ,コマコ,202_KC02_k_003.wav,komako,,11,chie,,24,,,,,"Well, we don't need all of it, so if Chi-chan wants to eat it, let's split it in half?"
119300 ,,,,,,,コマコ,コマコ,202_KC02_k_003a.wav,komako,,11,chie,,24,,,,,"How about, whenever you want, if chi-chan can't finish her snacks, you can have half of them?"
119400 ,,,,,,,千恵,千恵,202_KC02_c_005.wav,komako,,11,chie,,1,,,,,"Yeah, that's fine!"
119500 ,,,,,,,,,,komako,,22,chie,,1,,,,,Chii-chan nods cheerfully and innocently.
119600 ,,,,,,,,,,komako,,22,chie,,1,,,,,"It's like there's this innocent, almost angelic halo behind her―so cute. Yeah, I get why Komako-chan would fall for Chi-chan. Totally makes sense, you know?"
119700 ,,,,,,,コマコ,コマコ,202_KC02_k_004.wav,"komakoL,privateC",,27,,,,,,,",'Uncle, this one.'"
119800 ,,,,,,,,,,komakoL,,27,,,,,,,,Komako-chan stared up at me intently and handed over a fifty-yen coin.
119900 ,,,,,,,,,,komakoL,,27,,,,,,,,"Yeah, I get it, I get it, Komako-chan. That look in your eyes is saying you want to be alone with Chi-chan and me, right?"
120000 ,,,,,,,,,,komakoL,,27,,,,,,,,"Uuuu, ojisan, it's frustrating, but if I can't be with Komako-chan and Chi-chan, Komako-chan won't forgive me anyway...."
120100 ,,,,,,,主人公,＜名＞,,komakoL,,27,,,,,,,,"Got it, one cola cigarette, huh?"
120200 ,,,,,,,,,,komakoL,,27,,,,,,,,"While harboring a lot of jealousy in my heart, I handed over a small red box."
120300 ,,,,41,,,主人公,＜名＞,,komakoL,,27,,,,,,,,"Well, uncle, I'll be watching the store outside, so if anything happens, call me, okay?"
120400 ,,,,,,,コマコ,コマコ,202_KC02_k_005.wav,komako,,20,,,,,,,,...I see.
120500 ,,,,,,,,,,komako,,20,,,,,,,,"Komako-chan gave a faint, but incredibly happy-looking smile."
120600 ,,,,,,,,,,komako,,20,,,,,,,,"Oh, so you're really happy to be alone with Chi-chan, huh? Ugh, it's frustrating, Uncle! But it's so cute that I can't help but feel all tingly!"
120700 ,,,,,,,,,,komako,,20,,,,,,,,"If things have come to this, if the two of them can get close, I won't just get permission―I'll definitely get a reward from Komako-chan!"
120800 ,,,,,,,,,,komako,,20,,,,,,,,"Because, you should be cooperating that much with me, right?"
120900 ,,,,,,,主人公,＜名＞,,,,,,,,,,,,Well... see you later then!
121000 ,,<!move_short>,,21,,,,,,,,,,,,,,,,"With a firm resolve in my heart, I quietly stepped out toward the storefront."
121200 ,,<!move_short_r>,15,31,,,,,,,,,,,,,,,,"Well, it's like they're pretending to look, but they're actually peeking through the sliding door's gap in secret!"
121300 ,,,,,,,千恵,千恵,202_KC02_c_006.wav,komako,,22,chie,,21,,,,,"Woo-hoo, I love cola cigarettes! Let's eat them soon, I'm so excited! ♪"
121400 ,,,,,,,コマコ,コマコ,202_KC02_k_006.wav,komako,,24,chie,,21,,,,,Wait a minute...... huh?
121500 ,,,,,,,千恵,千恵,202_KC02_c_007.wav,komako,,33,chie,,3,,,,,?
121600 ,,,,,,,,,,komako,,33,chie,,3,,,,,"Komako-chan sticks out a long, thin ramune candy toward Chi-chan's direction with it in her mouth, saying ''nntto.''"
121700 ,,,,,,,,,,komako,,33,chie,,3,,,,,Chii-chan looked with a blank expression.
121800 ,,,,,,,千恵,千恵,202_KC02_c_008.wav,komako,,33,chie,,0,,,,,"Koma-chan, what's wrong? Oh, I'll take one!"
121900 ,,,,,,,,,,komako,,33,chie,,0,,,,,Chii-chan reaches into the bag that Komako-chan is holding.
122000 ,,,,,,,コマコ,コマコ,202_KC02_k_007.wav,komako,,24,chie,,0,,,,,D-Damn it!
122100 ,,,,,,,,,,komako,,24,chie,,0,,,,,A cigarette from Komako-chan's mouth falls out and drops to the ground.
122200 ,,,,,,,,,,komako,,24,chie,,0,,,,,"Oh, I want to run over and lick that right now! Not doing it though!"
122300 ,,,,,,,千恵,千恵,202_KC02_c_009.wav,komako,,24,chie,,14,,,,,"Huh? Why? You said we'd split it in half, right? So... does that mean I can't have any?"
122400 ,,,,,,,,,,,,,chie,,14,,,,,"Komako-chan reflexively pulled her hand away, so Chi-chan made a sad face."
122500 ,,,,,,,コマコ,コマコ,202_KC02_k_008.wav,komako,,13,chie,,14,,,,,"No, that's not it! I mean, um... we should eat together, just the two of us."
122600 ,,,,,,,千恵,千恵,202_KC02_c_010.wav,komako,,13,chie,,3,,,,,"Shall we do it together, the two of us?"
122700 ,,,,,,,コマコ,コマコ,202_KC02_k_009.wav,komako,,2,chie,,3,,,,,"Uh, yeah, I heard that eating both ends together like this is delicious.... Wanna try it?"
122800 ,,,,,,,,,,komako,,2,chie,,3,,,,,"Coma-chan asks timidly, explaining as she looks up with a cute upward gaze."
122900 ,,,,,,,,,,komako,,2,chie,,3,,,,,"The sad part is that it's not directed at me, though..."
123000 ,,,,,,,千恵,千恵,202_KC02_c_011.wav,komako,,2,chie,,1,,,,,"Is it going to taste good!? Yeah, I got it! Let's try it!"
123100 ,,,,,,,コマコ,コマコ,202_KC02_k_010.wav,komako,,22,chie,,1,,,,,Ahhhh!
123200 ,,,,,,,,,,komako,,22,chie,,1,,,,,Komako-chan takes a small victory pose and then puts the snack into her cherry-like cute lips again.
123300 ,,,,,,,,,,komako,,22,chie,,1,,,,,"Ah, yesterday, the lips of Komako-chan, which I kissed so much... are being taken by Chi-chan right in front of me!"
123400 ,,,,,,,コマコ,コマコ,202_KC02_k_011.wav,komako,,16,chie,,1,,,,,Hmm~...
123500 ,,,,,,,千恵,千恵,202_KC02_c_012.wav,komako,,16,chie,,21,,,,,"Hmm... nngh, pol, nmu..."
123600 ,,,,,,,コマコ,コマコ,202_KC02_k_012.wav,komako,,13,chie,,21,,,,,Nn......pori pori......
123700 ,,,,,,,,,,komako,,13,chie,,21,,,,,"Ahhhhh, the two lips gradually getting closer and closer..."
123800 ,,,,31,,,コマコ,コマコ,202_KC02_k_013.wav,komako,,2,chie,,21,,,,,chuu▼
123900 ,,<s_fade time=""700"" type=""wipe"" param=""dir=right&width=500"">,,21,,,,,,,,,,,,,,,,Damn it! I finally did it!
124000 ,,,,,,,,,,,,,,,,,,,,My chest hurts... but kissing another girl makes me feel all fluttery.
124100 ,,,,,,,,,,,,,,,,,,,,"Komako-chan with her cheeks flushed red and looking so happy is also cute, and Chi-chan innocently smiling away is also cute."
124200 ,,,,,,,,,,,,,,,,,,,,"It's nice to see the two of them having fun and being happy, but it's making me feel all moody and... my dick is getting hard. Is this what they call NTR?"
124300 ,,<s_fade time=""700"" type=""wipe"" param=""dir=left&width=500"">,,31,,,千恵,千恵,202_KC02_c_013.wav,chie,,1,,,,,,,,Really! It seems like the place where Komako-chan ate is making a *shuwaa*―sound and it smells delicious! Amazing!
124400 ,,,,,,,,,,chie,,1,,,,,,,,"Maybe it's just my imagination, but... Chii-chan is so honest."
124500 ,,,,,,,,,,chie,,1,,,,,,,,"But even I think that if I can do it with Komako-chan, even if it's snacks I've eaten until I'm sick of them, I'm totally confident they'll taste amazingly delicious!"
124600 ,,,,,,,コマコ,コマコ,202_KC02_k_014.wav,chie,,1,komako,,22,,,,,"Uh, do you want to eat more?"
124700 ,,,,,,,,,,chie,,1,komako,,22,,,,,"After her first success, Komako-chan, emboldened, takes a second cigarette in hand."
124800 ,,,,,,,千恵,千恵,202_KC02_c_014.wav,chie,,21,komako,,22,,,,,Yeah! Aaah~!
124900 ,,,,,,,コマコ,コマコ,202_KC02_k_015.wav,chie,,21,komako,,2,,,,,Uh-uh! Uh-uh! Uh-uh!
125000 ,,,,,,,,,,chie,,21,komako,,2,,,,,"Cheerfully opening her mouth wide like ''a~n'' for Coma-chan's ch?... I mean, for the cola cigarette, waiting for Chi-chan."
125100 ,,,,,,,,,,chie,,21,komako,,2,,,,,"She's completely melting at that angelic, innocent cuteness of Komako-chan's."
125200 ,,,,,,,,,,chie,,21,komako,,2,,,,,"Uh, I wanted to be born as a cute girl like a little girl, like an old man."
125300 ,,,,,,,コマコ,コマコ,202_KC02_k_016.wav,chie,,21,komako,,22,,,,,"Mmm, munch, munch. It's delicious, Chi-chan."
125400 ,,,,,,,千恵,千恵,202_KC02_c_015.wav,chie,,1,komako,,22,,,,,"Chu, chu♪ Yeah, it's delicious, Komako-chan."
125500 ,,,,,,,,,,chie,,1,komako,,22,,,,,"And then, as I tightly clenched my handkerchief, Komako-chan and Chi-chan repeatedly shared sweet chocolate-flavored kisses."
125700 ,,<!timepass_middle>,8,31,,,甜花,甜花,202_KC02_t_005.wav,,,,,,,tenka,,4,,Liar!? It's already this late? I'm leaving because TV is starting!
125800 ,,,,,,,千恵,千恵,202_KC02_c_016.wav,chie,,3,,,,,,,,"Ah, Chi-chan is about to leave too, huh? What about Komachi..."
125900 ,,,,,,,,,,chie,,3,,,,,,,,Komako-chan is in the toilet.
126000 ,,,,,,,,,,chie,,3,,,,,,,,"Without missing this perfect timing, I tell a little lie to Chi-chan and the others so that I can be alone with Komako-chan."
126100 ,,,,,,,主人公,＜名＞,,chie,,3,,,,,,,,"Oh, Komako seems like she's going to stay a little longer, so you can go ahead and leave first."
126200 ,,,,,,,千恵,千恵,202_KC02_c_017.wav,chie,,1,,,,,,,,"Got it! Okay, see you tomorrow, Uncle!"
126300 ,,,,,,,,,,,,,,,,,,,,That's how Tenka-chan and Chi-chan left.
126500 ,,<!timepass_quick>,,,,,コマコ,コマコ,202_KC02_k_017.wav,"komako,privateC",,4,,,,,,,",Hmm? Where are the Chi-chan kids?"
126600 ,,,,,,,主人公,＜名＞,,komako,,4,,,,,,,,I just got back. I was leaving at that time.
126700 ,,,,,,,コマコ,コマコ,202_KC02_k_018.wav,komako,,32,,,,,,,,Muuu~... You could have waited for me to come back.
126800 ,,,,,,,,,,komako,,32,,,,,,,,Komako-chan pouts her cheeks slightly discontentedly. Even that face is cute. I want to eat her up.
126900 ,,,,,,,主人公,＜名＞,,komako,,32,,,,,,,,"Well, well, but more importantly... did things go well with Chii-chan?"
127000 ,,,,,,,コマコ,コマコ,202_KC02_k_019.wav,komako,,22,,,,,,,,"...uh, yeah."
127100 ,,,,,,,,,,komako,,22,,,,,,,,Komako-chan relaxes her cheeks just a little.
127200 ,,,,,,,,,,komako,,22,,,,,,,,"Are you remembering? Your cheeks are gradually turning red, and your eyes are melting dreamily, looking so happy."
127300 ,,,,,,,コマコ,コマコ,202_KC02_k_020.wav,komako,,2,,,,,,,,"I ate a lot, chow!"
127400 ,,,,,,,,,,komako,,2,,,,,,,,"While blushing and whispering like that, the side profile of Komako-chan makes my chest ache again with a sharp pain."
127500 ,,,,,,,,,,komako,,2,,,,,,,,"Uh, I like Komako-chan too, but... Komako-chan's favorite is Chichan, after all."
127600 ,,,,,,,,,,komako,,2,,,,,,,,"But today, I endured my jealousy to cheer them on, so it's okay if I get a little reward, right?"
127700 ,,,,,,,主人公,＜名＞,,komako,,2,,,,,,,,"Then, will you forgive old man?"
127800 ,,,,,,,コマコ,コマコ,202_KC02_k_021.wav,komako,,0,,,,,,,,"Yeah, because it's a promise."
127900 ,,,,,,,主人公,＜名＞,,komako,,0,,,,,,,,Will you give me a reward too?
128000 ,,,,,,,コマコ,コマコ,202_KC02_k_022.wav,komako,,23,,,,,,,,"Uh... like, a reward?"
128100 ,,,,,,,,,,komako,,23,,,,,,,,"She looks puzzled, so I pounce on Komako-chan."
128200 ,,,,,,,主人公,＜名＞,,komako,,23,,,,,,,,"Yeah, I left Komako-chan and Chii-chan alone together and even taught them how to do it, right? Uncle, you did your best!"
128300 ,,,,,,,コマコ,コマコ,202_KC02_k_023.wav,komako,,32,,,,,,,,"Did I really... do my best, I wonder?"
128400 ,,,,,,,,,,komako,,32,,,,,,,,"Since Chi-chan and Chuu-chan are getting along well and seem to be in a good mood, Komako-chan doesn't seem to mind at all."
128500 ,,,,,,,,,,komako,,32,,,,,,,,"This is... if you press it, it might work."
128600 ,,,,,,,主人公,＜名＞,,komako,,32,,,,,,,,"So, I'd like a reward for Uncle too, huh～...... Well, if that's the case, I think I'll work hard so that Komako-chan and Chi-chan can get along better!"
128700 ,,,,,,,,,,komako,,32,,,,,,,,She gave a slight nod in response as I glanced at Komako-chan and made an appeal with my gaze.
128800 ,,,,,,,コマコ,コマコ,202_KC02_k_024.wav,komako,,12,,,,,,,,Sure. But not too expensive. I don't have much money anyway.
128900 ,,,,,,,主人公,＜名＞,,komako,,12,,,,,,,,It's okay! It's not about money or anything!
129000 ,,,,,,,コマコ,コマコ,202_KC02_k_025.wav,komako,,3,,,,,,,,"Then, what is it?"
129100 ,,,,,,,,,,komako,,3,,,,,,,,"She tilts her head slightly, and I lean in close, breath ragged. Now, at last..."
129200 ,,,,,,,主人公,＜名＞,,komako,,3,,,,,,,,"S-se, let me have sex!"
129300 ,,,,,,,コマコ,コマコ,202_KC02_k_026.wav,komakoL,,11,,,,,,,,...No good.
129400 ,,,,,,,主人公,＜名＞,,komakoL,,11,,,,,,,,"Oh, come on!'' or ''No way!"
129500 ,,,,,,,,,,komakoL,,11,,,,,,,,"Ugh, I thought I could finally have sex with Komako-chan again."
129600 ,,,,,,,主人公,＜名＞,,komakoL,,11,,,,,,,,Why? You used to let me do it...
129700 ,,,,,,,コマコ,コマコ,202_KC02_k_027.wav,komakoL,,33,,,,,,,,Would you let me inside you if I were an uncle?
129800 ,,,,,,,主人公,＜名＞,,komakoL,,33,,,,,,,,"Uh, that's a bit..."
129900 ,,,,,,,,,,komakoL,,33,,,,,,,,"Well, that was nice in its own way, but now I'd like my cock stimulated a little more gently, I guess."
130000 ,,,,,,,主人公,＜名＞,,komakoL,,33,,,,,,,,"Okay, okay! Just a little blowjob! Suck my dick!"
130100 ,,,,,,,,,,komakoL,,33,,,,,,,,"If sex is no good, then go for a blowjob!"
130200 ,,,,,,,コマコ,コマコ,202_KC02_k_028.wav,komakoL,,11,,,,,,,,Ugh～... putting my face on the place where pee comes out? That's gross. It's embarrassing.
130300 ,,,,,,,主人公,＜名＞,,komakoL,,11,,,,,,,,"Don't say things like that.... Come on, think of it as practice for being an adult, okay?"
130400 ,,,,,,,コマコ,コマコ,202_KC02_k_029.wav,komakoL,,36,,,,,,,,"Chii-chan, since you don't have a penis, you don't need to practice."
130500 ,,,,,,,,,,komakoL,,36,,,,,,,,I was turned away with a pout.
130600 ,,,,,,,コマコ,コマコ,202_KC02_k_030.wav,komakoL,,22,,,,,,,,"And besides, since I had a chat with Chii-chan today, I'd like to keep my mouth as it is."
130700 ,,,,,,,,,,komakoL,,22,,,,,,,,"Yeah, I get that feeling. I totally get it."
130800 ,,,,,,,,,,komakoL,,22,,,,,,,,I slept without brushing my teeth yesterday too.
130900 ,,,,,,,,,,komakoL,,22,,,,,,,,"In the morning... I hate it when the chi-chan kids say I have bad breath, so I brushed my teeth while crying."
131000 ,,,,,,,コマコ,コマコ,202_KC02_k_031.wav,komakoL,,31,,,,,,,,"If you keep saying whatever you want, I won't give you any treats!"
131100 ,,,,,,,主人公,＜名＞,,komakoL,,31,,,,,,,,I don't want that!
131200 ,,,,,,,,,,komakoL,,31,,,,,,,,"Ugh, sex and blowjobs are both no good... But I also don't want to be hated for being too demanding."
131300 ,,,,,,,主人公,＜名＞,,komakoL,,31,,,,,,,,Then... panties.
131400 ,,,,,,,コマコ,コマコ,202_KC02_k_032.wav,komakoL,,23,,,,,,,,Pants?
131500 ,,,,,,,主人公,＜名＞,,komakoL,,23,,,,,,,,"Let me rub your little dick with Komako-chan's panties. That should be fine, right? It's not sex because I'm not putting it inside your pussy."
131600 ,,,,,,,コマコ,コマコ,202_KC02_k_033.wav,komakoL,,13,,,,,,,,Rubbing the penis with panties... feels kinda naughty.
131700 ,,,,,,,主人公,＜名＞,,komakoL,,13,,,,,,,,"Ahhh, not too much! Look, since I worked hard, just give me a head pat! Oh, Mr. Penis, rub me with my pants!"
131800 ,,,,,,,,,,komakoL,,13,,,,,,,,I can't help but get desperate.
131900 ,,,,,,,,,,komakoL,,13,,,,,,,,"Komako-chan seemed to be thinking for a moment, but eventually she nodded in agreement."
132000 ,,,,,,,コマコ,コマコ,202_KC02_k_034.wav,komakoL,,12,,,,,,,,"Got it. But it's just for fun, okay?"
132100 ,,,,,,,主人公,＜名＞,,komakoL,,12,,,,,,,,"Uh, uh! Thank you!"
132300 ,,<!scene_h_begin>,10,,2220000,,,,,,,,,,,,,,,
132400 ,*mem,,,,2220000,,,,,,,,,,,,,,,
132500 ,,,10,,2220000,,コマコ,コマコ,202_KC02_k_035.wav,komako,,0,,,,,,,,"Nn-sho, nn-sho... Is this okay?"
132600 ,,,,,2220000,,主人公,＜名＞,,,,,,,,,,,,"Uh, uh, it's the best, Komako-chan!"
132700 ,,,,,2220000,,,,,,,,,,,,,,,"Komako-chan straddles me, pressing her there against my penis like she's in a cowgirl position."
132800 ,,,,,2220000,,,,,,,,,,,,,,,The difference is that the penis isn't inside the vagina but is only ever inside the pants.
132900 ,,,,,2220000,,コマコ,コマコ,202_KC02_k_036.wav,komako,,0,,,,,,,,It feels kinda weird... It's like a dick grew on my ass.
133000 ,,,,,2220000,,主人公,＜名＞,,,,,,,,,,,,"Yeah, it looks like there's a penis on Komako-chan's ass."
133100 ,,,,,2220000,,,,,,,,,,,,,,,Komako-chan's tiny and cute panties are bulging out big in front because of my erect penis.
133200 ,,,,,2220000,,,,,,,,,,,,,,,"It looks like a huge, sinister dick is growing out of the clean-cut, petite Komako-chan, and it strangely gets me excited."
133300 ,,,,,2220000,,コマコ,コマコ,202_KC02_k_037.wav,komako,,0,,,,,,,,"Oh, I flinched!"
133400 ,,,,,2220000,,主人公,＜名＞,,,,,,,,,,,,"U, um, well, just being able to do this makes me really happy..."
133500 ,,,,,2220000,,,,,,,,,,,,,,,"Above all, the area around the root is perfectly snuggling with Komako-chan's little pussy, saying ''konnichiwa'' to me, which is really happy."
133600 ,,,,,2220000,,,,,,,,,,,,,,,"Komako-chan's there was nothing being done, but it was slippery and hot."
133700 ,,,,,2220000,,,,,,,,,,,,,,,The love juice that oozed out from the crack with a *kuchyukuchyu* sound is rubbed against the root.
133800 ,,,,,2220000,,主人公,＜名＞,,,,,,,,,,,,Komako-chan... maybe Komako-chan also finds it good when your penis is like this?
133900 ,,,,,2220000,,コマコ,コマコ,202_KC02_k_038.wav,komako,,0,,,,,,,,"Huh? Well, I do think it's warm, though."
134000 ,,,,,2220000,,主人公,＜名＞,,,,,,,,,,,,"Huh... really? But your pussy's kinda wet, you know?"
134100 ,,,,,2220000,,コマコ,コマコ,202_KC02_k_039.wav,komako,,0,,,,,,,,"When I was fooling around with Chi-chan, my crotch was tingling, so maybe that's why."
134200 ,,,,,2220000,,主人公,＜名＞,,,,,,,,,,,,"Ah, uh, yeah. Right... hahaha."
134300 ,,,,,2220000,,,,,,,,,,,,,,,Well... I just got excited from talking with Chi-chan...
134400 ,,,,,2220000,,,,,,,,,,,,,,,"It wasn't because you got excited about my dick, was it?"
134500 ,,,,,2220000,,,,,,,,,,,,,,,"But when I think about getting a girl's pussy wet and rubbing it against my dick, that's somehow perverted and good."
134600 ,,,,,2220000,,コマコ,コマコ,202_KC02_k_040.wav,komako,,0,,,,,,,,So... what should I do?
134700 ,,,,,2220000,,主人公,＜名＞,,,,,,,,,,,,"Ah, um... can you stroke my... *ouch*? Gently, please."
134800 ,,,,,2220000,,コマコ,コマコ,202_KC02_k_041.wav,komako,,0,,,,,,,,"Okay, got it. Sure."
134900 ,,,,,2220000,,,,,,,,,,,,,,,Komako-chan gently touched the tip of his penis through his pants with her soft hand.
135000 ,,,,,2220000,,,,,,,,,,,,,,,"The white, supple fingers gently stroked the taut tip."
135100 ,,,,,2220000,,主人公,＜名＞,,,,,,,,,,,,"Fuh, fu-oooo..."
135200 ,,,,,2220000,,コマコ,コマコ,202_KC02_k_042.wav,komako,,0,,,,,,,,Like this? Is this okay?
135300 ,,,,,2220000,,主人公,＜名＞,,,,,,,,,,,,"U, um! It feels so good...... I'm really happy, Komako-chan!"
135400 ,,,,,2220000,,コマコ,コマコ,202_KC02_k_043.wav,komako,,0,,,,,,,,"Even adults feel happy when they're petted, right?"
135500 ,,,,,2220000,,主人公,＜名＞,,,,,,,,,,,,"Yeah, even adults get happy from being petted! Especially when being petted on the dick―it's so great!"
135600 ,,,,,2220000,,コマコ,コマコ,202_KC02_k_044.wav,komako,,0,,,,,,,,"...Then I'll give you lots of pats. It's a reward, you know."
135700 ,,,,,2220000,,主人公,＜名＞,,,,,,,,,,,,"Thank you, Komako-chan."
135800 ,,,,,2220000,,,,,,,,,,,,,,,Komako-chan's fingers awkwardly and slowly stroke around the glans.
135900 ,,,,,2220000,,,,,,,,,,,,,,,"Each time, a shiver of delight ran down my spine like an electric current."
136000 ,,,,,2220000,,,,,,,,,,,,,,,I couldn't help but jump back in surprise.
136100 ,,,,,2220000,,コマコ,コマコ,202_KC02_k_045.wav,komako,,0,,,,,,,,"Uh... you shouldn't go too wild, okay?"
136200 ,,,,,2220000,,主人公,＜名＞,,,,,,,,,,,,"Uh, sorry. But, Komako-chan's petting feels so nice that..."
136300 ,,,,,2220000,,コマコ,コマコ,202_KC02_k_046.wav,komako,,0,,,,,,,,"Hey mister, kinda like a Leica"
136400 ,,,,,2220000,,,,,,,,,,,,,,,"When you say ''Leica,'' are you thinking of a pet dog?"
136500 ,,,,,2220000,,コマコ,コマコ,202_KC02_k_047.wav,komako,,0,,,,,,,,Rika also seems happy when she sometimes does that and wiggles her hips like that.
136600 ,,,,,2220000,,,,,,,,,,,,,,,"What the hell, you're a horny dog, Lyka. Or rather, being the same as a dog makes me feel a little down."
136700 ,,,,,2220000,,コマコ,コマコ,202_KC02_k_048.wav,komako,,0,,,,,,,,...maybe just a little cute.
136800 ,,,,,2220000,,,,,,,,,,,,,,,"Okay, I'll translate it exactly as given:  ''Retraction of previous statement! If I can get Komako-chan to say I'm cute, even a dog or anything would be fine.''"
136900 ,,,,,2220000,,主人公,＜名＞,,,,,,,,,,,,"Oh, the penis is like a dog's tail, you know? When you're happy, it wags back and forth a lot."
137000 ,,,,,2220000,,コマコ,コマコ,202_KC02_k_049.wav,komako,,0,,,,,,,,Is that so?
137100 ,,,,,2220000,,,,,,,,,,,,,,,"Komako-chan seemed to be intrigued, her eyes sparkling."
137200 ,,,,,2220000,,,,,,,,,,,,,,,The way her teasing fingers gently stroke my head makes my cock twitch in response.
137400 ,,,,,2220000,,,,,,,,,,,,,,,The pre-cum oozed out and made a stain on Komako-chan's panties.
137500 ,,,,,2220010,,コマコ,コマコ,202_KC02_k_050.wav,komako,,0,,,,,,,,"Wow, it's true! I jumped!"
137600 ,,,,,2220010,,主人公,＜名＞,,,,,,,,,,,,"Uh, uh, Komako-chan's hand feels nice, so... uh, you know, could you squeeze it tighter or something?"
137700 ,,,,,2220010,,コマコ,コマコ,202_KC02_k_051.wav,komako,,0,,,,,,,,Like this?
137800 ,,,,,2220010,,主人公,＜名＞,,,,,,,,,,,,"Uh, w-well, yeah..."
137900 ,,,,,2220010,,,,,,,,,,,,,,,Komako-chan tightly grips my dick along with my underwear.
138000 ,,,,,2220010,,,,,,,,,,,,,,,"So, Komako-chan's panties tightly wrapped around the head of the penis, making her feel unbearably aroused."
138100 ,,,,,2220010,,コマコ,コマコ,202_KC02_k_052.wav,komako,,0,,,,,,,,Wa... did the juice come out again?
138200 ,,,,,2220010,,主人公,＜名＞,,,,,,,,,,,,"Well, Komako-chan also gets slippery and feels good when she grinds her butt, right? It's the same thing."
138300 ,,,,,2220010,,コマコ,コマコ,202_KC02_k_053.wav,komako,,0,,,,,,,,"Oh, really? Uncle, is it really great?"
138400 ,,,,,2220010,,主人公,＜名＞,,,,,,,,,,,,"Yeah, it feels really good. Komako-chan is great at it. I'm sure you'll be able to make chi-chan feel good too with this."
138500 ,,,,,2220010,,コマコ,コマコ,202_KC02_k_054.wav,komako,,0,,,,,,,,......hehe
138600 ,,,,,2220010,,,,,,,,,,,,,,,Komako-chan blushing and smiling shyly at my compliment.
138700 ,,,,,2220010,,,,,,,,,,,,,,,"I still feel a little jealous of Chi-chan, but since it's thanks to that I get to have my dick sucked by Komako-chan, I'll let it go for now."
138800 ,,,,,2220010,,コマコ,コマコ,202_KC02_k_055.wav,komako,,0,,,,,,,,It looks like you want to pee.
138900 ,,,,,2220010,,主人公,＜名＞,,,,,,,,,,,,"When you say that, it's a little embarrassing."
139000 ,,,,,2220010,,コマコ,コマコ,202_KC02_k_056.wav,komako,,0,,,,,,,,"But, Rica seems to be happy about it. Maybe, uncle is a little like Rica, after all."
139100 ,,,,,2220010,,主人公,＜名＞,,,,,,,,,,,,"Really? Which one is cuter, Rika or the other?"
139200 ,,,,,2220010,,コマコ,コマコ,202_KC02_k_057.wav,komako,,0,,,,,,,,Leica
139300 ,,,,,2220010,,,,,,,,,,,,,,,It... it looks like you still can't even beat a pet there.
139400 ,,,,,2220010,,,,,,,,,,,,,,,"But but, even if I could get Komako-chan to think I'm cute just a little, that's progress, right?"
139500 ,,,,,2220020,,コマコ,コマコ,202_KC02_k_058.wav,komako,,0,,,,,,,,"Ochinchin is really obedient, isn't it? When you stroke it, it really does wiggle like a dog's tail―plurplur."
139600 ,,,,,2220020,,主人公,＜名＞,,,,,,,,,,,,"Yeah, that's right. So, can you pet me more, like stroking and squeezing my hand while moving it back and forth?"
139700 ,,,,,2220020,,コマコ,コマコ,202_KC02_k_059.wav,komako,,0,,,,,,,,Okay? .... I'm starting to have a little fun.
139800 ,,,,,2220020,,,,,,,,,,,,,,,"With a quick motion, Komako-chan strokes the head of his penis all the way up while pulling down his pants."
139900 ,,,,,2220020,,,,,,,,,,,,,,,"The cloth, damp and slick with Komako-chan's sweat and love juices, rubbing against the tip with a *koshyukoshyu* sound, feels so good, just that alone makes me feel like I'm about to cum."
140000 ,,,,,2220020,,,,,,,,,,,,,,,"The part that couldn't be held back overflowed, spurting out as ''puku puku,'' and kept staining Komako-chan's panties and hands."
140100 ,,,,,2220010,,コマコ,コマコ,202_KC02_k_060.wav,komako,,0,,,,,,,,Fuaa... it's getting slippery little by little. My hands are slipping.
140200 ,,,,,2220010,,主人公,＜名＞,,,,,,,,,,,,"Yeah, it's so slippery everywhere, feels so good. Komako-chan also liked it better when it was all slippery, right?"
140300 ,,,,,2220010,,コマコ,コマコ,202_KC02_k_061.wav,komako,,0,,,,,,,,"Hmm... is that right? Yeah, I liked it better when your pussy was slippery."
140400 ,,,,,2220010,,主人公,＜名＞,,,,,,,,,,,,"Ah... that slippery feeling, rub it more... more..."
140500 ,,,,,2220010,,コマコ,コマコ,202_KC02_k_062.wav,komako,,0,,,,,,,,Today's old man seems really clingy.
140600 ,,,,,2220010,,主人公,＜名＞,,,,,,,,,,,,"But, I tried my best, right?"
140700 ,,,,,2220010,,,,,,,,,,,,,,,"Looking up at Komako-chan intently, Komako-chan let out a small sigh."
140800 ,,,,,2220010,,,,,,,,,,,,,,,"I wondered if I'd shocked her, but it seemed like that wasn't the case, and she tightly gripped my glans, stroking me even more vigorously than before."
140900 ,,,,,2220010,,コマコ,コマコ,202_KC02_k_063.wav,komako,,0,,,,,,,,"Well, there's nothing to be done about it. But thanks to Uncle, I could do it, so today is good."
141000 ,,,,,2220010,,主人公,＜名＞,,,,,,,,,,,,"Ah, thank you!"
141100 ,,,,,2220010,,コマコ,コマコ,202_KC02_k_064.wav,komako,,0,,,,,,,,"It looks like a little puppy that's used to being spoiled, and it's so cute!"
141200 ,,,,,2220010,,主人公,＜名＞,,,,,,,,,,,,Wan! Wan!
141400 ,,,,,2220010,,,,,,,,,,,,,,,"Before I could help with that, I noticed you wanted a translation of the following:  She barked like a dog without thinking, and Komako-chan giggled."
141500 ,,,,,2220020,,コマコ,コマコ,202_KC02_k_065.wav,komako,,0,,,,,,,,"Ochinchi shipp?, burun burun shite... uresh? shi, ippai omorashi shite... ojisan wa dame na wanchanda ne."
141600 ,,,,,2220020,,主人公,＜名＞,,,,,,,,,,,,Wan wan! Because I love Komako-chan so much!
141700 ,,,,,2220020,,コマコ,コマコ,202_KC02_k_066.wav,komako,,0,,,,,,,,"Ochinchi, it's slippery, so my hands will slide all over it."
141800 ,,,,,2220020,,主人公,＜名＞,,,,,,,,,,,,"Uh-huh, uh-huh... you can scrub harder if you want... no, do it."
141900 ,,,,,2220020,,コマコ,コマコ,202_KC02_k_067.wav,komako,,0,,,,,,,,Got it. Stronger like this?
142000 ,,,,,2220020,,,,,,,,,,,,,,,"With a sharp *squeeze*, Komako-chan tightens her grip, her strong pressure assaulting the glans."
142100 ,,,,,2220020,,,,,,,,,,,,,,,"The fabric of the pants, which had become slippery as is, clung tightly to the trunk and the head of the penis, rubbing vigorously."
142200 ,,,,,2220020,,,,,,,,,,,,,,,"Oh wow, it's like you're using Komako-chan's panties as a dildo and having her stroke it for you."
142300 ,,,,,2220020,,コマコ,コマコ,202_KC02_k_068.wav,komako,,0,,,,,,,,I didn't know a dick could get this hard.
142400 ,,,,,2220020,,主人公,＜名＞,,,,,,,,,,,,"Yeah, it feels good and gets hard. It's like the nipples and clit together."
142500 ,,,,,2220020,,コマコ,コマコ,202_KC02_k_069.wav,komako,,0,,,,,,,,Maybe the male body and the female body are quite similar?
142600 ,,,,,2220020,,主人公,＜名＞,,,,,,,,,,,,"Yeah, there are some similarities. Uh, like... if you play with the Klari doll, you know, try touching the indented part?"
142700 ,,,,,2220020,,コマコ,コマコ,202_KC02_k_070.wav,komako,,0,,,,,,,,Like this?
142800 ,,,,,2220020,,,,,,,,,,,,,,,"The tip of my finger tickled around the base of my neck, as if I were being poked and prodded."
142900 ,,,,,2220020,,,,,,,,,,,,,,,"The dick jumped energetically with a start, and another drop of pre-cum oozed out from the tip."
143000 ,,,,,2220020,,主人公,＜名＞,,,,,,,,,,,,"Well, so-so..."
143100 ,,,,,2220020,,コマコ,コマコ,202_KC02_k_071.wav,komako,,0,,,,,,,,Really... I flinched...
143200 ,,,,,2220020,,主人公,＜名＞,,,,,,,,,,,,I'd be so happy if you could do the same thing for the tip of my... pee-pee.
143300 ,,,,,2220020,,コマコ,コマコ,202_KC02_k_072.wav,komako,,0,,,,,,,,Is it my turn this time?
143400 ,,,,,2220020,,,,,,,,,,,,,,,A baptism of fingers comes to the bell mouth.
143500 ,,,,,2220020,,,,,,,,,,,,,,,"The patience juice was scooped up, and as if sucking it in, the fabric of the panties and the fingers plunged into the urethral opening, causing my legs to stretch taut with a sharp, overwhelming stimulation."
143600 ,,,,,2220010,,コマコ,コマコ,202_KC02_k_073.wav,komako,,0,,,,,,,,"Ahhh▼ Mr. Uncle, you said not to act up!"
143700 ,,,,,2220010,,主人公,＜名＞,,,,,,,,,,,,"Uh, sorry, but it feels too good..."
143800 ,,,,,2220010,,コマコ,コマコ,202_KC02_k_074.wav,komako,,0,,,,,,,,"Let me pet you, so you have to be a good girl, okay?"
143900 ,,,,,2220010,,主人公,＜名＞,,,,,,,,,,,,"Uh, um... But I think I can become a better child with petting than with rubbing..."
144000 ,,,,,2220020,,コマコ,コマコ,202_KC02_k_075.wav,komako,,0,,,,,,,,"It can't be helped, huh."
144100 ,,,,,2220020,,,,,,,,,,,,,,,"While saying that with her mouth, Komako-chan was also clearly getting very excited."
144200 ,,,,,2220020,,,,,,,,,,,,,,,"Her cheeks are flushed, and her eyes are sparkling. Is my cock's reaction interesting to her? Her gaze is fixed on my dick."
144300 ,,,,,2220020,,,,,,,,,,,,,,,"Heaving and panting, he keeps stroking his cock."
144400 ,,,,,2220020,,主人公,＜名＞,,,,,,,,,,,,"Komako-chan, Komako-chan, while you're doing shikoshiko, do kurikuri like you did just now!"
144500 ,,,,,2220020,,コマコ,コマコ,202_KC02_k_076.wav,komako,,0,,,,,,,,"Uncle, you're a bit too selfish, you know?"
144600 ,,,,,2220020,,主人公,＜名＞,,,,,,,,,,,,"Sorry, but I just can't hold it in anymore!"
144700 ,,,,,2220020,,コマコ,コマコ,202_KC02_k_077.wav,komako,,0,,,,,,,,"Honestly... there's no way around it. Come on, come on, I'll give you a treat, so be a good boy."
144800 ,,,,,2220020,,主人公,＜名＞,,,,,,,,,,,,Fwoooooohhhh!!
144900 ,,,,,2220020,,,,,,,,,,,,,,,"Komako-chan flashes a slightly mischievous smile while playing with the clitoris with her fingertips, making wet sounds, and stroking the shaft with her entwined fingers."
145000 ,,,,,2220020,,,,,,,,,,,,,,,"My pants are already soaked with my pre-cum, and that becomes the lubricant, making it really slippery."
145100 ,,,,,2220020,,,,,,,,,,,,,,,The unique pleasure of being rubbed by a cloth soaked in mucus makes my balls rise up tightly.
145200 ,,,,,2220020,,コマコ,コマコ,202_KC02_k_078.wav,komako,,0,,,,,,,,"Haa... haa... haa... haa... That's enough, right?"
145300 ,,,,,2220020,,主人公,＜名＞,,,,,,,,,,,,"Just a little more... ahh...... the, white one...... it's coming outtt!"
145500 ,,<!ef_shasei_l>,,,2220030,,,,,,,,,,,,,,,Blyuuuuu!
145600 ,,,,,2220030,,コマコ,コマコ,202_KC02_k_079.wav,komako,,0,,,,,,,,Kyaa!
145700 ,,<!ef_shasei>,,,2220030,,,,,,,,,,,,,,,I couldn't withstand such teasing and came.
145800 ,,,,,2220030,,コマコ,コマコ,202_KC02_k_080.wav,komako,,0,,,,,,,,"Wah, wah-wah..."
145900 ,,<!ef_shasei_l>,,,2220030,,,,,,,,,,,,,,,"*Bwuhh, bwukk!*"
146000 ,,,,,2220030,,,,,,,,,,,,,,,"Even though it was tightly contained by the panties, his ejaculation didn't stay inside them."
146100 ,,,,,2220030,,,,,,,,,,,,,,,"It looks like it's about to tear through the pants with such force, and the semen shoots up with a *bju-bju* sound."
146200 ,,,,,2220030,,コマコ,コマコ,202_KC02_k_081.wav,komako,,0,,,,,,,,"Wow... white ones come out like this, huh..."
146300 ,,,,,2220030,,主人公,＜名＞,,,,,,,,,,,,"Uh, uh. The other day, I was like this inside Komako-chan's belly."
146400 ,,,,,2220030,,コマコ,コマコ,202_KC02_k_082.wav,komako,,0,,,,,,,,"Oh, so that's why you were so nervous..."
146500 ,,,,,2220030,,,,,,,,,,,,,,,"Komako-chan, who was watching ejaculation up close, was surprised, but she didn't seem to mind."
146600 ,,,,,2220030,,,,,,,,,,,,,,,"Instead, the flushed excitement on her cheeks, which had been building up since earlier, didn't cool down at all―it only grew stronger."
146700 ,,,,,2220030,,コマコ,コマコ,202_KC02_k_083.wav,komako,,0,,,,,,,,It looks like milking a cow. Hey!
146800 ,,,,,2220030,,主人公,＜名＞,,,,,,,,,,,,Fwoooah!
146900 ,,<!ef_shasei>,,,2220030,,,,,,,,,,,,,,,*whoosh*
147000 ,,,,,2220030,,,,,,,,,,,,,,,"Following the impulse of Komako-chan's curiosity, she was suddenly squeezed tightly, and the semen shot up forcefully again."
147200 ,,,,,2220040,,,,,,,,,,,,,,,"Even after ejaculation, Komako-chan didn't immediately move away from on top of me."
147300 ,,,,,2220040,,コマコ,コマコ,202_KC02_k_084.wav,komako,,0,,,,,,,,I'm still all jittery...
147400 ,,,,,2220040,,,,,,,,,,,,,,,"It looks like a fountain-like ejaculation, though it's not actually happening, and I'm just staring at my twitching dick left over from the afterglow."
147500 ,,,,,2220040,,,,,,,,,,,,,,,"Uh, it's a little embarrassing if you look at me like that."
147600 ,,,,,2220040,,コマコ,コマコ,202_KC02_k_085.wav,komako,,0,,,,,,,,"Wow, it comes out a lot from uncle, doesn't it?"
147700 ,,,,,2220040,,主人公,＜名＞,,,,,,,,,,,,"Uh, um... sorry."
147800 ,,,,,2220040,,コマコ,コマコ,202_KC02_k_086.wav,komako,,0,,,,,,,,"No, but still, I'm jealous, huh."
147900 ,,,,,2220040,,,,,,,,,,,,,,,Komako-chan casts a hot gaze at my crotch.
148000 ,,,,,2220040,,,,,,,,,,,,,,,It's probably that Komako-chan also wants to cum.
148100 ,,,,,2220040,,コマコ,コマコ,202_KC02_k_087.wav,komako,,0,,,,,,,,"The one you got before, doesn't it not come out white?"
148200 ,,,,,2220040,,主人公,＜名＞,,,,,,,,,,,,"That's too much, huh?"
148300 ,,,,,2220040,,,,,,,,,,,,,,,"As she said that, Komako-chan slightly frowned, making her eyebrows into an ''H'' shape."
148400 ,,,,,2220040,,主人公,＜名＞,,,,,,,,,,,,"Ah, well, but if you ever need the old man's white one, just say the word! For Komako-chan's sake, I'll do plenty of *bub-bub*!"
148500 ,,,,,2220040,,コマコ,コマコ,202_KC02_k_088.wav,komako,,0,,,,,,,,"Uh, uh."
148600 ,,,,,2220040,,,,,,,,,,,,,,,Komako-chan made a slightly surprised face while nodding slightly.
148700 ,,,,,2220040,,,,,,,,,,,,,,,"And then, she softly smiles."
148800 ,,,,,2220040,,コマコ,コマコ,202_KC02_k_089.wav,komako,,0,,,,,,,,"Thank you, uncle."
148900 ,,,,,2220040,,主人公,＜名＞,,,,,,,,,,,,"No, it's for Komako-chan... I'll try my best again, so if I do, will you give me a reward?"
149000 ,,,,,2220040,,,,,,,,,,,,,,,She was given a serious look.
149100 ,,,,,2220040,,コマコ,コマコ,202_KC02_k_090.wav,komako,,0,,,,,,,,"You did your best, okay?"
149200 ,,,,,2220040,,,,,,,,,,,,,,,"But even so, Komako-chan, who strokes my head while saying that."
149300 ,,,,,2220040,,,,,,,,,,,,,,,"I might get jealous of things with Chi-chan, but if Komako-chan is so kind to me like this... I'll do my best."
149400 ,,,,,2220040,,,,,,,,,,,,,,,That was what I thought.
149500 ,$event_return,,,,,,,,,,,,,,,,,,,
149800 ,,<!scene_h_end>,8,,,,主人公,＜名＞,,,,,,,,,,,,"Oh, I'll wash your underwear for you, so take them off. Sorry they're all sticky. I'll return them tomorrow, okay?"
149900 ,,,,,,,,,,,,,,,,,,,,"After Komako moved aside from above, I said that and reached out my hand."
150000 ,,,,,,,,,,,,,,,,,,,,"If you do it this way, you can jerk off with Komako-chan's panties!"
150100 ,,,,,,,,,,,,,,,,,,,,"I thought so, but..."
150200 ,,,,,,,コマコ,コマコ,202_KC02_k_091.wav,komako,,3,,,,,,,,"I'll wear it home, so wash it and bring it back right away."
150300 ,,,,,,,主人公,＜名＞,,komako,,3,,,,,,,,Huh?
150400 ,,,,,,,コマコ,コマコ,202_KC02_k_092.wav,komako,,7,,,,,,,,Bring it here and wash it right away.
150500 ,,,,,,,主人公,＜名＞,,komako,,7,,,,,,,,"Huh, but I don't think I'll get thirsty..."
150600 ,,,,,,,コマコ,コマコ,202_KC02_k_093.wav,komako,,13,,,,,,,,"If you wear them, you'll get thirsty. It's embarrassing to go home without underwear."
150700 ,,,,,,,主人公,＜名＞,,komako,,13,,,,,,,,I see...
150800 ,,,,,,,,,,komako,,13,,,,,,,,"Well, there's nothing to be done. If it's going to be like this, I'll sneak in one more time before washing..."
151000 ,,<!move_short>,,61,,,主人公,＜名＞,,komako,,0,,,,,,,,"Well, uh, is it okay if Komako-chan waits over there?"
151100 ,,,,,,,コマコ,コマコ,202_KC02_k_094.wav,komakoL,,3,,,,,,,,I want to talk to the uncle.
151200 ,,,,,,,主人公,＜名＞,,komakoL,,3,,,,,,,,"Uh, really?!"
151300 ,,,,,,,,,,komakoL,,3,,,,,,,,"If you say something like that and follow me, I wouldn't dare do something like masturbating in front of you."
151400 ,,,,,,,コマコ,コマコ,202_KC02_k_095.wav,komakoL,,20,,,,,,,,How can I become even closer to Chi-chan next time?
151500 ,,,,,,,主人公,＜名＞,,komakoL,,20,,,,,,,,"Yeah, I guess so..."
151600 ,,,,,,,,,,komakoL,,20,,,,,,,,I was made to listen to chi-chan's stories nonstop until I finished washing the pants.
151700 ,,<!Lend_day_change>,0,9000,,,,,,,,,,,,,,,,
151900 ,@203_KC03a,,,,,,,,,,,,,,,,,,,
152200 ,,<!Lbegin_day_change>,3,21,,,コマコ,コマコ,203_KC03a_k_000.wav,"komako,privateB",,22,,,,,,,",chi-chan▼"
152300 ,,,,,,,千恵,千恵,203_KC03a_c_000.wav,komako,,22,"chie,privateB",,23,,,,",'What's up, Komako-chan?'"
152400 ,,,,,,,コマコ,コマコ,203_KC03a_k_001.wav,komako,,21,chie,,23,,,,,"Hmm~~, nothing much."
152500 ,,,,,,,千恵,千恵,203_KC03a_c_001.wav,komako,,21,chie,,3,,,,,Hen na Komako-chan
152600 ,,,,,,,,,,,,,,,,,,,,"Today too, as today, my three daughters are playing at our candy store."
152700 ,,,,,,,,,,,,,,,,,,,,It's the usual peaceful scene.
152800 ,,,,,,,甜花,甜花,203_KC03a_t_000.wav,,,,,,,"tenka,privateC",,29,",'Hey, Chii, the photo raffle prizes are sold out, you know?'"
152900 ,,,,,,,千恵,千恵,203_KC03a_c_002.wav,,,,chie,,3,tenka,,29,,"Ah, it's really true! Hey, Uncle, do you have a new one?"
153000 ,,,,,,,主人公,＜名＞,,,,,chie,,3,tenka,,29,,"Sure, here's the translation:  ''Yeah, yeah, I've got one.''"
153100 ,,,,,,,,,,,,,chie,,3,tenka,,29,,Even Chii-chan seems to have gotten used to being a store employee.
153200 ,,,,,,,,,,,,,,,,,,,,I took a bundle of new bromide prints from the stock piled on the shelf and handed it to Chi-chan.
153300 ,,,,,,,千恵,千恵,203_KC03a_c_003.wav,,,,chie,,1,tenka,,0,,"Thanks a lot, Uncle. Tenka-chan, I'll get ready, so wait just a little, okay?"
153400 ,,,,,,,甜花,甜花,203_KC03a_t_001.wav,,,,chie,,1,tenka,,21,,"Okay, okay.'' or ''Yeah, yeah."
153500 ,,,,,,,,,,,,,,,,,,,,The bromide is basically hung from the wall by a string.
153600 ,,,,,,,,,,,,,,,,,,,,Chi-chan took off the cover of the empty bromo album and started to try putting on a new one.
153700 ,,,,,,,,,,,,,,,,,,,,Komako-chan slowly approaches there.
153800 ,,,,,,,コマコ,コマコ,203_KC03a_k_002.wav,komako,,23,,,,,,,,"Chi-chan, can you do it well?"
153900 ,,,,,,,千恵,千恵,203_KC03a_c_004.wav,komako,,23,chie,,1,,,,,"It's okay, Komako-chan, don't worry!"
154000 ,,,,,,,,,,komako,,23,chie,,1,,,,,"Giggling, Chichi-chan was further pressed close by Komako-chan."
154100 ,,,,,,,,,,komako,,23,chie,,1,,,,,"Well, Komako-chan seems pretty bold today. Maybe because she got a makeover?"
154200 ,,,,,,,千恵,千恵,203_KC03a_c_005.wav,komako,,23,chie,,21,,,,,"Komako-chan, if you cling to me that much, it tickles!"
154300 ,,,,,,,コマコ,コマコ,203_KC03a_k_003.wav,komako,,22,chie,,21,,,,,I'll help you out.
154400 ,,,,,,,,,,komako,,22,chie,,21,,,,,Komako-chan tightly grips Chichan's hand as she reaches out to tie the cord.
154500 ,,,,,,,,,,komako,,22,chie,,21,,,,,"Her cheeks are slightly flushed, and her eyes look a little glazed."
154600 ,,,,,,,,,,komako,,22,chie,,21,,,,,"Oh no, that's nice, Chi-chan. I'd want Uncle to look at me like that too, Komako-chan!"
154700 ,,,,,,,千恵,千恵,203_KC03a_c_006.wav,komako,,22,chie,,24,,,,,"Koma-chan, you can't work!"
154800 ,,,,,,,コマコ,コマコ,203_KC03a_k_004.wav,komako,,2,chie,,24,,,,,"So, I'll help you out."
154900 ,,,,,,,千恵,千恵,203_KC03a_c_007.wav,komako,,2,chie,,25,,,,,"Just me, okay?'' or ''I can do it myself!"
155000 ,,,,,,,,,,,,,,,,,,,,"While I hide my burning jealousy inside, the two close friends are cozying up to each other affectionately."
155100 ,,,,,,,,,,,,,,,,,,,,There Amami-chan cut in.
155200 ,,,,,,,甜花,甜花,203_KC03a_t_002.wav,,,,,,,tenka,,12,,"Okay, okay, Chi is working, so don't bother her. If she doesn't finish, I won't be able to buy that photo card."
155300 ,,,,,,,,,,,,,,,,,,,,"Well, you could buy it torn apart before setting it up, but Amanohana is so serious about things like that."
155400 ,,,,,,,コマコ,コマコ,203_KC03a_k_005.wav,komako,,12,,,,,,,,Ahhh...... Ch?-ch'an......
155500 ,,,,,,,千恵,千恵,203_KC03a_c_008.wav,,,,chie,,13,,,,,"Koma-chan, wait just a little bit, okay? Let's play later!"
155600 ,,,,,,,,,,,,,,,,,,,,"Anyway, Komako-chan was pulled away from Tenka-chan and ripped off."
155800 ,,<!timepass_short>,,,,,,,,,,,,,,,,,,"While making a racket like that and dealing with several customers, Chii-chan started rubbing her eyes."
155900 ,,,,,,,千恵,千恵,203_KC03a_c_009.wav,,,,chie,,17,,,,,Fwaaaahs...
156000 ,,,,,,,主人公,＜名＞,,,,,chie,,17,,,,,"Chii-chan, are you sleepy?"
156100 ,,,,,,,千恵,千恵,203_KC03a_c_010.wav,,,,chie,,34,,,,,Uh-huh.'' or ''Yeah.
156200 ,,,,,,,,,,,,,chie,,34,,,,,"Kokun, nodding Chi-chan. Her eyes are already droopy."
156300 ,,,,,,,甜花,甜花,203_KC03a_t_003.wav,,,,,,,tenka,,14,,"Today, too, the pool was packed with people having fun. Hmm... I'm a little sleepy too."
156400 ,,,,,,,主人公,＜名＞,,,,,,,,tenka,,14,,You can nap in the back if you want. Can Amacha also come take a nap?
156500 ,,,,,,,千恵,千恵,203_KC03a_c_011.wav,,,,chie,,14,,,,,"Hmm, like that..."
156600 ,,,,,,,甜花,甜花,203_KC03a_t_004.wav,,,,,,,tenka,,3,,"Then, I will too."
156700 ,,,,,,,,,,,,,,,,tenka,,3,,"The two of them head toward the back, looking sleepy. Got it, now it's just me and Komako-chan alone!"
156800 ,,,,,,,コマコ,コマコ,203_KC03a_k_006.wav,komako,,2,,,,,,,,Then I'll take a nap too.
156900 ,,,,,,,,,,,,,,,,,,,,"Well, Komako-chan also followed after the two of them...."
157000 ,,,,,,,,,,,,,,,,,,,,"Well, I thought, ''I'm gonna go,'' but couldn't say it out loud."
157100 ,,,,,,,,,,,,,,,,,,,,"Yeah, right? Komako-chan likes Chi-chan, so she probably wants to take a nap with him, doesn't she?"
157200 ,,,,,,,主人公,＜名＞,,,,,,,,,,,,...sniffle...
157300 ,,,,,,,,,,,,,,,,,,,,"Again, my chest tightened with jealousy, but I endure it."
157400 ,,,,,,,,,,,,,,,,,,,,"If you get Chi-chan and Komako-chan to get along well, maybe you'll get another reward for doing something naughty, huh?"
157500 ,,,,,,,主人公,＜名＞,,,,,,,,,,,,Good night~
157600 ,,,,,,,,,,,,,,,,,,,,"Hoping for the next candy, I swallowed my tears and saw off Komako-chan."
157800 ,,<!timepass_short>,,,,,,,,,,,,,,,,,,After a while.
157900 ,,,,,,,主人公,＜名＞,,,,,,,,,,,,"Hmm~, since customers aren't coming anymore, maybe I'll take a nap with Komako-chan and the others."
158000 ,,,,,,,,,,,,,,,,,,,,"Stretching widely, I look toward the room in the back."
158100 ,,,,,,,主人公,＜名＞,,,,,,,,,,,,Hmm?
158200 ,,,,,,,,,,,,,,,,,,,,Hmm? Did I just hear something...?
158300 ,,,,,,,主人公,＜名＞,,,,,,,,,,,,Maybe you're already awake?
158400 ,,,,,,,,,,,,,,,,,,,,Let me go up to just in front of the room. Then ―
158500 ,,,,,,,コマコ,コマコ,203_KC03a_k_007.wav,,,,,,,,,,,Nn......nnnnn......
158600 ,,,,,,,主人公,＜名＞,,,,,,,,,,,,Wha―?!?
158700 ,,,,,,,,,,,,,,,,,,,,"Is that Komako-chan's voice? It sounds like she's struggling... no, it's a bit different."
158800 ,,,,,,,コマコ,コマコ,203_KC03a_k_008.wav,,,,,,,,,,,"Haaaaah, haaaah... nnnnnngh..."
158900 ,,,,,,,,,,,,,,,,,,,,This is the sound of someone having sex!
159000 ,,,,,,,,,,,,,,,,,,,,"A slightly restrained, yet sweet, nasal panting voice. That's what's coming from inside the room."
159100 ,,,,,,,主人公,＜名＞,,,,,,,,,,,,"Komako-chan, what are you doing? Maybe masturbating? No, but Chi-chan and Tenka-chan are here too..."
159200 ,,,,,,,,,,,,,,,,,,,,"Unable to resist my curiosity, I peeked into the room."
159300 ,,<!move_short_r>,10,31,,,千恵,千恵,203_KC03a_c_012.wav,,,,,,,,,,,Kuuu... suu...
159400 ,,,,,,,コマコ,コマコ,203_KC03a_k_009.wav,,,,"komakoL,privateB",,2,,,,",'Haa haa, n... Chii-chan, your sleeping face is also cute. Chuu, chuu▼'"
159500 ,,,,,,,主人公,＜名＞,,,,,komakoL,,2,,,,,''Ahhhh!'' (or ''Uhhhh!'')
159600 ,,,,,,,コマコ,コマコ,203_KC03a_k_010.wav,,,,komakoL,,22,,,,,"Nn, Chi-chan's lips are soft and squishy, y'know... *muah*▼"
159700 ,,,,,,,,,,,,,komakoL,,22,,,,,Chii-chan's lips are being kissed by Komako-chan repeatedly while she's asleep. That's not all.
159800 ,,,,,,,コマコ,コマコ,203_KC03a_k_011.wav,,,,komakoL,,33,,,,,"Haa haa...... Chi-chan's hands are so small and cute▼ Her fingers are so soft and squishy...... Ahhh, don't touch there like that......"
159900 ,,,,,,,,,,,,,komakoL,,33,,,,,"While saying that, Komako-chan was pressing chi-chan's hand against her own groin and writhing her hips."
160000 ,,,,,,,,,,,,,komakoL,,33,,,,,"Her eyes were glazed over and unfocused, and the breath escaping her lips was rough and sweet."
160100 ,,,,,,,,,,,,,komakoL,,33,,,,,"Oh, oh, oh, you're masturbating?!"
160200 ,,,,,,,コマコ,コマコ,203_KC03a_k_012.wav,,,,komakoL,,6,,,,,"Uh, if I keep going, maybe I'll wake up... nnnngh, but Chi-chan's hands feel so good..."
160300 ,,,,,,,,,,,,,komakoL,,6,,,,,"While peeking at Chi-chan's sleeping face little by little, Komako-chan's hip-swinging onanism doesn't stop."
160400 ,,,,,,,,,,,,,komakoL,,6,,,,,"Instead, it's getting even more intense."
160500 ,,,,,,,コマコ,コマコ,203_KC03a_k_013.wav,,,,komakoL,,22,,,,,"Honestly, I want you to touch me all over while I'm awake, Chi-chan. Like... my breasts... Touching them feels good, you know? Come on."
160600 ,,,,,,,千恵,千恵,203_KC03a_c_013.wav,,,,,,,,,,,Kuuu......suuu......nngh
160700 ,,,,,,,,,,,,,komakoL,,2,,,,,Coma-chan grows bolder and bolder as Chi-chan shows no sign of waking up at all.
160800 ,,,,,,,,,,,,,komakoL,,2,,,,,"Komako-chan, reaching out to gently squeeze and knead Chi-chan's small, soft breasts."
160900 ,,,,,,,,,,,,,komakoL,,2,,,,,"Then, Chi-chan twitched in reaction, and Komako-chan hastily pulled her hand away."
161000 ,,,,,,,コマコ,コマコ,203_KC03a_k_014.wav,,,,komakoL,,33,,,,,"Uh... I shouldn't wake them up, right? Ugh, but chi-chan's boobs are so cute. I want to touch them more..."
161100 ,,,,,,,,,,,,,komakoL,,33,,,,,Komako-chan stares at Chi-chan's breasts with lust-filled eyes.
161200 ,,,,,,,,,,,,,komakoL,,33,,,,,"The crotch part of the pants is pressed in so tightly that the shape of the vaginal muscles is visible, and the wrinkles there are being touched by Chii-chan's fingertips."
161300 ,,,,,,,,,,,,,komakoL,,33,,,,,I swallowed my saliva at the disgustingly lewd lesbian scene.
161400 ,,,,,,,コマコ,コマコ,203_KC03a_k_015.wav,,,,komakoL,,2,,,,,"Ahhh, Chi-chan... Chi-chan, I like you... I really like you!"
161500 ,,<!move_short>,,21,,,,,,,,,,,,,,,,The urge to cut in and the desire to just keep watching while jerking off clash.
161600 ,,,,,,,,,,,,,,,,,,,,"It's always Chii-chan getting to have Coma-chan do lewd things for her―it's unfair! Ah, but Coma-chan doing onanies with Chii-chan is so cute!"
161700 ,,,,,,,,,,,,,,,,,,,,What should I do...?
161900 ,,<se file=""fusuma_gata"">,,,,,,,,,,,,,,,,,,
162000 ,,<!move_short_r>,15,31,,,コマコ,コマコ,203_KC03a_k_016.wav,,,,komako,,4,,,,,W-What?!
162100 ,,,,,,,,,,,,,komako,,4,,,,,Oh no! It looks like I leaned too hard on the sliding door and put too much weight on it.
162200 ,,,,,,,,,,,,,komako,,4,,,,,Komako-chan flinched and is looking over here. Our eyes met.
162300 ,,,15,31,,,コマコ,コマコ,203_KC03a_k_017.wav,,,,"komakoL,privateB",,16,,,,",...............I haven't done anything."
162400 ,,,,,,,,,,,,,komakoL,,16,,,,,"Even if she was caught, Komako-chan turned away as if she felt bad about being scolded."
162500 ,,,,,,,,,,,,,komakoL,,16,,,,,"No, no, no! It can't be that you did all that for nothing!"
162600 ,,,,,,,,,,,,,komakoL,,16,,,,,"Or rather, the hair stuck to my sweaty cheeks, the flushed nape of my neck... and the pants still clinging to me..."
162700 ,,,,,,,,,,,,,komakoL,,16,,,,,I can't just pretend I didn't see it!
162800 ,,,,,,,主人公,＜名＞,,,,,komakoL,,16,,,,,You don't have to hide it. Uncle also understands Komako-chan's feelings very well.
162900 ,,,,,,,コマコ,コマコ,203_KC03a_k_018.wav,,,,komakoL,,32,,,,,What's going on? / What's the deal? / What's that supposed to mean? / What do you mean?
163000 ,,,,,,,,,,,,,komakoL,,32,,,,,I went up to the room and lay down beside Komako-chan.
163100 ,,,,,,,,,,,,,komakoL,,32,,,,,Komako-chan gave a suspicious look while leaning her body toward Chi-chan.
163200 ,,,,,,,主人公,＜名＞,,,,,komakoL,,32,,,,,"Since Uncle likes Komako however he wants, just like Komako likes Chi-chan, you must have wanted to do something naughty, right?"
163300 ,,,,,,,コマコ,コマコ,203_KC03a_k_019.wav,,,,komakoL,,6,,,,,...should I tell Chi-chan?
163400 ,,,,,,,,,,,,,komakoL,,6,,,,,"Komako-chan keeps glancing over here nervously, as if she's really scared of getting caught by chi-chan."
163500 ,,,,,,,,,,,,,komakoL,,6,,,,,"Even if you've come this far, maybe you still think it's too early for that kind of thing."
163600 ,,,,,,,主人公,＜名＞,,,,,komakoL,,6,,,,,"If Komako wants to keep it a secret, I won't say anything. Uncle is on Komako's side anyway."
163700 ,,,,,,,コマコ,コマコ,203_KC03a_k_020.wav,,,,komakoL,,2,,,,,...thank you.
163800 ,,,,,,,,,,,,,komakoL,,2,,,,,"I pulled Komako-chan close, who looked relieved."
163900 ,,,,,,,コマコ,コマコ,203_KC03a_k_021.wav,,,,komakoL,,13,,,,,Uncle?
164000 ,,,,,,,主人公,＜名＞,,,,,komakoL,,13,,,,,"But, Komako-chan, isn't your handjob half-finished? Don't you want to cum?"
164100 ,,,,,,,コマコ,コマコ,203_KC03a_k_022.wav,,,,komakoL,,26,,,,,Hmm... I feel itchy.
164200 ,,,,,,,,,,,,,komakoL,,26,,,,,"While blushing, Komako-chan nods with a ''ko-kun.''"
164300 ,,,,,,,,,,,,,komakoL,,26,,,,,"Oh, that's nice. How cute! I love how pure you are when it comes to Komako-chan's enjoyable things, Uncle!"
164400 ,,,,,,,主人公,＜名＞,,,,,komakoL,,26,,,,,"Well then, well then, can I use Uncle's dick? Look, Uncle's always ready and okay!"
164500 ,,,,,,,コマコ,コマコ,203_KC03a_k_023.wav,,,,komakoL,,24,,,,,Wha―?!?
164600 ,,,,,,,,,,,,,komakoL,,24,,,,,"Just now, like how Komako-chan was doing to Chi-chan, push Komako-chan's hand onto my dick."
164700 ,,,,,,,,,,,,,komakoL,,24,,,,,"After seeing Komako-chan's onanies, it was already rock hard."
164800 ,,,,,,,コマコ,コマコ,203_KC03a_k_024.wav,,,,komakoL,,26,,,,,"No, I don't want... not here."
164900 ,,,,,,,,,,,,,komakoL,,26,,,,,Komako-chan shakes her head from side to side and tries to pull her hand away from the penis.
165000 ,,,,,,,,,,,,,komakoL,,26,,,,,"But, I won't let that happen."
165100 ,,,,,,,,,,,,,komakoL,,26,,,,,"Here, I have to fuck Komako-chan and make her cum."
165200 ,,,,,,,,,,,,,komakoL,,26,,,,,"If that's the case, maybe Komako-chan will think that the uncle's dick feels better than Michi-chan's hand..."
165300 ,,,,,,,主人公,＜名＞,,,,,komakoL,,26,,,,,You don't have to be shy. Uncle just wants to make Chi-chan feel good.
165400 ,,,,,,,コマコ,コマコ,203_KC03a_k_025.wav,,,,komakoL,,13,,,,,Don't be so modest...
165500 ,,,,,,,主人公,＜名＞,,,,,komakoL,,13,,,,,"But look, here, it's so slippery, right? It's saying, ''Let's do it!''"
165600 ,,,,,,,コマコ,コマコ,203_KC03a_k_026.wav,,,,komakoL,,6,,,,,"Ah, uhh, don't touch... it's no good..."
165700 ,,,,,,,,,,,,,komakoL,,6,,,,,Forcefully shoving his hand in and touching Komako-chan's pussy.
165800 ,,,,,,,,,,,,,komakoL,,6,,,,,"That place was just being played with by Chi-chan's hand a moment ago, so it was completely slippery, and when I rubbed it with my fingers, the love juices overflowed."
165900 ,,,,,,,主人公,＜名＞,,,,,komakoL,,6,,,,,"Komako-chan is saying, 'Please make my pussy feel good.' If you tease her, she might cry."
166000 ,,,,,,,コマコ,コマコ,203_KC03a_k_027.wav,,,,komakoL,,34,,,,,"Hya, huh, n-no, don't touch there, it's bad... nngghhh!"
166100 ,,,,,,,,,,,,,komakoL,,34,,,,,"With fingers slick with love juices, as I teased Komako-chan's hard, knobby bud, her resistance softened."
166200 ,,,,,,,,,,,,,komakoL,,34,,,,,"Without hesitation, he shifted both his pants and underwear at once."
166300 ,,,,,,,主人公,＜名＞,,,,,komakoL,,34,,,,,"Come on, don't be shy!"
166500 ,,<!scene_h_begin>,11,,2230000,,,,,,,,,,,,,,,
166600 ,*mem,,,,2230000,,,,,,,,,,,,,,,
166700 ,,,11,,2230000,,コマコ,コマコ,203_KC03a_k_028.wav,komako,,0,,,,,,,,''Nnnnnnn
166800 ,,,,,2230000,,,,,,,,,,,,,,,"The thick, serious juices made her pussy slippery and wet all the way to the back, and it easily accepted my cock."
166900 ,,,,,2230000,,,,,,,,,,,,,,,Komako-chan desperately bites back her voice.
167000 ,,,,,2230000,,主人公,＜名＞,,,,,,,,,,,,"Huh? You said it was no good, but it just slipped in easily, huh?"
167100 ,,,,,2230000,,コマコ,コマコ,203_KC03a_k_029.wav,komako,,0,,,,,,,,"W-Well, idiot, idiot... old man's idiot... I told you it was no good..."
167200 ,,,,,2230000,,主人公,＜名＞,,,,,,,,,,,,"But, isn't Komako-chan's here happy about it? See?"
167300 ,,,,,2230000,,コマコ,コマコ,203_KC03a_k_030.wav,komako,,0,,,,,,,,～～～～っっ！
167400 ,,,,,2230000,,,,,,,,,,,,,,,"With just a slight wiggle of her hips, Komako-chan's insides tightened around me."
167500 ,,,,,2230000,,,,,,,,,,,,,,,"The hot water makes a disgustingly wet, slurping sound at the joint."
167600 ,,,,,2230000,,主人公,＜名＞,,,,,,,,,,,,"It's twitching, and Uncle's dick is being tightly sucked in. You really wanted it inside you, didn't you, Komako-chan? Your pussy..."
167700 ,,,,,2230010,,コマコ,コマコ,203_KC03a_k_031.wav,komako,,0,,,,,,,,No... what I wanted you to put in was...
167800 ,,,,,2230010,,,,,,,,,,,,,,,Komako-chan glances at Chii-chan's fingers with a flickering gaze.
167900 ,,,,,2230010,,,,,,,,,,,,,,,That greedy look in his eyes again flickered with flames of jealousy in my chest.
168000 ,,,,,2230010,,主人公,＜名＞,,,,,,,,,,,,"Did you want me to put my finger in chi-chan's? But chi-chan's asleep, so you can't do that."
168100 ,,,,,2230000,,コマコ,コマコ,203_KC03a_k_032.wav,komako,,0,,,,,,,,"I get it, but..."
168200 ,,,,,2230000,,主人公,＜名＞,,,,,,,,,,,,"Yeah, yeah, I understand how you feel. So, please endure with Uncle's dick instead of Chi-chan's fingers."
168300 ,,,,,2230000,,,,,,,,,,,,,,,There is a faint ache in my chest at the thought that it's a substitute of my own.
168400 ,,,,,2230000,,,,,,,,,,,,,,,But the joy of being able to have sex with Komako-chan outweighed that.
168500 ,,,,,2230000,,コマコ,コマコ,203_KC03a_k_033.wav,komako,,0,,,,,,,,Y-yah... that's totally different...
168600 ,,,,,2230000,,主人公,＜名＞,,,,,,,,,,,,What's the difference?
168700 ,,,,,2230010,,コマコ,コマコ,203_KC03a_k_034.wav,komako,,0,,,,,,,,Uncle's dick is way thicker... *ngh*!
168800 ,,,,,2230010,,主人公,＜名＞,,,,,,,,,,,,"Yeah, Komako-chan's tiny little pussy is all filled up, huh?"
168900 ,,,,,2230010,,,,,,,,,,,,,,,"Just a quick in-and-out motion, and it hits *thud* right at the very back of Komako-chan's belly."
169000 ,,,,,2230010,,,,,,,,,,,,,,,Then the entrance would tighten up again with a snap.
169100 ,,,,,2230010,,コマコ,コマコ,203_KC03a_k_035.wav,komako,,0,,,,,,,,"Y-yah, don't move it, okay..."
169200 ,,,,,2230010,,主人公,＜名＞,,,,,,,,,,,,"Why? Because it hits the good spot, right?"
169300 ,,,,,2230000,,コマコ,コマコ,203_KC03a_k_036.wav,komako,,0,,,,,,,,"No, that's not right... Chi-chan is sleeping, so it's not allowed to do something naughty... Please take out your penis..."
169400 ,,,,,2230000,,主人公,＜名＞,,,,,,,,,,,,"You say 'take it out,' but it's Komako-chan who won't let go of Uncle's dick, right? See?"
169500 ,,,,,2230000,,コマコ,コマコ,203_KC03a_k_037.wav,komako,,0,,,,,,,,"Yah, no, no... that's not it... that's not it... nnnngh..."
169600 ,,,,,2230000,,,,,,,,,,,,,,,"Try moving your cock around inside like you're kneading the depths with the tip, rolling it around."
169700 ,,,,,2230000,,,,,,,,,,,,,,,"Koma-chan's vaginal rugae are twitching and quivering, wrapping around it. The vaginal opening narrows as if trying not to let it go."
169800 ,,,,,2230000,,,,,,,,,,,,,,,It looks like it might tear at the root.
169900 ,,,,,2230000,,主人公,＜名＞,,,,,,,,,,,,"See? You can tell just by looking that it says ''ky?,'' right?"
170000 ,,,,,2230010,,コマコ,コマコ,203_KC03a_k_038.wav,komako,,0,,,,,,,,"W-well, if my dick is played with there, that place just starts tingling on its own, and then it gets all *kyun*..."
170100 ,,,,,2230010,,主人公,＜名＞,,,,,,,,,,,,"It really feels good, doesn't it? You're dripping way more sauce than when I was doing it with my hands, Chi-chan."
170200 ,,,,,2230010,,コマコ,コマコ,203_KC03a_k_039.wav,komako,,0,,,,,,,,Something like that...
170300 ,,,,,2230010,,主人公,＜名＞,,,,,,,,,,,,"Oh come on, things like that happen, you know."
170400 ,,,,,2230010,,,,,,,,,,,,,,,"Try to slowly thrust in and out against the tight grip of Komako-chan's mouth, which won't let go of my dick."
170500 ,,,,,2230010,,,,,,,,,,,,,,,"Then, a large amount of love juice overflowed all at once."
170600 ,,,,,2230010,,,,,,,,,,,,,,,Making deliberate noises like ''nutchu nutchu'' while slowly rubbing Komako-chan's vagina with my cock.
170800 ,,,,,2230000,,コマコ,コマコ,203_KC03a_k_040.wav,komako,,0,,,,,,,,''Faaaaaa
170900 ,,,,,2230000,,,,,,,,,,,,,,,"When the rough part was stimulated with the head of the penis, Komako-chan couldn't hold back and let out a cry."
171000 ,,,,,2230000,,,,,,,,,,,,,,,"With a slight jerk, I arch my back and tense my buttocks."
171100 ,,,,,2230000,,主人公,＜名＞,,,,,,,,,,,,"Komako-chan, you like it when your pussy is rubbed by my cock, huh? Yeah, I see, my fingers couldn't play with this spot like this."
171200 ,,,,,2230010,,コマコ,コマコ,203_KC03a_k_041.wav,komako,,0,,,,,,,,"Nn, da, datte, pants no naka ni yubi ireta ra, sasuga ni chi-chan, okichau..."
171300 ,,,,,2230010,,主人公,＜名＞,,,,,,,,,,,,"Yeah, yeah, so, Uncle will rub your little dick full of it for you."
171400 ,,,,,2230000,,コマコ,コマコ,203_KC03a_k_042.wav,komako,,0,,,,,,,,"Yah, nnn, no... stop... please... take it out... nnnnngh..."
171500 ,,,,,2230000,,,,,,,,,,,,,,,"While saying so with her mouth, Komako-chan's waist was writhing just like when it was being played with by Chi-chan's hand."
171600 ,,,,,2230000,,,,,,,,,,,,,,,"Her ass swaying lewdly, she's coming to shove my dick into her mouth on her own."
171700 ,,,,,2230000,,主人公,＜名＞,,,,,,,,,,,,"Hmm? Even though she's saying no, Komako-chan's butt is shaking, huh?"
171800 ,,,,,2230010,,コマコ,コマコ,203_KC03a_k_043.wav,komako,,0,,,,,,,,Nnnnngh... there's no way that's... true...
171900 ,,,,,2230010,,主人公,＜名＞,,,,,,,,,,,,Really? It seems like you were rubbing your pussy all over Mr. Uncle's dick like you were masturbating with Chi-chan's hand.
172000 ,,,,,2230000,,コマコ,コマコ,203_KC03a_k_044.wav,komako,,0,,,,,,,,"I didn't do it...... I didn't do that...... The other one was because Chii-chan's hand felt good, and not because of Uncle's dick or anything......"
172100 ,,,,,2230000,,,,,,,,,,,,,,,Komako-chan gave a look toward Chi-chan as if seeking help.
172200 ,,,,,2230000,,,,,,,,,,,,,,,"Hmm... even though I'm making you feel so good, it's a bit boring, you know?"
172300 ,,,,,2230000,,主人公,＜名＞,,,,,,,,,,,,"If Komako-chan isn't moving, then I'll move a lot, Uncle. I'm like a kind of onanistic tool for Komako-chan."
172400 ,,,,,2230010,,コマコ,コマコ,203_KC03a_k_045.wav,komako,,0,,,,,,,,"''Hyaaaahhh, n-no, so, so it's moving... nnnnnghhhh, nnnnnghhhh"
172500 ,,,,,2230010,,主人公,＜名＞,,,,,,,,,,,,"Since Komako-chan is too embarrassed to move her butt, Uncle will touch all of Komako-chan's good spots for you."
172600 ,,,,,2230010,,コマコ,コマコ,203_KC03a_k_046.wav,komako,,0,,,,,,,,"Y-yahhh, aaaahhh, n-nnngg...... Nooo, no more...... Don't do that there anymore...... I'm gonna lose it......"
172700 ,,,,,2230010,,,,,,,,,,,,,,,"The way she keeps squirming and moaning every time I lightly graze that slightly rough spot up in her vagina―it's definitely a major weak point of hers."
172800 ,,,,,2230010,,,,,,,,,,,,,,,"It was contracting tightly inside, sending waves of pleasure."
172900 ,,,,,2230010,,,,,,,,,,,,,,,"When you react so cutely, it just makes a man want to do more and more of it."
173000 ,,,,,2230010,,主人公,＜名＞,,,,,,,,,,,,What does ''going crazy'' feel like?
173100 ,,,,,2230000,,コマコ,コマコ,203_KC03a_k_047.wav,komako,,0,,,,,,,,"My stomach is burning hot...... and that itchy feeling over there is filling up, so......"
173200 ,,,,,2230000,,主人公,＜名＞,,,,,,,,,,,,"So, Komako-chan's pussy gets even more lewd."
173300 ,,,,,2230020,,コマコ,コマコ,203_KC03a_k_048.wav,komako,,0,,,,,,,,"Noooo... I don't want to feel good from Uncle's dick... nnnngh, not with Chii-chan's hands..."
173400 ,,,,,2230020,,,,,,,,,,,,,,,"Even now, after all this time, Komako-chan is still gazing at Chi-chan's hand with lingering affection."
173500 ,,,,,2230020,,,,,,,,,,,,,,,"It seems your pussy has completely accepted my dick, though."
173600 ,,,,,2230020,,主人公,＜名＞,,,,,,,,,,,,"No, that's not good, see? Today, you have to endure it with Uncle's hand. Uncle will do his best. See? If it's not enough, I'll do more for you. Here? Or here?"
173700 ,,,,,2230000,,コマコ,コマコ,203_KC03a_k_049.wav,komako,,0,,,,,,,,"Hyaaaaaahhh, ahhh, nnnghhh...... yaaaaaahhh...... nkguuuuuhhh, inside, and, there too, nooo, can't, pull it outttt......"
173800 ,,,,,2230000,,,,,,,,,,,,,,,Poking at the depths repeatedly or pressing on Komako-chan's weak points will make Komako-chan's pussy the only one that behaves.
173900 ,,,,,2230000,,,,,,,,,,,,,,,"She clings tightly to my cock like she's seeking comfort, squeezing it happily."
174000 ,,,,,2230010,,コマコ,コマコ,203_KC03a_k_050.wav,komako,,0,,,,,,,,"Faaah...... yaaaah, nnnngh, chi-chan, chi-chan......"
174100 ,,,,,2230010,,,,,,,,,,,,,,,"But, my gaze was fixed on chi-chan the whole time, so it really felt like chi-chan was using me as a toy to masturbate with my dick."
174200 ,,,,,2230010,,,,,,,,,,,,,,,"Well, it's a bit boring, I guess... ugh, I just want you to think about me more."
174300 ,,,,,2230010,,,,,,,,,,,,,,,"Feeling a little mischievous, I leaned my lips close to Komako-chan's ear."
174400 ,,,,,2230010,,主人公,＜名＞,,,,,,,,,,,,"If you make such a loud noise, the kids will wake up!"
174600 ,,,,,2230020,,コマコ,コマコ,203_KC03a_k_051.wav,komako,,0,,,,,,,,Ahhhh!
174700 ,,,,,2230020,,,,,,,,,,,,,,,Komako-chan flinches and bites her lips desperately.
174800 ,,,,,2230020,,,,,,,,,,,,,,,"And in sync with that, her pussy was also twitching and convulsing."
174900 ,,,,,2230020,,主人公,＜名＞,,,,,,,,,,,,Is it okay if you get caught having sex with Uncle-chan?
175000 ,,,,,2230020,,コマコ,コマコ,203_KC03a_k_052.wav,komako,,0,,,,,,,,That's... no...
175100 ,,,,,2230020,,,,,,,,,,,,,,,"Komako-chan, shaking her head vigorously like a buzzing sound and making a whining voice like a mosquito."
175200 ,,,,,2230020,,主人公,＜名＞,,,,,,,,,,,,"Okay, let's try to hold back your voice a little more. You can do it, right? You're a good kid."
175300 ,,,,,2230000,,コマコ,コマコ,203_KC03a_k_053.wav,komako,,0,,,,,,,,"Before that, I took out my dick... nnnnnnnnn!"
175400 ,,,,,2230000,,,,,,,,,,,,,,,"You were trying to escape from me, Komako-chan, but when I pulled you back and thrust you all the way to the hilt, you stiffened."
175500 ,,,,,2230000,,,,,,,,,,,,,,,She's biting her lips and struggling to hold back her voice.
175600 ,,,,,2230000,,主人公,＜名＞,,,,,,,,,,,,"If we spend too much time on it, she might wake up, so let's finish it quickly. Let's call it a day if Komako gets up."
175700 ,,,,,2230020,,コマコ,コマコ,203_KC03a_k_054.wav,komako,,0,,,,,,,,Wha―?! Gonna cum from Uncle's dick... nnnnnnngh!
175800 ,,,,,2230020,,,,,,,,,,,,,,,"Before I could finish speaking, I resumed stroking."
175900 ,,,,,2230020,,,,,,,,,,,,,,,"Not like the slow movement from before, but thrust into Komako-chan's center rhythmically, like doing push-ups."
176000 ,,,,,2230020,,コマコ,コマコ,203_KC03a_k_055.wav,komako,,0,,,,,,,,"Nnngg!? Nnngg! Nnn~nnnngggg, nmuu...... nnn~nnnngggg!"
176100 ,,,,,2230020,,主人公,＜名＞,,,,,,,,,,,,"Yeah, yeah, tell me if you do it. Uncle, you're helping Komako-chan with her masturbation."
176200 ,,,,,2230020,,コマコ,コマコ,203_KC03a_k_056.wav,komako,,0,,,,,,,,Nnngg! N~ngg!! Mmmmmnnnngggg! Mmmmmngggg!
176300 ,,,,,2230020,,,,,,,,,,,,,,,"Komako-chan is shaking her head vigorously from side to side like ''bun bun,'' but since her pussy is making ''kyukkyu'' sounds of joy, she must be feeling good, right?"
176400 ,,,,,2230020,,,,,,,,,,,,,,,"Before, I would have cum right away just from fucking in and out of such a tight pussy like this."
176500 ,,,,,2230020,,,,,,,,,,,,,,,"But lately, I've been thinking about my time with Komako-chan so much that I've been jerking off repeatedly, so I still have plenty left."
176600 ,,,,,2230020,,,,,,,,,,,,,,,"Of course it feels great, and it's unbearably wonderful."
176700 ,,,,,2230020,,コマコ,コマコ,203_KC03a_k_057.wav,komako,,0,,,,,,,,Nnmuhfuuuuuu... nnnnn... nnuuuu...
176800 ,,,,,2230020,,主人公,＜名＞,,,,,,,,,,,,"Sorry, the old man interrupted me while I was coming. It must have been hard on you. I'll take responsibility and make sure you come properly."
176900 ,,,,,2230000,,コマコ,コマコ,203_KC03a_k_058.wav,komako,,0,,,,,,,,Ahhh... I want to... nnngggg!!  Nmuu~!!
177000 ,,,,,2230000,,主人公,＜名＞,,,,,,,,,,,,"Huh? You want to come, huh, yeah yeah, okay. Come as much as you want and feel good."
177100 ,,,,,2230020,,コマコ,コマコ,203_KC03a_k_059.wav,komako,,0,,,,,,,,''N-nooooooo
177200 ,,,,,2230020,,,,,,,,,,,,,,,"Every time Komako tried to say something, she bit her lips as the glans rubbed her weak spot in a gurgling motion."
177300 ,,,,,2230020,,,,,,,,,,,,,,,"Yet, a gasp that couldn't be held back escaped from the corner of her mouth."
177400 ,,,,,2230020,,,,,,,,,,,,,,,"While trying not to make a sound and glancing at Chi-chan from time to time, Komako-chan is incredibly sexy and cute, and her hip movements make you get so worked up."
177600 ,,,,,2230030,,コマコ,コマコ,203_KC03a_k_060.wav,komako,,0,,,,,,,,"Please... take it out... uncle, forgive me..."
177700 ,,,,,2230030,,主人公,＜名＞,,,,,,,,,,,,Huh? You mean forgive?
177800 ,,,,,2230030,,,,,,,,,,,,,,,"Still, if I moved too roughly, it seemed like the old man would cum before Komako-chan, so I eased up a bit on my movements."
177900 ,,,,,2230030,,,,,,,,,,,,,,,"Then, Komako-chan looked at me with teary eyes and glanced away."
178000 ,,,,,2230000,,コマコ,コマコ,203_KC03a_k_061.wav,komako,,0,,,,,,,,"Please, stop already... If you keep going like this, I'll really go crazy..."
178100 ,,,,,2230000,,主人公,＜名＞,,,,,,,,,,,,What does it mean to ''go crazy'' or ''lose it''?
178200 ,,,,,2230030,,コマコ,コマコ,203_KC03a_k_062.wav,komako,,0,,,,,,,,"F, ahhhhhh...... it's from there... no, that's... not there, noooo......"
178300 ,,,,,2230030,,,,,,,,,,,,,,,"The speed was reduced, but in exchange, he grinds his cock into her vagina in a slow, teasing manner."
178400 ,,,,,2230030,,,,,,,,,,,,,,,The head of the turtle is stirring around inside Komako-chan's vagina with a slurping sound.
178500 ,,,,,2230030,,コマコ,コマコ,203_KC03a_k_063.wav,komako,,0,,,,,,,,"O-chin-chin, it feels so good... I'll remember it... from now on..."
178600 ,,,,,2230030,,主人公,＜名＞,,,,,,,,,,,,"But even when you had your first time doing it, you did say that the penis felt good, right?"
178700 ,,,,,2230010,,コマコ,コマコ,203_KC03a_k_064.wav,komako,,0,,,,,,,,"Yeah, but... no, that's not it... uh, more... no, this is bad, it was better when it was Chichan's hand... ugh..."
178800 ,,,,,2230010,,,,,,,,,,,,,,,"While saying such things, Komako-chan had tears welling up in the corners of her eyes."
178900 ,,,,,2230010,,,,,,,,,,,,,,,"Well, well, it's true that your dick feels better than the handjob you just had."
179000 ,,,,,2230010,,,,,,,,,,,,,,,But... maybe it's because you love Chi-chan so much that you don't want to admit it.
179100 ,,,,,2230030,,コマコ,コマコ,203_KC03a_k_065.wav,komako,,0,,,,,,,,Please stop... take it out... I beg you...
179200 ,,,,,2230030,,主人公,＜名＞,,,,,,,,,,,,"No, Uncle, I've decided to make Komako cum!"
179300 ,,,,,2230030,,,,,,,,,,,,,,,But such illusions will be shattered!
179400 ,,,,,2230000,,コマコ,コマコ,203_KC03a_k_066.wav,komako,,0,,,,,,,,"H-huh, ahh......f-fuuhhhh......p-please, no more, don't tease me there anymore......!!"
179500 ,,,,,2230000,,主人公,＜名＞,,,,,,,,,,,,"Damn it. Because Uncle also wants Coma-chan to fall in love with him. So, I'll make Coma-chan feel really good a lot."
179600 ,,,,,2230000,,,,,,,,,,,,,,,Koma-chan's weak spots are rubbed over and over again in a persistent way with the glans.
179700 ,,,,,2230000,,,,,,,,,,,,,,,"Every time Komako-chan lets out a lewd voice and wiggles her butt, it's so cute."
179800 ,,,,,2230030,,コマコ,コマコ,203_KC03a_k_067.wav,komako,,0,,,,,,,,''Hiiiiii
179900 ,,,,,2230030,,主人公,＜名＞,,,,,,,,,,,,Because Komako-chan lies. Komako-chan's pussy is so honest like this.
180000 ,,,,,2230030,,コマコ,コマコ,203_KC03a_k_068.wav,komako,,0,,,,,,,,"Liar, you're not telling the truth...... Honestly, I don't want any more of this..."
180100 ,,,,,2230030,,主人公,＜名＞,,,,,,,,,,,,"But, look, Komako-chan's here is twitching like she wants to come, isn't it?"
180200 ,,,,,2230030,,コマコ,コマコ,203_KC03a_k_069.wav,komako,,0,,,,,,,,''Yaaaaaa
180300 ,,,,,2230030,,,,,,,,,,,,,,,"Even if she stops moving, the fluttering inside Komako-chan is clearly conveyed."
180400 ,,,,,2230030,,,,,,,,,,,,,,,"If you pushed a little harder, it would probably make me cum right away."
180500 ,,,,,2230030,,主人公,＜名＞,,,,,,,,,,,,"It's fine, you don't have to be embarrassed. You were just masturbating a little while ago, so it's natural that you're more sensitive now."
180600 ,,,,,2230020,,コマコ,コマコ,203_KC03a_k_070.wav,komako,,0,,,,,,,,"It's not embarrassing... nnghhh... like this, in front of... Chii-chan..."
180700 ,,,,,2230020,,主人公,＜名＞,,,,,,,,,,,,Don't you hate it when your uncle makes you cum in front of Chi-chan?
180800 ,,,,,2230020,,,,,,,,,,,,,,,"While turning bright red all the way to her ears, Komako-chan nods with a ''kokun.''"
180900 ,,,,,2230020,,,,,,,,,,,,,,,"Gnuh... but if we've come this far, even old man here can't back down. Or rather, I want to go too."
181000 ,,,,,2230020,,主人公,＜名＞,,,,,,,,,,,,"Well then, you'd better cum even faster. Before Chii-chan wakes up."
181100 ,,,,,2230030,,コマコ,コマコ,203_KC03a_k_071.wav,komako,,0,,,,,,,,"No, wait, that's not it... ughhhh!"
181200 ,,,,,2230030,,主人公,＜名＞,,,,,,,,,,,,"It's not different, you know~. Come on, come on, if you hold it in, Chii-chan will wake up, you see?"
181300 ,,,,,2230000,,コマコ,コマコ,203_KC03a_k_072.wav,komako,,0,,,,,,,,"Ah, nngh, so roughly... shi... nna... yah, please, forgive me..."
181400 ,,,,,2230000,,主人公,＜名＞,,,,,,,,,,,,Dame
181500 ,,,,,2230000,,,,,,,,,,,,,,,"While catching Komako-chan's butt, gradually intensify the movements."
181600 ,,,,,2230000,,,,,,,,,,,,,,,"So, was Komako-chan also unable to endure the pleasure anymore, and her hips began to writhe more intensely in response to my movements?"
181800 ,,,,,2230040,,コマコ,コマコ,203_KC03a_k_073.wav,komako,,0,,,,,,,,"''Ahhhh, hiiiiii"
181900 ,,,,,2230040,,主人公,＜名＞,,,,,,,,,,,,Looks like you're gonna cum. You look like you're gonna cum?
182000 ,,,,,2230030,,コマコ,コマコ,203_KC03a_k_074.wav,komako,,0,,,,,,,,"No, not with old man's dick... not like this... getting touched like this in such a perverted way..."
182100 ,,,,,2230030,,主人公,＜名＞,,,,,,,,,,,,"Hmm~? So, is it okay if I just go ahead and do something naughty with chi-chan's hand?"
182200 ,,,,,2230020,,コマコ,コマコ,203_KC03a_k_075.wav,komako,,0,,,,,,,,"W-Well, that is..."
182300 ,,,,,2230020,,,,,,,,,,,,,,,Komako-chan flinches and looks away after being poked in a sore spot.
182400 ,,,,,2230020,,主人公,＜名＞,,,,,,,,,,,,"Uncle's dick is always available for use whenever you want, you know~. When you can't hold back and want to get frisky, just tell Uncle and it's all good."
182500 ,,,,,2230030,,コマコ,コマコ,203_KC03a_k_076.wav,komako,,0,,,,,,,,"Ahhhh, nooo, why me, an old man..."
182600 ,,,,,2230030,,主人公,＜名＞,,,,,,,,,,,,But isn't your dick feeling good?
182700 ,,,,,2230040,,コマコ,コマコ,203_KC03a_k_077.wav,komako,,0,,,,,,,,''Nnnnnnn
182800 ,,,,,2230040,,主人公,＜名＞,,,,,,,,,,,,Isn't it nice?
182900 ,,,,,2230040,,,,,,,,,,,,,,,"While repeatedly asking and thrusting vigorously into the tight vaginal hole with a *zuppo zuppo* sound, Komako-chan shook her head up and down with a *gaku gaku* motion."
183000 ,,,,,2230030,,コマコ,コマコ,203_KC03a_k_078.wav,komako,,0,,,,,,,,"Feels so good... I'll admit the cock feels good... so, just..."
183100 ,,,,,2230030,,主人公,＜名＞,,,,,,,,,,,,"If you feel good about it, you should do more of it."
183200 ,,,,,2230040,,コマコ,コマコ,203_KC03a_k_079.wav,komako,,0,,,,,,,,"No, please don't teach me any more about how good a penis feels... hyauuuu, it's too funny uu!"
183300 ,,,,,2230040,,主人公,＜名＞,,,,,,,,,,,,Why? Let's remember how good it feels―plenty of it!
183400 ,,,,,2230040,,,,,,,,,,,,,,,The control is gradually becoming less effective.
183500 ,,,,,2230040,,,,,,,,,,,,,,,"I want to think about Komako-chan, but at the same time, the urge to cum is building up just as strongly."
183600 ,,,,,2230040,,主人公,＜名＞,,,,,,,,,,,,"Hey, I'll make you feel good, Chii-chan, so remember exactly where you like it!"
183700 ,,,,,2230030,,コマコ,コマコ,203_KC03a_k_080.wav,komako,,0,,,,,,,,"I already remember it! I remember it, so... it's fine now...!"
183800 ,,,,,2230030,,主人公,＜名＞,,,,,,,,,,,,"No, come on, you gotta cum with your dick properly."
183900 ,,,,,2230040,,コマコ,コマコ,203_KC03a_k_081.wav,komako,,0,,,,,,,,"''Hyaaaahhhh, ahhhhhhhh, y-y-y-y"
184000 ,,,,,2230040,,,,,,,,,,,,,,,I didn't care about the jealousy or anything toward Mochi-chan.
184100 ,,,,,2230040,,,,,,,,,,,,,,,I'll use anything and everything to go with Komako-chan.
184200 ,,,,,2230040,,主人公,＜名＞,,,,,,,,,,,,"Come on, come on, where do you feel good? If you remember, say it!"
184300 ,,,,,2230040,,コマコ,コマコ,203_KC03a_k_082.wav,komako,,0,,,,,,,,"''Oh, your pussy... deep inside... hiiiiii"
184400 ,,,,,2230040,,主人公,＜名＞,,,,,,,,,,,,"Yeah, yeah, Komako-chan really is the top student in perversion, you said it well!"
184500 ,,,,,2230020,,コマコ,コマコ,203_KC03a_k_083.wav,komako,,0,,,,,,,,"Ah, uhhh, kuuuhhh, sooo, sooo, noooo more!"
184600 ,,,,,2230020,,主人公,＜名＞,,,,,,,,,,,,I'll let you drink all the milk from Uncle's dick as a reward!
184700 ,,,,,2230030,,コマコ,コマコ,203_KC03a_k_084.wav,komako,,0,,,,,,,,Huh?!'' or ''What?!
184800 ,,,,,2230030,,,,,,,,,,,,,,,Komako-chan is looking at me with tears welling up in her eyes.
184900 ,,,,,2230030,,,,,,,,,,,,,,,"I ruthlessly twisted my cock into the deepest part of Komako-chan and, while kneading around her cervix, whispered to her."
185000 ,,,,,2230030,,主人公,＜名＞,,,,,,,,,,,,"If you go outside, your clothes will get dirty, and it'll look like we did something naughty, right?"
185100 ,,,,,2230010,,コマコ,コマコ,203_KC03a_k_085.wav,komako,,0,,,,,,,,"W-Well, yeah, but..."
185200 ,,,,,2230010,,主人公,＜名＞,,,,,,,,,,,,"So, Uncle's nice slippery stuff will all come out inside Komako-chan's body!"
185300 ,,,,,2230030,,コマコ,コマコ,203_KC03a_k_086.wav,komako,,0,,,,,,,,"Oh, no, not that..."
185400 ,,,,,2230030,,主人公,＜名＞,,,,,,,,,,,,"So, let's go together, okay?"
185500 ,,,,,2230040,,コマコ,コマコ,203_KC03a_k_087.wav,komako,,0,,,,,,,,"''Yah, nmuuuuuuuhhh, fuuuuuuuhhh, fumuuuuuuu"
185600 ,,<!ef_flash>,,,2230040,,,,,,,,,,,,,,,The head of the penis swells even more with the anticipation of ejaculation.
185700 ,,,,,2230040,,,,,,,,,,,,,,,It seems like the bitterness inside Komako-chan is increasing. The trembling vaginal rugae that seem about to come are conveying it.
185800 ,,,,,2230040,,,,,,,,,,,,,,,I rubbed it hard against there and thrust into Komako-chan.
186000 ,,<!ef_shasei_l>,,,2230050,,コマコ,コマコ,203_KC03a_k_088.wav,komako,,0,,,,,,,,''Nnnnnnn
186100 ,,,,,2230050,,,,,,,,,,,,,,,bwahahahaha!
186200 ,,,,,2230050,,,,,,,,,,,,,,,The powerful ejaculation surged upward and struck Komako-chan's cervix before spreading throughout her vagina.
186300 ,,,,,2230050,,コマコ,コマコ,203_KC03a_k_089.wav,komako,,0,,,,,,,,"Nnnnnnnghhhhh, n, fffffuuuuu... nnnnnnnghhhhh!"
186400 ,,<!ef_shasei>,,,2230050,,,,,,,,,,,,,,,"*huff* *huff* *huff* *huff* *huff*"
186600 ,,<!ef_shasei>,,,2230050,,コマコ,コマコ,203_KC03a_k_090.wav,komako,,0,,,,,,,,"Hmmph, hmm, ughhhh, nngg, mmuuuu... nngg"
186700 ,,,,,2230050,,,,,,,,,,,,,,,The sensation of semen hitting the vagina and the twitching sensation of the penis during ejaculation.
186800 ,,,,,2230050,,,,,,,,,,,,,,,"Komako-chan's overly sensitive pussy seems to be getting really turned on just from that, and her vaginal spasms have been intense since earlier."
186900 ,,,,,2230050,,主人公,＜名＞,,,,,,,,,,,,"Hahahaha, Komako-chan also got off, huh? I can feel it all the way to my dick..."
187000 ,,,,,2230050,,コマコ,コマコ,203_KC03a_k_091.wav,komako,,0,,,,,,,,Nnmuuuuuu... hi... guh!
187100 ,,,,,2230050,,,,,,,,,,,,,,,"She was glaring at me with tearful eyes, Komako-chan, but when I rubbed her pussy, which was covered in cum, with my still-hard dick, she let out a cute voice."
187200 ,,,,,2230050,,,,,,,,,,,,,,,"It seems like you're being stimulated in a way that's too much to handle, and you can't hold it back anymore."
187300 ,,,,,2230050,,,,,,,,,,,,,,,How cute!
187400 ,,,,,2230050,,コマコ,コマコ,203_KC03a_k_092.wav,komako,,0,,,,,,,,"Huuuuh...... nnggghhh, nnggghhh...... uuuuuhhh......"
187500 ,,,,,2230050,,,,,,,,,,,,,,,"That way, while restraining her voice with all her might, Komako-chan thoroughly enjoyed her orgasm and squeezed out semen from the cock."
187600 ,,,,,2230050,,,,,,,,,,,,,,,"Just as Coma-chan finally caught her breath, a cocktail of love juices and semen overflowed from the seam where they were joined."
187800 ,,,,,2230060,,コマコ,コマコ,203_KC03a_k_093.wav,komako,,0,,,,,,,,Uu... that place still stings...
187900 ,,,,,2230060,,主人公,＜名＞,,,,,,,,,,,,"Really, it's still twitching, isn't it?"
188000 ,,,,,2230060,,,,,,,,,,,,,,,"Looking at it, Komako-chan's pussy was still twitching from the afterglow of her orgasm."
188100 ,,,,,2230060,,,,,,,,,,,,,,,"Every time the little frilly labia tremble, it's hot when the semen flows back out from inside."
188200 ,,,,,2230060,,,,,,,,,,,,,,,Tonight's snack is decided with this.
188300 ,,,,,2230060,,コマコ,コマコ,203_KC03a_k_094.wav,komako,,0,,,,,,,,Haa... haa... haa... don't look too much...
188400 ,,,,,2230060,,主人公,＜名＞,,,,,,,,,,,,"Uh, sorry."
188500 ,,,,,2230060,,,,,,,,,,,,,,,"While saying that, my eyes still end up looking over."
188600 ,,,,,2230060,,,,,,,,,,,,,,,"Komako-chan also just finished and is exhausted, so it seems she doesn't have the energy to hide yet."
188700 ,,,,,2230060,,,,,,,,,,,,,,,"The eyes are droopy, and there's a little drool at the corner of the mouth."
188800 ,,,,,2230060,,主人公,＜名＞,,,,,,,,,,,,"But you felt good, right? Uncle will always do it for you."
188900 ,,,,,2230060,,,,,,,,,,,,,,,It's clear that Komako-chan came with my dick.
189000 ,,,,,2230060,,,,,,,,,,,,,,,So I thought maybe next time too... and whispered while grinning.
189100 ,,,,,2230060,,コマコ,コマコ,203_KC03a_k_095.wav,komako,,0,,,,,,,,Ahhhh!
189200 ,$event_return,,,,,,,,,,,,,,,,,,,
189400 ,,<!scene_h_end>,8,31,,,,,,,,,,,,,,,,"But in that very moment, Komako-chan, who had been limp just a moment ago, got up with surprising agility."
189500 ,,,,,,,,,,,,,,,,,,,,"She pulls up her pants and trousers sharply, then glares at me."
189600 ,,,,,,,主人公,＜名＞,,,,,,,,,,,,K-Komako-chan?
189700 ,,,,,,,コマコ,コマコ,203_KC03a_k_096.wav,komako,,10,,,,,,,,"Old man, you idiot!"
189900 ,,<!ef_hit_zabuton>,,,,,,,,komako,,10,,,,,,,,"The next moment, a cushion had flown to my face."
190000 ,,,,,,,主人公,＜名＞,,komako,,10,,,,,,,,"W-wait! Komako-chan, what are you..."
190100 ,,,,,,,,,,komako,,10,,,,,,,,"Before anyone could answer the question of when the zabuton was thrown, Komako-chan closed in, holding another zabuton in one hand."
190200 ,,,,,,,コマコ,コマコ,203_KC03a_k_097.wav,komakoL,,30,,,,,,,,Stupid! Stupid! Stupid! That old man is stupid! I hate it! I really hate it now!
190300 ,,<!ef_hit_zabuton>,,,,,主人公,＜名＞,,komakoL,,30,,,,,,,,''Eeeeeee
190400 ,,,,,,,,,,komakoL,,30,,,,,,,,What? You gave me such a good time like that!
190500 ,,,,,,,,,,komakoL,,30,,,,,,,,"Well, you might have said ''no'' with your mouth, but in the end, you really felt it too... isn't ''no'' also part of love, though?"
190600 ,,,,,,,コマコ,コマコ,203_KC03a_k_098.wav,komakoL,,29,,,,,,,,"Stupid! I hate it! This time, I won't forgive you!"
190800 ,,<!ef_hit_zabuton>,,,,,,,,komakoL,,29,,,,,,,,The continuous attacks of the zafu cushion keep striking my face.
190900 ,,<!ef_hit_zabuton>,,,,,主人公,＜名＞,,komakoL,,29,,,,,,,,"Wait, wait, wait, just a minute, Komako-chan! If you talk about it, it'll be clear!"
191000 ,,,,,,,コマコ,コマコ,203_KC03a_k_099.wav,komakoL,,10,,,,,,,,No way! Uncle is still dumber than a dog! I'll never forgive him!
191100 ,,<!ef_hit_zabuton>,,,,,主人公,＜名＞,,komakoL,,10,,,,,,,,"Sorry, sorry, I won't do it anymore~!!"
191200 ,,,,,,,,,,komakoL,,10,,,,,,,,"The pain from being hit with a zafu cushion isn't that big of a deal, but when someone says things like ''I hate you'' or ''I won't forgive you,'' it really stings my heart!"
191300 ,,,,,,,,,,komakoL,,10,,,,,,,,"Unable to endure it, I reflexively did a dogeza (prostration) in front of her, and Komako-chan hit me with a floor cushion on top of that."
191400 ,,,,,,,コマコ,コマコ,203_KC03a_k_100.wav,komako,,15,,,,,,,,"Even if you apologize, I won't forgive you!"
191500 ,,<!ef_hit_zabuton>,,,,,主人公,＜名＞,,komako,,15,,,,,,,,"Come on, I said sorry~!"
191600 ,,<!ef_hit_zabuton>,,,,,,,,komako,,15,,,,,,,,"Oh, Komako-chan's anger doesn't seem to be easing. Someone, help!"
191700 ,,,,,,,千恵,千恵,203_KC03a_c_014.wav,,,,chie,,3,,,,,......What are you doing?
191800 ,,,,,,,,,,,,,chie,,3,,,,,Help came from right beside me immediately.
191900 ,,,,,,,コマコ,コマコ,203_KC03a_k_101.wav,komako,,13,chie,,3,,,,,Uh... this is... this is what Uncle said...
192000 ,,,,,,,,,,komako,,13,chie,,3,,,,,"It can't be said that she was hitting me because we had sex, so Komako-chan stutters."
192100 ,,,,,,,,,,komako,,13,chie,,3,,,,,"Oh, if I follow you here, maybe you'll let me off!"
192200 ,,,,,,,主人公,＜名＞,,komako,,13,chie,,3,,,,,"Uh, well, the old man accidentally ate Komako-chan's kinako candy stick. I'm sorry, Komako-chan!"
192300 ,,,,,,,,,,komako,,13,chie,,3,,,,,"Actually, it was Komako-chan who ate the stick, wasn't it?"
192400 ,,,,,,,コマコ,コマコ,203_KC03a_k_102.wav,komako,,14,chie,,3,,,,,"Ah, right! That's why I got angry!"
192500 ,,,,,,,千恵,千恵,203_KC03a_c_015.wav,komako,,14,chie,,10,,,,,"Oh, that's no good, Uncle. Sorry, did I do it?"
192600 ,,,,,,,主人公,＜名＞,,komako,,14,chie,,10,,,,,"Yeah, did it! I did it!"
192700 ,,,,,,,甜花,甜花,203_KC03a_t_005.wav,komako,,14,chie,,10,tenka,,12,,"Haaaa... but you don't have to get that mad over just one kinako stick, do you? I thought Komako was more mature than Chii, but she's still just a kid."
192800 ,,,,,,,コマコ,コマコ,203_KC03a_k_103.wav,komako,,31,chie,,10,tenka,,12,,......
192900 ,,,,,,,,,,komako,,31,chie,,10,tenka,,12,,Komako-chan turns bright red after being told that by Tenka-chan.
193000 ,,,,,,,千恵,千恵,203_KC03a_c_016.wav,komako,,31,chie,,23,tenka,,12,,"Koma-chan, oichan, I'm apologizing, so please forgive me. If it's the kinako stick, I'll share it with Chi-chan!"
193100 ,,,,,,,コマコ,コマコ,203_KC03a_k_104.wav,komako,,13,chie,,23,tenka,,12,,"D-d! D-d! Got it, I'll forgive you!"
193200 ,,,,,,,,,,komako,,13,chie,,23,tenka,,12,,Got it!
193300 ,,,,,,,,,,,,,,,,,,,,"In the end, it was thanks to Chii-chan, which is a bit hard to accept, but I was allowed to be forgiven."
193400 ,,,,,,,,,,,,,,,,,,,,"But this time, I ended up being even lower than a pet dog."
193500 ,,,,,,,,,,,,,,,,,,,,"When will it be before Uncle, you become Komako-chan's number one favorite person?"
193600 ,,,,,,,,,,,,,,,,,,,,Haa... the future seems to be fraught with difficulties.
193700 ,,<!Lend_scene_change>,0,9001,,,,,,,,,,,,,,,,
193900 ,@204_KC03b,,,,,,,,,,,,,,,,,,,
194200 ,,<!Lbegin_scene_change>,15,33,,,主人公,＜名＞,,,,,,,,,,,,"Haaaa～......Maybe I went a little too far, huh?"
194300 ,,,,,,,,,,,,,,,,,,,,"I said I would forgive, but in the end, after that, Komako-chan wouldn't even talk to me."
194400 ,,,,,,,,,,,,,,,,,,,,"When leaving, I was just sent off with not even a goodbye greeting, like ''puit.''"
194500 ,,,,,,,主人公,＜名＞,,,,,,,,,,,,"Uh-oh, what if Komako-chan hates me now..."
194600 ,,,,,,,,,,,,,,,,,,,,"Now, more than ever, regret wells up inside me. While doing it, the pleasure and excitement came first, and I ended up having sex with Komakochan in the flow of things...."
194700 ,,,,,,,,,,,,,,,,,,,,"Komako-chan is still mad, huh? But but, Komako-chan seemed to enjoy it too, and I made sure she came through..."
194800 ,,,,,,,,,,,,,,,,,,,,"Someone came into the store just as I was doodling aimlessly on the tatami mat. What the hell, at a time like this."
194900 ,,,,,,,,,,,,,,,,,,,,"I can't ignore it, so I'll stand up with a ''come on'' and open the sliding door."
195000 ,,<!move_veryshort>,,43,,,主人公,＜名＞,,,,,,,,,,,,"Sorry, we're already closed... wait, Komako-chan?!"
195100 ,,,,,,,,,,,,,,,,,,,,And there was Komako-chan.
195200 ,,<!move_short>,,23,,,コマコ,コマコ,204_KC03b_k_000.wav,"komako,privateB",,37,,,,,,,",......"
195300 ,,,,,,,,,,komako,,37,,,,,,,,She's looking at me with those sleepy eyes. Yeah... she's still mad.
195400 ,,,,,,,,,,komako,,37,,,,,,,,"But, if you went out of your way to come here, maybe there's something you wanted to talk about."
195500 ,,,,,,,主人公,＜名＞,,komako,,37,,,,,,,,"Uh, well, let's go up first. Do you want some tea or anything?"
195600 ,,,,,,,コマコ,コマコ,204_KC03b_k_001.wav,komako,,35,,,,,,,,I don't need it.
195700 ,,<!move_short_r>,,43,,,,,,,,,,,,,,,,"Komako-chan puffed out her cheeks, looking grumpy, and stomped into the back room with big strides. Ugh, she's still mad!"
195800 ,,,,,,,,,,,,,,,,,,,,What should I do if I'm told not to have sex with me anymore... I absolutely hate that!
195900 ,,,,,,,主人公,＜名＞,,,,,,,,,,,,"Uh, uh, what's wrong? Did you forget something?"
196000 ,,,,,,,,,,,,,,,,,,,,"I nervously spoke to her, and Komako-chan was surely glaring at me. The next moment, Komako-chan grabbed the zabuton and swung it back with a large motion."
196100 ,,<!ef_hit_zabuton>,14,,,,,,,"komakoL,privateB",,10,,,,,,,",Bash!"
196200 ,,,,,,,主人公,＜名＞,,komakoL,,10,,,,,,,,Ow!
196300 ,,<!ef_hit_zabuton>,,,,,,,,komakoL,,10,,,,,,,,bash! bash! bash! bash! bash! bash!
196400 ,,<!ef_hit_zabuton>,,,,,,,,komakoL,,10,,,,,,,,"The zafu cushion's continuous attacks strike my face, arms, chest, and stomach."
196500 ,,,,,,,主人公,＜名＞,,komakoL,,1,,,,,,,,"Oh my, what? What's wrong?"
196600 ,,,,,,,コマコ,コマコ,204_KC03b_k_002.wav,komakoL,,30,,,,,,,,"I haven't been scolded enough yet. I'm still angry, okay?"
196700 ,,<!ef_hit_zabuton>,,,,,,,,komakoL,,30,,,,,,,,bash! bash! bash!
196800 ,,,,,,,,,,komakoL,,30,,,,,,,,"Before Chi-chan put away her spear for a moment, Komako-chan's mind didn't seem to have calmed down at all."
196900 ,,,,,,,コマコ,コマコ,204_KC03b_k_003.wav,komakoL,,15,,,,,,,,"You said no, didn't you? I told you it was no good, but you force yourself on me for something dirty! I hate it! I really, really hate it!"
197000 ,,,,,,,主人公,＜名＞,,komakoL,,15,,,,,,,,"Sorry, sorry, so sorry~! Because Komako-chan was too cute~!"
197100 ,,,,,,,コマコ,コマコ,204_KC03b_k_004.wav,komakoL,,10,,,,,,,,"You're an adult, so don't make excuses!"
197200 ,,,,,,,主人公,＜名＞,,komakoL,,10,,,,,,,,"Sorry, but... it's because I like Komako-chan! If she shows me such a sexy look, I can't hold it back!"
197300 ,,,,,,,コマコ,コマコ,204_KC03b_k_005.wav,komakoL,,29,,,,,,,,"You can't just give in! You idiot, Uncle! Even Rica can wait properly!"
197400 ,,,,,,,主人公,＜名＞,,komakoL,,29,,,,,,,,"Uu~... I'm sorry for being worse than a dog, old man~."
197500 ,,,,,,,,,,komakoL,,29,,,,,,,,How pathetic.
197600 ,,,,,,,,,,komakoL,,29,,,,,,,,"I was told I was even below a dog. Ugh, if things keep going like this, I'll be hated by Komako-chan."
197700 ,,,,,,,,,,komakoL,,29,,,,,,,,"But, I really liked Komako-chan, so I wanted to have sex with her~."
197800 ,,,,,,,コマコ,コマコ,204_KC03b_k_006.wav,komakoL,,34,,,,,,,,Ha-ha-ha...
197900 ,,,,,,,,,,komakoL,,34,,,,,,,,She was so out of breath from hitting me too hard that Komako-chan stopped for a moment and glared at me with a fierce look.
198000 ,,,,,,,,,,komakoL,,34,,,,,,,,"Well, I have to try to cheer him up somehow during this opportunity. I don't really want to say it, but if it's come to this, there's only one way."
198100 ,,,,,,,主人公,＜名＞,,komakoL,,34,,,,,,,,"Hey, let's make it so Komako-chan can do it with Chi-chan!"
198200 ,,,15,,,,コマコ,コマコ,204_KC03b_k_007.wav,komakoL,,24,,,,,,,,''Ahhhh!'' (or ''Uhhhh!'')
198300 ,,,,,,,,,,komakoL,,24,,,,,,,,"Komako-chan was swinging the zabuton around again, but suddenly stopped her movement."
198400 ,,,,,,,,,,komakoL,,24,,,,,,,,She tilted her head in a curious manner.
198500 ,,,,,,,コマコ,コマコ,204_KC03b_k_008.wav,komakoL,,13,,,,,,,,Really?... But how?
198600 ,,,,,,,主人公,＜名＞,,komakoL,,13,,,,,,,,"If Komako-chan confesses to chi-chan, you can do it! Because even Uncle did it with Komako-chan after confessing to her!"
198700 ,,,,,,,コマコ,コマコ,204_KC03b_k_009.wav,komakoL,,11,,,,,,,,Mmm... mmph...
198800 ,,,,,,,,,,komakoL,,11,,,,,,,,"Koma-chan lowers her arm and starts thinking. Even I think it's a messy conversation, but it might work."
198900 ,,,,,,,主人公,＜名＞,,komakoL,,11,,,,,,,,"Tomorrow, Tenka-chan will go home early because of some errands at her house, right?"
199000 ,,,,,,,コマコ,コマコ,204_KC03b_k_010.wav,komakoL,,32,,,,,,,,Uh-huh.
199100 ,,,,,,,主人公,＜名＞,,komakoL,,32,,,,,,,,"So if you do that, then after that, ask Chi-chan and Komako-chan, the two of you, to stay home and watch the place, and then you can confess at that time!"
199200 ,,,,,,,主人公,＜名＞,,komakoL,,32,,,,,,,,"So if you say you want to do it with Chi-chan, I'll let you!"
199300 ,,,,,,,コマコ,コマコ,204_KC03b_k_011.wav,komakoL,,13,,,,,,,,But... can you really get so intimate just by confessing?
199400 ,,,,,,,,,,komakoL,,13,,,,,,,,"Komako-chan gives me a look full of suspicion. Uh, maybe it was too sloppy after all."
199500 ,,,,,,,,,,komakoL,,13,,,,,,,,"No, but this is the only way to push through."
199600 ,,,,,,,主人公,＜名＞,,komakoL,,13,,,,,,,,"It's okay! Girls get happy when they're told 'you like me,' and if you say 'I like you so much that I want to have sex with you,' they'll be glad to do it!"
199700 ,,,,,,,コマコ,コマコ,204_KC03b_k_012.wav,komakoL,,12,,,,,,,,"...Even if my uncle says things like 'I want to do it with you' or 'I like you,' I don't really feel happy about it."
199800 ,,,,,,,,,,komakoL,,12,,,,,,,,Zzz! (or ''Good sleep!'')
199900 ,,,,,,,,,,komakoL,,12,,,,,,,,"Oh, that one really stung. It stung so much. I feel like I want to curl up and cry my eyes out right now―my chest hurts so badly."
200000 ,,,,,,,,,,komakoL,,12,,,,,,,,"But here, I can't give up. Holding back my tears, I forced a smile."
200100 ,,,,,,,主人公,＜名＞,,komakoL,,12,,,,,,,,"Ah, not *that* much... doesn't that mean you were at least a little happy?"
200200 ,,,,,,,コマコ,コマコ,204_KC03b_k_013.wav,komakoL,,13,,,,,,,,"Well, um... a little, I guess. Just a little, okay? Really just a little, okay?"
200300 ,,,,,,,,,,komakoL,,13,,,,,,,,You don't have to emphasize it that much....
200400 ,,,,,,,,,,komakoL,,13,,,,,,,,"But when I see that Komako-chan's usually snow-white cheeks are just a little flushed pink, it seems like she wasn't entirely opposed to being confessed to after all."
200500 ,,,,,,,,,,komakoL,,13,,,,,,,,"Well, whatever you say, you're letting me do it anyway."
200600 ,,,,,,,主人公,＜名＞,,komakoL,,13,,,,,,,,"But even if Komako-chan isn't that happy about it, you let her do it, right?"
200700 ,,,,,,,コマコ,コマコ,204_KC03b_k_014.wav,komakoL,,31,,,,,,,,...I guess Uncle is forcing it.
200800 ,,,,,,,,,,komakoL,,31,,,,,,,,"Komako-chan grips the seat cushion with all her strength. Oh no, it was a false adder."
200900 ,,,,,,,主人公,＜名＞,,komakoL,,31,,,,,,,,"Ah, ah, ah, look! It wasn't forced from the beginning, right? Right?"
201000 ,,,,,,,コマコ,コマコ,204_KC03b_k_015.wav,komakoL,,13,,,,,,,,"Well, at first, it was practice, you know."
201100 ,,,,,,,,,,komakoL,,13,,,,,,,,"Reluctantly, Komako-chan lowers the zafu cushion. Ah."
201200 ,,,,,,,主人公,＜名＞,,komakoL,,13,,,,,,,,"Chi-chan would definitely be way happier if Komako-chan confessed to her than if Komako-chan confessed to an uncle, so I'll let you do it even if it's a bit naughty!"
201300 ,,,,,,,コマコ,コマコ,204_KC03b_k_016.wav,komakoL,,26,,,,,,,,"Hmm, really? I wonder if you'd be that happy about it?"
201400 ,,,,,,,主人公,＜名＞,,komakoL,,26,,,,,,,,"Yeah, they'll definitely be happy about it!"
201500 ,,,,,,,,,,komakoL,,26,,,,,,,,"It's sad to say it myself, but Chi-chan and Komako-chan are close, and if someone told them they were loved, I think they'd be happy... yeah."
201600 ,,,,,,,,,,komakoL,,26,,,,,,,,"Well, I mean, Komako-chan looks really happy, huh? Ugh, if she made that face when I said I liked her, that would be nice."
201700 ,,,,,,,コマコ,コマコ,204_KC03b_k_017.wav,komakoL,,13,,,,,,,,"Chi-chan, do you think you'll let me do it with you?"
201800 ,,,,,,,,,,komakoL,,13,,,,,,,,"Oh, we can't afford to slack off here."
201900 ,,,,,,,主人公,＜名＞,,komakoL,,13,,,,,,,,"Yeah, and Chi-chan is also a bit weak to being pressured, so if you ask her really earnestly, she'll probably let you do it."
202000 ,,,,,,,,,,komakoL,,13,,,,,,,,"This is actually something I really think. Chi-chan is kind of weak when asked for favors, and if she does a dogeza (prostration), she might let me do it, I feel."
202100 ,,,,,,,,,,komakoL,,13,,,,,,,,"I hope you grow up and don't get tricked by bad men. No, before that, are you being targeted by lewd girls?"
202200 ,,,,,,,コマコ,コマコ,204_KC03b_k_018.wav,komakoL,,2,,,,,,,,"Got it. Then, do your best to tell Chi-chan you like them tomorrow."
202300 ,,,,,,,,,,komakoL,,2,,,,,,,,"After hearing my story, Komako-chan seemed to be lost in thought for a moment, but eventually nodded slowly."
202400 ,,,,,,,主人公,＜名＞,,komakoL,,2,,,,,,,,"Oh, I see. You got this! Go for it!"
202500 ,,,,,,,,,,komakoL,,2,,,,,,,,"At that moment, my chest aches sharply."
202600 ,,,,,,,,,,komakoL,,2,,,,,,,,"Even though I set it up myself... when I thought that Komako-chan would confess to Chi-chan tomorrow, I couldn't help but feel lonely."
202700 ,,,,,,,コマコ,コマコ,204_KC03b_k_019.wav,komakoL,,1,,,,,,,,"Thank you, mister. I'm looking forward to tomorrow!"
202800 ,,,,,,,,,,,,,,,,,,,,"But once I saw Komako-chan's happy, bashful smile, I couldn't possibly say ''no'' now...."
202900 ,,,,,,,,,,,,,,,,,,,,I nodded to Komako-chan with a smile while crying in my heart.
203000 ,,<!Lend_day_change>,0,9000,,,,,,,,,,,,,,,,
203200 ,@205_KC04,,,,,,,,,,,,,,,,,,,
203500 ,,<hide><!se_inaka_semi_M>,,,,,,,,,,,,,,,,,,
203600 ,,<!Lbegin_day_change>,3,11,,,,,,,,,,,,,,,,"In the morning, while preparing for opening, Komako-chan came by herself."
203700 ,,,,,,,コマコ,コマコ,205_KC04_k_000.wav,,,,"komako,private",,7,,,,",'Good morning, uncle.'"
203800 ,,,,,,,主人公,＜名＞,,,,,komako,,7,,,,,"Good morning. You're here quite early today, aren't you? Did you come alone?"
203900 ,,,,,,,コマコ,コマコ,205_KC04_k_001.wav,,,,komako,,27,,,,,"Yeah, today is an important day, so..."
204000 ,,,,,,,,,,,,,komako,,27,,,,,"From Komako-chan, who makes a small fist-pumping gesture with both hands, I feel an extraordinary intensity."
204100 ,,,,,,,,,,,,,komako,,27,,,,,I feel like I've got plenty of spirit.
204200 ,,,,,,,コマコ,コマコ,205_KC04_k_002.wav,,,,komako,,23,,,,,I was thinking maybe we should go over the plan or strategy again and discuss it properly.
204300 ,,,,,,,主人公,＜名＞,,,,,komako,,23,,,,,"I see. / Oh, I see. / Oh,"
204400 ,,,,,,,,,,,,,komako,,23,,,,,"Well, even if you call it a plan, it's not really anything special."
204500 ,,,,,,,,,,,,,komako,,23,,,,,"But, I couldn't treat the full-of-enthusiasm Komako-chan carelessly. I stopped and sat down with Komako-chan on the bench outside the shop."
204600 ,,,,,,,,,,,,,komako,,23,,,,,Let's check each step of today's procedure one by one.
204700 ,,,,,,,コマコ,コマコ,205_KC04_k_003.wav,,,,"komakoL,private",,3,,,,",'Well, Amanohana is leaving after lunch, right?'"
204800 ,,,,,,,主人公,＜名＞,,,,,komakoL,,3,,,,,"Yeah, that's what I've heard. When Tenka-chan comes back, Uncle will go shopping. I'll ask Chi-chan and Komako-chan to stay home and watch the place."
204900 ,,,,,,,コマコ,コマコ,205_KC04_k_004.wav,,,,komakoL,,7,,,,,"Got it. Here's the translation:  ''I get it. Once it's just you and Chi-chan, it's finally time for the confession, right?''"
205000 ,,,,,,,主人公,＜名＞,,,,,komakoL,,7,,,,,"Uh... I like Chii-chan, so I'm saying I want to do it with her."
205100 ,,,,,,,,,,,,,komakoL,,7,,,,,It hurts! / It throbs! / Ouch!
205200 ,,,,,,,,,,,,,komakoL,,7,,,,,"As soon as I said that, my chest felt like it was being stabbed with a toothpick, throbbing with pain."
205300 ,,,,,,,,,,,,,komakoL,,7,,,,,But Komako-chan didn't notice such a sentimental old man's heart and was nodding seriously with a grave expression.
205400 ,,,,,,,コマコ,コマコ,205_KC04_k_005.wav,,,,komakoL,,22,,,,,"I'm nervous and my heart is racing, but... I'll try my best!"
205500 ,,,,,,,主人公,＜名＞,,,,,komakoL,,22,,,,,"Uh, uh, do your best!"
205600 ,,,,,,,,,,,,,komakoL,,22,,,,,"I try to smile somehow, but I end up stiffening up. Koma Koma-chan doesn't seem to suspect me at all."
205700 ,,,,,,,,,,,,,komakoL,,22,,,,,"That's probably all you can think about, Chi-chan."
205800 ,,,,,,,,,,,,,komakoL,,22,,,,,even worse―
205900 ,,,,,,,コマコ,コマコ,205_KC04_k_006.wav,,,,komakoL,,27,,,,,"Yeah, I'll do my best. I've got everything ready."
206100 ,,<!scene_h_begin>,,,9204000,,,,,,,,,,,,,,,"When Komako stood up, she hiked up her skirt."
206200 ,,,,,9204000,,,,,,,,,,,,,,,"Oh my god, Komako-chan's panties... and for a moment I got excited, but what jumped into my eyes was a shiny toy dick."
206300 ,,,,,9204000,,,,,,,,,,,,,,,The pen case I gave you before. Komako-chan seems to have come from home wearing it.
206400 ,,,,,9204000,,主人公,＜名＞,,,,,,,,,,,,"Gulp... s-so you're serious, Komako-chan?"
206500 ,,<!scene_h_end>,,,,,コマコ,コマコ,205_KC04_k_007.wav,,,,komako,,31,,,,,"Yeah, for sure, I'm gonna have sex with Chi-chan today."
206600 ,,,,,,,,,,,,,komako,,31,,,,,"Komako-chan's face, slightly blushing as she makes her declaration, is still incredibly cute even at times like this."
206700 ,,,,,,,,,,,,,komako,,31,,,,,"Hmm, maybe especially at times like this..."
206800 ,,,,,,,,,,,,,komako,,31,,,,,"The excitement and tension before confessing to a beloved one dye Komako-chan's white cheeks pink, and her determined expression looks incredibly dignified and beautiful."
206900 ,,,,,,,主人公,＜名＞,,,,,komako,,31,,,,,"But, do your best... okay?"
207000 ,,,,,,,,,,,,,komako,,31,,,,,But that face wasn't directed at me. The obviousness of that fact made me feel incredibly lonely.
207300 ,,<!timepass_middle>,8,31,,,甜花,甜花,205_KC04_t_000.wav,,,,,,,"tenka,private",,4,",'Oh, it's already this late. Well, I'm heading home today.'"
207400 ,,,,,,,千恵,千恵,205_KC04_c_000.wav,,,,"chie,private",,1,,,,",'Yeah, let's play again tomorrow, Tenka-chan!'"
207500 ,,,,,,,コマコ,コマコ,205_KC04_k_008.wav,komako,,21,,,,,,,,See you later!
207600 ,,,,,,,甜花,甜花,205_KC04_t_001.wav,,,,,,,tenka,,1,,"Got it! Bye-bye, old man!"
207700 ,,,,,,,主人公,＜名＞,,,,,,,,,,,,"Uh, uh, goodbye."
207800 ,,,,,,,,,,,,,,,,,,,,"After noon, Tenka-chan left."
207900 ,,,,,,,コマコ,コマコ,205_KC04_k_009.wav,komako,,7,,,,,,,,......
208000 ,,,,,,,,,,komako,,7,,,,,,,,"Komako-chan is fidgeting nervously while glancing at me from time to time. I get it, I need to execute the plan."
208100 ,,,,,,,主人公,＜名＞,,,,,,,,,,,,"Oh, sorry, Uncle, I'm just gonna go shopping for a bit―could you and Chii-chan and Komako-chan watch the house for me?"
208200 ,,,,,,,千恵,千恵,205_KC04_c_001.wav,,,,chie,,3,,,,,Will you be home alone? Okay! Can you bring me back a souvenir?
208300 ,,,,,,,主人公,＜名＞,,,,,chie,,3,,,,,"We don't have any souvenirs, but if you're a good kid and stay home alone, I'll give you one piece of candy as a present."
208400 ,,,,,,,千恵,千恵,205_KC04_c_002.wav,,,,chie,,1,,,,,"Yay! Let's do our best to stay home, Komako-chan!"
208500 ,,,,,,,コマコ,コマコ,205_KC04_k_010.wav,komako,,1,chie,,1,,,,,"Uh, uh."
208600 ,,,,,,,,,,komako,,1,chie,,1,,,,,"Okay, first hurdle cleared... somehow it feels really empty though."
208700 ,,,,,,,コマコ,コマコ,205_KC04_k_011.wav,komakoL,,17,,,,,,,,"We're fine by ourselves, so go ahead and do your shopping, uncle."
208800 ,,,,,,,,,,komakoL,,17,,,,,,,,"But Komako-chan keeps pushing my back insistently. Of course, it's unavoidable, but still, being so obviously treated like an obstacle makes my mood drop sharply."
208900 ,,,,,,,,,,komakoL,,17,,,,,,,,"Yeah, if Uncle were around, Chi-chan couldn't do it with him, right?"
209000 ,,,,,,,,,,komakoL,,17,,,,,,,,"But if you don't leave, then you'll end up disliked by Komako-chan anyway."
209100 ,,,,,,,主人公,＜名＞,,,,,,,,,,,,"Okay, I'll be off then. So, please take care of things while I'm away."
209200 ,,,,,,,千恵,千恵,205_KC04_c_003.wav,komako,,1,chie,,21,,,,,Hi-yah! Take care!
209300 ,,,,,,,コマコ,コマコ,205_KC04_k_012.wav,komako,,1,chie,,21,,,,,Welcome! Please come in! (or) Have a good day! (or) Take care! (or) See you later!
209400 ,,,,,,,,,,,,,,,,,,,,I dragged my heavy feet out into the outside.
209600 ,,<!move_middle>,12,11,,,,,,,,,,,,,,,,"I came out as far as the front of the store, and my vision blurred."
209700 ,,,,,,,主人公,＜名＞,,,,,,,,,,,,"Uu, Komako-chan..."
209800 ,,,,,,,,,,,,,,,,,,,,"I created this situation myself, and I can't help but feel pathetic about it myself. But still, there's no way they'd kick me out so obviously, is there?"
209900 ,,,,,,,主人公,＜名＞,,,,,,,,,,,,Let's see how things go for now.
210000 ,,,,,,,,,,,,,,,,,,,,"If it doesn't go well, then at that time, I'll have to comfort Komako-chan."
210100 ,,,,,,,,,,,,,,,,,,,,I quietly turned back inside the store and decided to peek at the two of them through the gap in the sliding door.
210300 ,,<!move_middle_r>,10,31,,,千恵,千恵,205_KC04_c_004.wav,komako,,22,chie,,1,,,,,"Eh heh, what should we do to play?"
210400 ,,,,,,,コマコ,コマコ,205_KC04_k_013.wav,komako,,20,chie,,1,,,,,"Uh, uh."
210500 ,,,,,,,,,,komako,,20,chie,,1,,,,,"When I peeked, it seemed like they hadn't confessed yet. Yeah, that makes sense. They just left a little while ago."
210600 ,,,,,,,,,,komako,,20,chie,,1,,,,,The innocent chi-chan is squirming as Komako-chan fidgets.
210700 ,,,,,,,,,,komako,,20,chie,,1,,,,,Just watching that scene made my chest tighten painfully.
210800 ,,,,,,,千恵,千恵,205_KC04_c_005.wav,komako,,20,chie,,21,,,,,Want to draw? Or...
210900 ,,,,,,,コマコ,コマコ,205_KC04_k_014.wav,komako,,27,chie,,21,,,,,Chi-chan!
211000 ,,,,,,,千恵,千恵,205_KC04_c_006.wav,komako,,27,chie,,21,,,,,?
211100 ,,,,,,,,,,komako,,27,chie,,21,,,,,Komako-chan tightly grips chi-chan's hand. Chi-chan looks puzzled.
211200 ,,,,,,,,,,komako,,27,chie,,21,,,,,Komako-chan snuggles up to such a Chi-chan by pressing her forehead against her shoulder.
211300 ,,,,,,,千恵,千恵,205_KC04_c_007.wav,komako,,27,chie,,3,,,,,"What's up, Komako-chan? You're so close, it's getting hot~. Oh, are we playing cat-and-cat?"
211400 ,,,,,,,コマコ,コマコ,205_KC04_k_015.wav,komako,,7,chie,,3,,,,,"No, that's not it."
211500 ,,,,,,,,,,komako,,7,chie,,3,,,,,"Komako-chan stared intently at Chi-chan's face. Her heart felt like it would explode from the pain. Oh, she would say it. Komako-chan was going to say it."
211600 ,,,,,,,,,,komako,,7,chie,,3,,,,,What should I do if Komako-chan and Chi-chan end up being in love with each other like that?
211700 ,,,,,,,,,,komako,,7,chie,,3,,,,,"Maybe you're done with it, Uncle? Are you not going to need it anymore?"
211800 ,,,,,,,,,,komako,,7,chie,,3,,,,,I don't want that!
211900 ,,,,,,,千恵,千恵,205_KC04_c_008.wav,komako,,7,chie,,23,,,,,"So, what's up? What's wrong?"
212000 ,,,,,,,コマコ,コマコ,205_KC04_k_016.wav,komako,,2,chie,,23,,,,,"Uh, uh, well..."
212100 ,,,,,,,,,,komako,,2,chie,,23,,,,,"But Komako-chan doesn't know how I feel, and she's trying her hardest to confess. Holding back the urge to shout, I held my breath."
212200 ,,,,,,,,,,komako,,2,chie,,23,,,,,Komako-chan takes a deep breath.
212300 ,,,,,,,,,,komako,,2,chie,,23,,,,,and then ―
212400 ,,,,,,,コマコ,コマコ,205_KC04_k_017.wav,komako,,13,chie,,23,,,,,"I like chi-chan, you know."
212500 ,,,,,,,,,,komako,,13,chie,,23,,,,,I said it! (or ''I told you!'' depending on context)  (But strictly as given: ''Said it!'' or ''Said it!!!!'' with the emphasis on the exclamation marks.)
212600 ,,,,,,,千恵,千恵,205_KC04_c_009.wav,komako,,13,chie,,1,,,,,"Yeah, Chi-chan also likes Komachi."
212700 ,,,,,,,,,,komako,,13,chie,,1,,,,,"That Komako-chan's one-time-in-a-lifetime confession, and Chi-chan casually replies, ''Hmm, that's as friends... right? I mean, Chi-chan is like that.''"
212800 ,,,,,,,コマコ,コマコ,205_KC04_k_018.wav,komako,,22,chie,,1,,,,,Really? That makes me happy. Can I do that?
212900 ,,,,,,,,,,komako,,22,chie,,1,,,,,"But when Komako-chan was told ''I like you'' by Chi-chan, she seized the moment and pressed forward eagerly."
213000 ,,,,,,,千恵,千恵,205_KC04_c_010.wav,komako,,22,chie,,18,,,,,"Huh? Uh, yeah, that's fine~"
213100 ,,,,,,,コマコ,コマコ,205_KC04_k_019.wav,komako,,6,chie,,18,,,,,"Okay, I'll do it.... *muah*▼"
213200 ,,,,,,,,,,komako,,6,chie,,18,,,,,"Finally, two people kissed right in front of me. It was still just a childish kiss where they pressed their lips together."
213300 ,,,,,,,,,,komako,,6,chie,,18,,,,,"The sight of two girls kissing is very beautiful, cute, and makes my heart race."
213400 ,,,,,,,,,,komako,,6,chie,,18,,,,,"My chest hurts so much, but I get so excited."
213500 ,,,,,,,コマコ,コマコ,205_KC04_k_020.wav,komako,,6,chie,,18,,,,,"Hmm... *slurp*, *chup*, *slurp*...▼"
213600 ,,,,,,,,,,komako,,6,chie,,18,,,,,"As I watched, Komako-chan actively stuck her tongue in. She never did that kind of thing when we were kissing before."
213700 ,,,,,,,,,,komako,,6,chie,,18,,,,,"Though it's frustrating as hell, Komako-chan's pink tongue slithering around and licking Chi-chan's lips is so hot that it makes my crotch react."
213800 ,,,,,,,,,,komako,,6,chie,,18,,,,,"Ugh, the body and mind are different things."
213900 ,,,,,,,千恵,千恵,205_KC04_c_011.wav,komako,,6,chie,,24,,,,,Huh? Uh―!!?
214000 ,,,,,,,,,,komako,,6,chie,,24,,,,,"Tii-chan, who had something put in her mouth, flinched and moved away from Komako-chan."
214100 ,,,,,,,千恵,千恵,205_KC04_c_012.wav,komako,,6,chie,,24,,,,,What? Uh... what? What was that just now?
214200 ,,,,,,,コマコ,コマコ,205_KC04_k_021.wav,komako,,26,chie,,24,,,,,"It's for adults. When people like each other, they do the ''pecking'' thing with their mouths, you know."
214300 ,,,,,,,千恵,千恵,205_KC04_c_013.wav,komako,,26,chie,,23,,,,,"Is that so? Hmm, something feels a bit off..."
214400 ,,,,,,,,,,komako,,26,chie,,23,,,,,"Recently, Komako-chan executed what I taught you, Chi-chan."
214500 ,,,,,,,,,,komako,,26,chie,,23,,,,,"Chii-chan seemed a bit confused, but Komako-chan, once her engine started, couldn't stop."
214600 ,,,,,,,コマコ,コマコ,205_KC04_k_022.wav,komako,,22,chie,,23,,,,,"Hey, Chi-chan. I like you, Chi-chan, so I want to do something more mature than just making out."
214700 ,,,,,,,千恵,千恵,205_KC04_c_014.wav,komako,,22,chie,,3,,,,,More adult things?
214800 ,,,,,,,コマコ,コマコ,205_KC04_k_023.wav,komako,,2,chie,,3,,,,,"Let's have sex. You know that, right, Chichan? People who like each other have 'sex.'"
214900 ,,,,,,,,,,komako,,2,chie,,3,,,,,"With sweaty arms entwined around Chi-chan's arms, Komako-chan whispers."
215000 ,,,,,,,,,,komako,,2,chie,,3,,,,,"The way she looks at me with a creepy, lewd gaze makes my groin throb, even though she isn't even talking to me."
215100 ,,,,,,,千恵,千恵,205_KC04_c_015.wav,komako,,2,chie,,4,,,,,"Wait, but, um, 'sex' can't be done between girls, right?"
215200 ,,,,,,,,,,komako,,2,chie,,4,,,,,"Even the usually composed Chii-chan looked flustered as she tried to pull away from Komako-chan, but Komako-chan only pressed even closer to Chii-chan."
215300 ,,,,,,,,,,komako,,2,chie,,4,,,,,"Slowly hike up the skirt, revealing the ''dick'' inside."
215400 ,,,,,,,コマコ,コマコ,205_KC04_k_024.wav,komako,,22,chie,,4,,,,,"It's okay. I'll become a boy, okay?"
215500 ,,,,,,,千恵,千恵,205_KC04_c_016.wav,komako,,22,chie,,24,,,,,Huh?!'' or ''Wha―?!
215600 ,,,,,,,,,,komako,,22,chie,,24,,,,,Komako-chan reaches out to Chichan's surprised face on her chest. Is she feeling better? She seems unusually bold.
215700 ,,,,,,,コマコ,コマコ,205_KC04_k_025.wav,komako,,2,chie,,24,,,,,"Because it feels good. Sex feels good, you know. Come on..."
215800 ,,,,,,,千恵,千恵,205_KC04_c_017.wav,komako,,2,chie,,26,,,,,"Ahhh...... the boobs...... they feel all tingly, Komachi, it's weird......"
215900 ,,,,,,,,,,komako,,2,chie,,26,,,,,Komako-chan gently strokes around Chi-chan's slightly swollen breasts. Sometimes she also softly kneads them with a *fni* *fni* sound.
216000 ,,,,,,,,,,komako,,2,chie,,26,,,,,"As she was doing that, Chii-chan's thin fabric shifted slightly, revealing her nipple. Komako-chan played with it with her fingertips."
216100 ,,,,,,,コマコ,コマコ,205_KC04_k_026.wav,komako,,26,chie,,26,,,,,"When it comes to sex, you know, I touch the boobs a lot. That way, it feels good, right?"
216200 ,,,,,,,千恵,千恵,205_KC04_c_018.wav,komako,,26,chie,,5,,,,,"It feels good, but like, my boobs are tingling. It's hot, and my stomach feels itchy or something..."
216300 ,,,,,,,,,,komako,,26,chie,,5,,,,,"Chii-chan didn't seem to reject it, but she looked quite confused."
216400 ,,,,,,,,,,komako,,26,chie,,5,,,,,"Every time Komako-chan's fingers stimulate her nipples through the fabric, her body trembles in a startle, and she wears a confused expression."
216500 ,,,,,,,,,,komako,,26,chie,,5,,,,,"It's sexy. It's crazy, a girl is teaching another girl who knows nothing about sex how to be sexy."
216600 ,,,,,,,コマコ,コマコ,205_KC04_k_027.wav,komako,,2,chie,,5,,,,,"Is it just your stomach that's not itchy, or are your thighs itchy too?"
216700 ,,,,,,,千恵,千恵,205_KC04_c_019.wav,komako,,2,chie,,33,,,,,"Maybe... I'm doing it. Like I really need to pee, this weird feeling..."
216800 ,,,,,,,,,,komako,,2,chie,,33,,,,,"Chi-chan tilted her head as Komako-chan slipped her hand between her legs. Then, she stroked Chi-chan's slit over her panties."
216900 ,,,,,,,千恵,千恵,205_KC04_c_020.wav,komako,,2,chie,,5,,,,,"Hey! Komako-chan, that's where you pee! Don't touch it or you'll get in trouble!"
217000 ,,,,,,,コマコ,コマコ,205_KC04_k_028.wav,komako,,13,chie,,5,,,,,"It's not just a place to pee, there's also a place here for having ''sex.'' It's called ''omanko.''"
217100 ,,,,,,,千恵,千恵,205_KC04_c_021.wav,komako,,13,chie,,25,,,,,"Oh, your pussy...?"
217200 ,,,,,,,コマコ,コマコ,205_KC04_k_029.wav,komako,,22,chie,,25,,,,,"Even touching your pussy feels good. And when you feel good, it gets all slippery with a lot of wetness coming out."
217300 ,,,,,,,,,,komako,,22,chie,,25,,,,,The perverted top student Komako-chan uses our class time to start playing with Chi-chan's pussy.
217400 ,,,,,,,,,,komako,,22,chie,,25,,,,,Rubbing fingers into the crack through the underwear in a groping motion.
217500 ,,,,,,,,,,komako,,22,chie,,25,,,,,"I can see that Komako-chan's feelings are drifting away from me and she's getting obsessed with Chi-chan, but I can't help getting excited about the two of them being so intimate."
217600 ,,,,,,,千恵,千恵,205_KC04_c_022.wav,komako,,22,chie,,26,,,,,"Hmm, something feels weird there... it's itchy... I think I might pee myself..."
217700 ,,,,,,,コマコ,コマコ,205_KC04_k_030.wav,komako,,2,chie,,26,,,,,"Huh huh, you put that 'ochinchin' from earlier here. That's 'sex.'"
217800 ,,,,,,,千恵,千恵,205_KC04_c_023.wav,komako,,2,chie,,26,,,,,"Huh, huh..."
217900 ,,,,,,,,,,komako,,2,chie,,26,,,,,"Finally, Komako-chan said that."
218000 ,,,,,,,,,,komakoL,,2,,,,,,,,"Ah, Komako-chan and chi-chan are having sex. They'll forget all about Uncle. That's annoying. Even though it's painful."
218100 ,,,,,,,,,,komakoL,,2,,,,,,,,"My dick is so hard it hurts, and I can't take my eyes off both of you."
218200 ,,,,,,,コマコ,コマコ,205_KC04_k_031.wav,komakoL,,22,,,,,,,,Chii-chan's here is wet. It feels good when my boobs and pussy are touched.
218300 ,,,,,,,,,,komakoL,,22,,,,,,,,"Komako-chan's eyes are completely glazed over, and it's clear she's aroused."
218400 ,,,,,,,,,,komakoL,,22,,,,,,,,"The swollen, erect shape of the Peniban seemed to perfectly reflect Komako-chan's excitement as if it were."
218500 ,,,,,,,コマコ,コマコ,205_KC04_k_032.wav,komakoL,,6,,,,,,,,"Hey, Chii-chan, can I come in? Let's do 'sex'?"
218600 ,,,,,,,,,,komakoL,,6,,,,,,,,"Komako-chan approaches Chii-chan with a thick, sultry voice."
218700 ,,,,,,,,,,komakoL,,6,,,,,,,,But Chichan stared with frightened eyes at Komakochan's ''dick.''
218800 ,,,,,,,千恵,千恵,205_KC04_c_024.wav,komako,,6,chie,,25,,,,,"So, but... that's really big. Something like that won't fit in the bath."
218900 ,,,,,,,コマコ,コマコ,205_KC04_k_033.wav,komako,,26,chie,,25,,,,,"It's okay, I'm coming in. I practiced it."
219000 ,,,,,,,,,,komako,,26,chie,,25,,,,,"Even though the pen I gave Komako-chan isn't that big of a thing, I guess she's still anxious because it's her first time."
219100 ,,,,,,,,,,komako,,26,chie,,25,,,,,Chii-chan seemed quite worried.
219200 ,,,,,,,千恵,千恵,205_KC04_c_025.wav,komako,,26,chie,,26,,,,,Does it... hurt?
219300 ,,,,,,,コマコ,コマコ,205_KC04_k_034.wav,komako,,6,chie,,26,,,,,"Uh, well, it only hurts at first, so yeah."
219400 ,,,,,,,,,,komako,,6,chie,,26,,,,,She just answered honestly instead of trying to cover it up.
219500 ,,,,,,,千恵,千恵,205_KC04_c_026.wav,komako,,6,chie,,24,,,,,"Oh no, then, I don't want to!"
219600 ,,,,,,,コマコ,コマコ,205_KC04_k_035.wav,komako,,13,chie,,24,,,,,"Just this once! Honestly, just this once. A little blood might come out too, but it's okay."
219700 ,,,,,,,,,,komako,,13,chie,,24,,,,,"Komako-chan, that one isn't followed yet, is it...?"
219800 ,,,,,,,千恵,千恵,205_KC04_c_027.wav,komako,,13,chie,,14,,,,,Blood? No way! No way! No way! It's impossible! Absolutely impossible~!
219900 ,,,,,,,,,,komako,,13,chie,,14,,,,,Chi-chan finally burst into tears. Komako-chan started to panic.
220000 ,,,,,,,コマコ,コマコ,205_KC04_k_036.wav,komako,,33,chie,,14,,,,,"Huh? C-C-chan, don't cry. If C-chan doesn't like it, I won't do it."
220100 ,,,,,,,千恵,千恵,205_KC04_c_028.wav,komako,,33,chie,,25,,,,,Really?
220200 ,,,,,,,コマコ,コマコ,205_KC04_k_037.wav,komako,,26,chie,,25,,,,,"Uh, uh, really?"
220300 ,,,,,,,,,,komako,,26,chie,,25,,,,,Komako-chan looked genuinely disappointed but still moved away from Chi-chan and took off her headband.
220400 ,,,,,,,,,,komako,,26,chie,,25,,,,,Chi-chan lets out a relieved expression on the Penivan placed on the floor.
220500 ,,,,,,,千恵,千恵,205_KC04_c_029.wav,komako,,26,chie,,0,,,,,"That's good. You know, I really like Komako-chan. But... I still don't like it when it hurts, and it's scary."
220600 ,,,,,,,コマコ,コマコ,205_KC04_k_038.wav,komako,,34,chie,,0,,,,,Umm... sorry for pushing you like that.
220700 ,,,,,,,,,,komako,,34,chie,,0,,,,,Chii-chan taps Komako-chan's droopy head pon pon.
220800 ,,,,,,,千恵,千恵,205_KC04_c_030.wav,komako,,34,chie,,1,,,,,"Well, then, let's play some games. There's a notebook for free use, so how about a quiz game (like True or False)?"
220900 ,,,,,,,コマコ,コマコ,205_KC04_k_039.wav,komako,,14,chie,,1,,,,,"Yeah, I guess so..."
221000 ,,,,,,,,,,komako,,14,chie,,1,,,,,"Seeing the two people starting to play, I felt relieved."
221100 ,,,,,,,,,,,,,,,,,,,,"It's bad for Komako-chan, but I didn't want the two of us to work out too well and have Komako-chan forget about me..."
221200 ,,,,,,,,,,,,,,,,,,,,"But since we couldn't do it, Komako-chan will probably come to me again for help. Then, while teaching her various things, let's do it."
221300 ,,,,,,,,,,,,,,,,,,,,"Someday, I hope you'll say you like Uncle more than Komako-chan...."
221400 ,,,,,,,,,,,,,,,,,,,,"While looking at the two of them, I made up my mind like that."
221500 ,,<!Lend_day_change>,0,9000,,,,,,,,,,,,,,,,
221700 ,@206_KC05,,,,,,,,,,,,,,,,,,,
222000 ,,<!Lbegin_day_change>,5,21,,,主人公,＜名＞,,,,,,,,,,,,Fufufunfufun~♪
222100 ,,,,,,,,,,,,,,,,,,,,"It's bad for Komako-chan, but Komako-chan and chi-chan's first sex ended in failure, and I was in a good mood."
222200 ,,,,,,,,,,,,,,,,,,,,"Well, even if it doesn't mean Komako-chan's boyfriend, I was able to secure a position as her ''someone you see occasionally'' at least."
222300 ,,,,,,,,,,,,,,,,,,,,"I even hum to myself, and the motivation to clean the shelves starts to come out."
222400 ,,,,,,,,,,,,,,,,,,,,"But unlike me, who's in top form, Komako-chan's side is―"
222500 ,,,,,,,甜花,甜花,206_KC05_t_000.wav,,,,,,,"tenka,privateB",,1,",'Komako, just grab those marbles over there for me.'"
222600 ,,,,,,,コマコ,コマコ,206_KC05_k_000.wav,"komako,privateC",,12,,,,tenka,,1,",......"
222700 ,,,,,,,甜花,甜花,206_KC05_t_001.wav,komako,,12,,,,tenka,,3,,"Hey, Komako? You listening?"
222800 ,,,,,,,コマコ,コマコ,206_KC05_k_001.wav,komako,,4,,,,tenka,,3,,"Uh... sorry, I was spaced out because it was so hot."
222900 ,,,,,,,甜花,甜花,206_KC05_t_002.wav,komako,,12,,,,tenka,,23,,"Be more careful, okay? Did you drink enough water? Heatstroke is scary, you know."
223000 ,,,,,,,コマコ,コマコ,206_KC05_k_002.wav,komako,,12,,,,tenka,,23,,"...Yeah, thanks."
223100 ,,,,,,,,,,,,,,,,,,,,"Over the past couple of days, Komako has been in such a low spirit."
223200 ,,,,,,,千恵,千恵,206_KC05_c_000.wav,,,,"chie,privateB",,1,,,,",'Koma-chan, don't play with water balloons outside, okay?'"
223300 ,,,,,,,コマコ,コマコ,206_KC05_k_003.wav,komako,,14,chie,,1,,,,,"Sorry, I'm fine now."
223400 ,,,,,,,千恵,千恵,206_KC05_c_001.wav,komako,,14,chie,,5,,,,,What's wrong? You don't look well. Are you sick?
223500 ,,,,,,,コマコ,コマコ,206_KC05_k_004.wav,komako,,32,chie,,5,,,,,"No, it's okay. I want to finish my summer vacation homework up to a good stopping point."
223600 ,,,,,,,千恵,千恵,206_KC05_c_002.wav,komako,,32,chie,,0,,,,,"Got it! Okay, see you later then!"
223800 ,,<!se_run_go>,,,,,,,,komako,,32,,,,,,,,"It's not to the point where I'm avoiding chi-chan either, but Komako-chan's attitude toward chi-chan is a bit awkward."
223900 ,,,,,,,コマコ,コマコ,206_KC05_k_005.wav,"komako,privateC",,4,,,,,,,",Ah..."
224000 ,,,,,,,,,,komako,,14,,,,,,,,"Even now, you seem like you wanted to chase after Chi-chan, but you're fidgeting with a sad-looking face."
224100 ,,,,,,,,,,komako,,14,,,,,,,,Looking at Komako-chan like that makes my chest ache. The ''chiku-chiku'' feeling I get when watching Komako-chan and my best friend chi-chan together is different from this one.
224200 ,,,,,,,,,,komako,,14,,,,,,,,I really do want my crush to smile at me....
224400 ,,<!timepass_middle>,8,31,,,コマコ,コマコ,206_KC05_k_006.wav,komako,,12,,,,,,,,What should I have done?
224500 ,,,,,,,,,,komako,,12,,,,,,,,"After it got to be evening, after Chi-chan and Tenka-chan had gone home."
224600 ,,,,,,,,,,komako,,12,,,,,,,,"When it's just the two of us, Komako-chan muttered something like that offhandedly."
224700 ,,,,,,,主人公,＜名＞,,komako,,12,,,,,,,,"Umm, what should I do...?"
224800 ,,,,,,,,,,komako,,12,,,,,,,,"I pretended not to know that Komako-chan failed at having sex with Chi-chan. After all, I couldn't say, ''Hey, you were peeping!''"
224900 ,,,,,,,コマコ,コマコ,206_KC05_k_007.wav,komako,,14,,,,,,,,"I failed at being sexy with Chi-chan. When I showed her my penis, she said it hurt and she was scared, saying 'it's painful and gross.'"
225000 ,,,,,,,,,,komako,,14,,,,,,,,"Komako-chan slumps down with her knees hugged, looking dejected. I want to hold her tight and take her home right now... but she's so adorable."
225100 ,,,,,,,,,,komako,,14,,,,,,,,Looking at Komako-chan's profile as if she were about to cry made my chest ache deeply.
225200 ,,,,,,,,,,komako,,14,,,,,,,,"I think you're being silly, but I can't help but lend a hand anyway."
225300 ,,,,,,,主人公,＜名＞,,komako,,14,,,,,,,,"Huh, uh, well, what about doing sexy stuff without using a penis?"
225400 ,,,,,,,コマコ,コマコ,206_KC05_k_008.wav,komako,,4,,,,,,,,Is there really such a thing?!
225500 ,,,,,,,,,,komako,,4,,,,,,,,Komako-chan lighting up her face suddenly. My chest aches with jealousy.
225600 ,,,,,,,,,,komako,,4,,,,,,,,"But, if Komako-chan gives me a happy face, it makes me happy too... ugh, it's a complicated feeling."
225700 ,,,,,,,主人公,＜名＞,,komako,,4,,,,,,,,"Yeah, there is. Right now, it's just the two of us, so wanna study? There's a sample DVD, too."
225800 ,,,,,,,,,,komako,,4,,,,,,,,"I bought some lesbian DVDs thinking they might be useful for Komako-chan. Oh, I'm really an idiot."
225900 ,,,,,,,コマコ,コマコ,206_KC05_k_009.wav,komako,,7,,,,,,,,Do it!
226000 ,,,,,,,,,,komako,,7,,,,,,,,It is an immediate answer.
226100 ,,,,,,,,,,komako,,7,,,,,,,,"Of course, I did it wanting Komako-chan to be happy, but if she answers so immediately, it's still a bit not fun."
226200 ,,,,,,,主人公,＜名＞,,komako,,7,,,,,,,,But there's a condition... would that be okay?
226300 ,,,,,,,コマコ,コマコ,206_KC05_k_010.wav,komako,,14,,,,,,,,What? We don't have much money though...
226400 ,,,,,,,主人公,＜名＞,,komako,,14,,,,,,,,"No, that's not right! Just a little more, can't you like me a little more, old man...? No way?"
226500 ,,,,,,,コマコ,コマコ,206_KC05_k_011.wav,komako,,35,,,,,,,,Mmm...
226600 ,,,,,,,,,,komako,,35,,,,,,,,Komako-chan pursed her cherry-blossom-colored lips and fell into deep thought. Could she be that disliked?
226700 ,,,,,,,,,,komako,,35,,,,,,,,"Soon, Komako-chan raised her face."
226800 ,,,,,,,コマコ,コマコ,206_KC05_k_012.wav,komako,,27,,,,,,,,"Got it. I don't like perverts who force themselves on me, but you've been helping me out a lot with Chi-chan's stuff, haven't you?"
226900 ,,,,,,,主人公,＜名＞,,komako,,27,,,,,,,,Really? Really? How much do you like it?
227000 ,,,,,,,コマコ,コマコ,206_KC05_k_013.wav,komako,,0,,,,,,,,"Hmm... maybe a little below the Ricoh GR, I guess."
227100 ,,,,,,,,,,komako,,0,,,,,,,,"Wow, I did better than my school teacher! This must be a huge improvement, right?"
227200 ,,,,,,,主人公,＜名＞,,komako,,0,,,,,,,,"So, when we watch DVDs, can you sit on Uncle's lap?"
227300 ,,,,,,,コマコ,コマコ,206_KC05_k_014.wav,komako,,21,,,,,,,,"Yeah, that's fine."
227400 ,,,,,,,,,,komako,,21,,,,,,,,Yattaa!
227500 ,,,,,,,,,,,,,,,,,,,,"Well, I've done it before too, so for Komako, just sitting on someone's lap isn't really that perverted."
227600 ,,,,,,,,,,,,,,,,,,,,"From my perspective, Komako-chan's nice scent can be smelled up close, her soft and squishy crevice and ass touch my cock, and I can tightly grab her smooth stomach, so it's the best."
227700 ,,,,,,,主人公,＜名＞,,,,,,,,,,,,"Okay, so I'll get the DVD. Wait a minute."
227800 ,,,,,,,,,,,,,,,,,,,,"While struggling to hold back the voice that came out unconsciously, I went to get the DVD."
228000 ,,<!scene_h_begin>,15,,2120000,,,,,,,,,,,,,,,
228100 ,*mem,,,,2120000,,,,,,,,,,,,,,,
228200 ,,,15,,2120000,,コマコ,コマコ,206_KC05_k_015.wav,komako,,0,,,,,,,,Uwaaa...
228300 ,,,,,2120000,,,,,,,,,,,,,,,"Once the DVD was inserted into the deck and playback began, Komako-chan's eyes were glued to the screen."
228400 ,,,,,2120000,,コマコ,コマコ,206_KC05_k_016.wav,komako,,0,,,,,,,,Honto ni onna no ko d'shi de etchi shiteru
228500 ,,,,,2120000,,主人公,＜名＞,,,,,,,,,,,,Uh-huh.
228600 ,,,,,2120000,,,,,,,,,,,,,,,"It's a sticky, all-girls school story about seniors and juniors."
228700 ,,,,,2120000,,,,,,,,,,,,,,,"In the screen, a cute girl in a school uniform is having her bra pulled up by a beautiful older sister, and her breasts are being touched."
228800 ,,,,,2120000,,コマコ,コマコ,206_KC05_k_017.wav,komako,,0,,,,,,,,Looks like it feels good.
228900 ,,,,,2120000,,主人公,＜名＞,,,,,,,,,,,,"Yeah, I think it feels good. Do you want to do it to Komako-chan and Michi-chan?"
229000 ,,,,,2120000,,コマコ,コマコ,206_KC05_k_018.wav,komako,,0,,,,,,,,"Uh... well, I did give you a breastfeed."
229100 ,,,,,2120000,,主人公,＜名＞,,,,,,,,,,,,"That's so! / That's the way it is! / I see! / Oh, really? / Is that right? / That's how it is!"
229200 ,,,,,2120000,,,,,,,,,,,,,,,"While thinking it might be a bit too deliberate, I nodded along and steered the conversation toward the topic of the other day's failed attempt at something naughty."
229300 ,,,,,2120000,,主人公,＜名＞,,,,,,,,,,,,Weren't we able to do anything sexy at all the other day?
229400 ,,,,,2120000,,コマコ,コマコ,206_KC05_k_019.wav,komako,,0,,,,,,,,"No, I touched the breasts and pussy over the clothes."
229500 ,,,,,2120000,,主人公,＜名＞,,,,,,,,,,,,How was it?
229600 ,,,,,2120000,,コマコ,コマコ,206_KC05_k_020.wav,komako,,0,,,,,,,,"You said you were feeling itchy. And your underwear was damp, so maybe you felt good, huh?"
229700 ,,,,,2120000,,,,,,,,,,,,,,,"Well, I was watching it anyway, so I knew about it, but hearing it from Komako-chan's own mouth gives it a whole different flavor."
229800 ,,,,,2120000,,,,,,,,,,,,,,,My dick got a hard-on from jealousy and excitement.
229900 ,,,,,2120000,,主人公,＜名＞,,,,,,,,,,,,"Oh, so you're not saying you hate doing naughty things in general, Chichan, either."
230000 ,,,,,2120000,,コマコ,コマコ,206_KC05_k_021.wav,komako,,0,,,,,,,,I wonder if that's the case...
230100 ,,,,,2120000,,主人公,＜名＞,,,,,,,,,,,,"Because your pants were wet, right? That's because you liked it when Komako-chan touched your boobs and butt, didn't you?"
230200 ,,,,,2120000,,コマコ,コマコ,206_KC05_k_022.wav,komako,,0,,,,,,,,If that's the case... I'm happy about it.
230300 ,,,,,2120000,,,,,,,,,,,,,,,"While blushing and saying so, Komako-chan's eyes are still completely absorbed in the lewd ''onee-san'' ladies on the screen."
230400 ,,,,,2120000,,,,,,,,,,,,,,,"Come on, look at me for a change."
230500 ,,,,,2120000,,,,,,,,,,,,,,,"But for now, I'll have to teach Komako-chan and chi-chan how to have sex, or else the hard-won status might slip back down again."
230600 ,,,,,2120000,,コマコ,コマコ,206_KC05_k_023.wav,komako,,0,,,,,,,,"This time, I want to touch Chichan's boobs and pussy directly..."
230700 ,,,,,2120000,,主人公,＜名＞,,,,,,,,,,,,I hope it works out.
230800 ,,,,,2120000,,コマコ,コマコ,206_KC05_k_024.wav,komako,,0,,,,,,,,Can you help us be alone together again?
230900 ,,,,,2120000,,主人公,＜名＞,,,,,,,,,,,,"Uh, um... since it's Komako-chan's request, I'll help you."
231000 ,,,,,2120000,,,,,,,,,,,,,,,"I really didn't want to do that, but with all my heart I didn't want Komako-chan to dislike me, so I nodded."
231100 ,,,,,2120000,,コマコ,コマコ,206_KC05_k_025.wav,komako,,0,,,,,,,,Ah...
231200 ,,,,,2120000,,,,,,,,,,,,,,,Komako-chan raises her voice in a small way.
231300 ,,,,,2120000,,,,,,,,,,,,,,,Two people who were wearing clothes had taken them off and were completely naked.
231400 ,,,,,2120000,,,,,,,,,,,,,,,"The Komako-chan was staring intently at the TV screen as if it might tear apart, and in front of her, two people started intertwining their legs and rubbing their private parts."
231500 ,,,,,2120000,,コマコ,コマコ,206_KC05_k_026.wav,komako,,0,,,,,,,,Was that the thing you were talking about earlier―girls doing it together... is this it?
231600 ,,,,,2120000,,主人公,＜名＞,,,,,,,,,,,,"Yeah, that's right. That's how you rub your vaginas together. Vaginas are soft and squishy, aren't they?"
231700 ,,,,,2120000,,コマコ,コマコ,206_KC05_k_027.wav,komako,,0,,,,,,,,Yeah.
231800 ,,,,,2120000,,主人公,＜名＞,,,,,,,,,,,,Wouldn't you think it would feel good if we stuck together there?
231900 ,,,,,2120000,,コマコ,コマコ,206_KC05_k_028.wav,komako,,0,,,,,,,,to think'' or ''to feel
232000 ,,,,,2120000,,,,,,,,,,,,,,,"Well, since there's no way to experience this, all you can do is imagine it, but just thinking about how good it feels to have someone's crotch against you gets me excited."
232100 ,,,,,2120000,,,,,,,,,,,,,,,"Sex is nice too, but rubbing against the soft, plump thighs and buttocks has its own kind of different appeal."
232200 ,,,,,2120000,,主人公,＜名＞,,,,,,,,,,,,"Besides, Kuri... uh... Komako-chan, do you remember there's a small penis-like thing just above your pussy?"
232300 ,,,,,2120000,,コマコ,コマコ,206_KC05_k_029.wav,komako,,0,,,,,,,,"Yeah, when you touch it, my stomach goes 'kyu' and tightens up, right?"
232400 ,,,,,2120000,,,,,,,,,,,,,,,"Is she remembering it, or is Komako-chan squirming her thighs?"
232600 ,,,,,2120010,,,,,,,,,,,,,,,"When I glanced over, the crotch part of the panties had just started to slightly change color."
232700 ,,,,,2120010,,,,,,,,,,,,,,,"Ugh, Komako-chan is so cute and sexy!"
232800 ,,,,,2120010,,,,,,,,,,,,,,,"While secretly pressing my rapidly growing cock against Komako-chan's ass crack inside my pants, I continued the lesson."
232900 ,,,,,2120010,,主人公,＜名＞,,,,,,,,,,,,"Yeah, that thing you call a clitoris is actually called a clitoris, you know."
233000 ,,,,,2120010,,コマコ,コマコ,206_KC05_k_030.wav,komako,,0,,,,,,,,Kuritorisu......?
233100 ,,,,,2120010,,主人公,＜名＞,,,,,,,,,,,,How about calling her Kurin-chan since it's a bit difficult?
233200 ,,,,,2120010,,コマコ,コマコ,206_KC05_k_031.wav,komako,,0,,,,,,,,"Hmm, kinda cute."
233300 ,,,,,2120010,,,,,,,,,,,,,,,"Komako-chan seems to be having fun watching the DVD, giggling on her lap. It looks like her energy is rising."
233400 ,,,,,2120010,,,,,,,,,,,,,,,"It bounces up and down like it's hopping, so every time, its soft ass gets pressed tightly against my cock. Hmm, that's a bonus."
233500 ,,,,,2120010,,主人公,＜名＞,,,,,,,,,,,,"So, when you stick the two together like that, you also rub the Clit-chans against each other, you know? What do you think will happen?"
233600 ,,,,,2120010,,コマコ,コマコ,206_KC05_k_032.wav,komako,,0,,,,,,,,I think that both I and chi-chan get a stomach that feels like 'kyuu' and become really horny...
233700 ,,,,,2120010,,主人公,＜名＞,,,,,,,,,,,,right?
233800 ,,,,,2120010,,コマコ,コマコ,206_KC05_k_033.wav,komako,,0,,,,,,,,Looks like it feels good...
233900 ,,,,,2120010,,,,,,,,,,,,,,,"Komako-chan was already deeply engrossed in the screen, her curiosity piqued."
234000 ,,,,,2120010,,,,,,,,,,,,,,,"Since just now, my butt has been wiggling nonstop."
234100 ,,,,,2120010,,コマコ,コマコ,206_KC05_k_034.wav,komako,,0,,,,,,,,"Ah, so this is what it's like when girls get frisky with each other..."
234300 ,,,,,2120020,,,,,,,,,,,,,,,The stain spreading on Komako-chan's panties was getting bigger and bigger.
234400 ,,,,,2120020,,,,,,,,,,,,,,,"The damp, sultry atmosphere even seeped through my pants to my cock."
234500 ,,,,,2120020,,主人公,＜名＞,,,,,,,,,,,,"How about this? With this, you won't even need to use your dick, it won't hurt, and it seems like Chichan might even do it for you, right?"
234600 ,,,,,2120020,,コマコ,コマコ,206_KC05_k_035.wav,komako,,0,,,,,,,,"Yeah, seems like they might do it."
234700 ,,,,,2120020,,主人公,＜名＞,,,,,,,,,,,,How about we try it when we're alone next time? Something like a lesbian hookup.
234800 ,,,,,2120020,,コマコ,コマコ,206_KC05_k_036.wav,komako,,0,,,,,,,,"Yeah, yeah."
234900 ,,,,,2120020,,,,,,,,,,,,,,,"Now that I think about how Komako-chan and Chi-chan are finally going to have sex this time, I feel a complicated mix of emotions, but it's good that Komako-chan's mood improved―good, good."
235100 ,,<!scene_h_end>,,31,,,,,,,,,,,,,,,,"And as I thought that, for some reason, Komako-chan's forehead started to wrinkle more and more."
235200 ,,,,,,,,,,,,,,,,,,,,Huh?
235300 ,,,,,,,主人公,＜名＞,,,,,,,,,,,,What's wrong with Komako-chan?
235400 ,,,,,,,コマコ,コマコ,206_KC05_k_037.wav,"komako,privateC",,13,,,,,,,",'Hey, old man. You knew that girls can do it like this, right?'"
235500 ,,,,,,,主人公,＜名＞,,komako,,13,,,,,,,,"Yeah. Otherwise, I won't be able to tell you, right?"
235600 ,,,,,,,,,,komako,,13,,,,,,,,I wondered what she was going to say next... and then Komako-chan grabbed the nearby zabuton.
235700 ,,<!ef_hit_zabuton>,,,,,,,,komako,,11,,,,,,,,Bash!
235800 ,,,,,,,主人公,＜名＞,,komako,,11,,,,,,,,Gyaaaah!
235900 ,,,,,,,,,,komako,,11,,,,,,,,The familiar slap from the cushion struck my face.
236000 ,,,11,,,,コマコ,コマコ,206_KC05_k_038.wav,komako,,11,,,,,,,,liar
236100 ,,,,,,,主人公,＜名＞,,komako,,11,,,,,,,,Huh? Huh?
236200 ,,,,,,,コマコ,コマコ,206_KC05_k_039.wav,komako,,31,,,,,,,,You were lying when you said you couldn't do it without a penis. You tricked me by saying it was practice and then had sex with me.
236300 ,,,,,,,主人公,＜名＞,,komako,,31,,,,,,,,What? What? That's not right...
236400 ,,,,,,,コマコ,コマコ,206_KC05_k_040.wav,komako,,11,,,,,,,,Liar!
236500 ,,<!ef_hit_zabuton>,,,,,,,,komako,,11,,,,,,,,bash! bash! bash! bash!
236600 ,,,,,,,,,,komako,,11,,,,,,,,"She keeps hitting me with a cushion, as if she won't allow any excuses."
236700 ,,,,,,,コマコ,コマコ,206_KC05_k_041.wav,komako,,16,,,,,,,,"I didn't really want to have sex with that uncle, but I thought it was just practice, so I guess it couldn't be helped."
236800 ,,<!ef_hit_zabuton>,,,,,,,,komako,,16,,,,,,,,bash! bash! bash!
236900 ,,,,,,,主人公,＜名＞,,komako,,16,,,,,,,,Something like that...
237000 ,,,,,,,,,,komako,,16,,,,,,,,"Of course, I knew Komako-chan wasn't into having sex with the old man. But when she said it straight out, it hurt."
237100 ,,,,,,,,,,komako,,16,,,,,,,,It seems like you're being thought of as ''I don't care about you at all.''
237200 ,,,,,,,コマコ,コマコ,206_KC05_k_042.wav,komako,,36,,,,,,,,"If girls don't need a penis for being horny, then why didn't you have sex with an old man? Stupid, stupid old man, liar!"
237300 ,,<!ef_hit_zabuton>,,,,,,,,komako,,36,,,,,,,,Bashii!!
237400 ,,,,,,,,,,,,,,,,,,,,"I was scolded and hit hard with a zabuton (cushion), and tears came out."
237500 ,,,,,,,,,,,,,,,,,,,,"Come on, you don't have to go that far, do you?"
237600 ,,,,,,,主人公,＜名＞,,,,,,,,,,,,"Uncle is so in love with Komako-chan, yet..."
237700 ,,,,,,,コマコ,コマコ,206_KC05_k_043.wav,komako,,4,,,,,,,,What? Did you... cry?
237800 ,,,,,,,,,,komako,,4,,,,,,,,"Coma-chan was startled by the sight of an elderly man shedding tears profusely, and her hand froze."
237900 ,,,,,,,,,,komako,,4,,,,,,,,"Before he could react, he pushed her down and pressed her against the wall."
238000 ,,,,,,,主人公,＜名＞,,,,,,,,,,,,"What the hell, man? What the hell? Old man, I liked Komako-chan, so I wanted to have sex with her. Why can't you understand that?"
238100 ,,,,,,,コマコ,コマコ,206_KC05_k_044.wav,"komakoL,privateC",,26,,,,,,,",'Hey, old man, it's tough...'"
238200 ,,,,,,,,,,komakoL,,26,,,,,,,,"In my arms, Komako-chan wriggled. But as if to push down the feeling of liking Komako-chan, I tightly embraced her slender body."
238300 ,,,,,,,,,,komakoL,,26,,,,,,,,Buried my face in the fragrant nape of the neck and licked around sloppily.
238400 ,,,,,,,コマコ,コマコ,206_KC05_k_045.wav,komakoL,,13,,,,,,,,"Noooo... don't lick me, don't do that...!"
238500 ,,,,,,,主人公,＜名＞,,komakoL,,13,,,,,,,,"Uncle, I wanted Komako-chan to be a girl. I wanted to have sex with Komako-chan. No, I want to."
238600 ,,,,,,,コマコ,コマコ,206_KC05_k_046.wav,komakoL,,31,,,,,,,,"I don't wanna do ittt, stop, stop already!"
238700 ,,,,,,,主人公,＜名＞,,komakoL,,31,,,,,,,,"No, I won't stop. I won't stop until Komako-chan understands my feelings."
238800 ,,,,,,,,,,komakoL,,31,,,,,,,,"With a tongue coated in plenty of saliva, she slowly licks the sensitive spots behind Komako-chan's ears and along her nape. Komako-chan's body twitches slightly, her resistance weakens."
238900 ,,,,,,,主人公,＜名＞,,komakoL,,31,,,,,,,,"Hey, even Komako-chan likes it when Uncle does naughty things to her, right?"
239000 ,,,,,,,コマコ,コマコ,206_KC05_k_047.wav,komakoL,,11,,,,,,,,N-no way that's true...
239100 ,,,,,,,主人公,＜名＞,,komakoL,,11,,,,,,,,"Liar, it should feel good."
239200 ,,,,,,,,,,komakoL,,11,,,,,,,,"While holding Komako-chan with one arm, he undid her buttons one by one. Her already erect pink nipples greeted him."
239300 ,,,,,,,,,,komakoL,,11,,,,,,,,Bring your lips closer there too and tease with your tongue in a lewd way.
239400 ,,,,,,,主人公,＜名＞,,komakoL,,11,,,,,,,,"Oh, your boobs are so small like this. If I lick them, they'll twitch, won't they?"
239500 ,,,,,,,コマコ,コマコ,206_KC05_k_048.wav,komakoL,,6,,,,,,,,"Fwaaahh, h-hey, the boobs, nooo, uncle, you're cheating..."
239600 ,,,,,,,主人公,＜名＞,,komakoL,,6,,,,,,,,"You're not being sneaky, Komako-chan's body is just sexy."
239700 ,,,,,,,コマコ,コマコ,206_KC05_k_049.wav,komakoL,,13,,,,,,,,"Hyaaah, ahhhh......nnnnnghhh, nooo, I can't hold back anymore......"
239800 ,,,,,,,,,,komakoL,,13,,,,,,,,"The nipple of Komako-chan developed by my tongue has become even more sensitive than before, and just a little suckling caused Komako-chan's body to go limp."
239900 ,,,,,,,,,,komakoL,,13,,,,,,,,"Halfway forcibly, I end up tearing off the skirt and panties as well."
240000 ,,,,,,,コマコ,コマコ,206_KC05_k_050.wav,komakoL,,6,,,,,,,,No way! I really don't want to...
240100 ,,,,,,,主人公,＜名＞,,komakoL,,6,,,,,,,,"Even if you say 'Yada,' it feels good, right? Your pussy is all slippery."
240200 ,,,,,,,,,,komakoL,,6,,,,,,,,"While continuing to lick the nipples, I peel off the panties and touch the exposed pussy with my fingers."
240300 ,,,,,,,,,,komakoL,,6,,,,,,,,"There was a sticky, squelching sound."
240400 ,,,,,,,,,,komakoL,,6,,,,,,,,"The place, heated to the point where steam seems about to come out, is so hot that just scratching it lightly with your fingertips makes the inside ooze out a warm, runny broth."
240500 ,,,,,,,主人公,＜名＞,,komakoL,,6,,,,,,,,"Hey, you're all ready now. You've turned into a greedy little pussy wanting a cock, haven't you?"
240600 ,,,,,,,コマコ,コマコ,206_KC05_k_051.wav,komakoL,,26,,,,,,,,"No, no, that's not it. I don't want a dick or anything..."
240700 ,,,,,,,,,,komakoL,,26,,,,,,,,"KomaKochan is saying something, but ignore it, ignore it. Because KomaKochan doesn't think about the old man's feelings either."
240800 ,,,,,,,,,,komakoL,,26,,,,,,,,"So, let's change Komako-chan's body. We'll make it so she can't live without Uncle's dick, and we'll let her do whatever she wants with it."
241000 ,,<!scene_h_begin>,,,2250000,,コマコ,コマコ,206_KC05_k_052.wav,komako,,0,,,,,,,,"''Hyaaaah, aaaaaaa"
241100 ,,,,,2250000,,,,,,,,,,,,,,,I ruthlessly thrust my cock into Komako-chan's pussy.
241200 ,,,,,2250000,,,,,,,,,,,,,,,"As usual, Komako-chan's pussy was tight, but thanks to it being soaked and slippery, it slid right in."
241300 ,,,,,2250000,,,,,,,,,,,,,,,"And as soon as it was inserted, it twitched and started tightening up."
241400 ,,,,,2250000,,主人公,＜名＞,,,,,,,,,,,,"Hey hey, Komako-chan's pussy is welcoming Uncle's dick, you know."
241500 ,,,,,2250000,,コマコ,コマコ,206_KC05_k_053.wav,komako,,0,,,,,,,,"That's not true... nngh... pull it out, pull it out!"
241600 ,,,,,2250000,,主人公,＜名＞,,,,,,,,,,,,"That's no good, because Komako-chan is lying, you know?"
241700 ,,,,,2250000,,コマコ,コマコ,206_KC05_k_054.wav,komako,,0,,,,,,,,"I'm not lying! Just stop it already, pull it out, okay?!"
241800 ,,,,,2250000,,,,,,,,,,,,,,,"Komako-chan, looking away from me with a reluctant expression, flails about."
241900 ,,,,,2250000,,,,,,,,,,,,,,,"But, perhaps because I'm being held up with one arm and supported by force with my dick, my resistance is feeble."
242000 ,,,,,2250000,,,,,,,,,,,,,,,"Taking advantage of that, I shook Komako-chan's body up and down and stirred her pussy with my cock."
242100 ,,,,,2250000,,コマコ,コマコ,206_KC05_k_055.wav,komako,,0,,,,,,,,"Hyaaaah, n-no, don't move it!"
242200 ,,,,,2250000,,主人公,＜名＞,,,,,,,,,,,,Why? Because it feels good?
242300 ,,,,,2250000,,コマコ,コマコ,206_KC05_k_056.wav,komako,,0,,,,,,,,Nooo... I don't want to have sex... stop it...
242400 ,,,,,2250000,,主人公,＜名＞,,,,,,,,,,,,"Why don't you just say it honestly, like 'your cock feels good'?"
242500 ,,,,,2250000,,,,,,,,,,,,,,,Grab Komako-chan's slender waist and shake her up and down with a wobbling motion.
242600 ,,,,,2250000,,,,,,,,,,,,,,,"Then the dick would hit the inside of Komako-chan's vagina here and there with a *guchu* *guchu* sound, and Komako-chan would wriggle her body in a lewd way."
242700 ,,,,,2250000,,コマコ,コマコ,206_KC05_k_057.wav,komako,,0,,,,,,,,"Feeling bad... because, uncle, idiot, hate it..."
242800 ,,,,,2250000,,主人公,＜名＞,,,,,,,,,,,,"But Komako-chan's pussy is all slippery, and she's squeezing my dick tightly with a ''kyu-kyu'' sound and won't let go, you know?"
242900 ,,,,,2250000,,コマコ,コマコ,206_KC05_k_058.wav,komako,,0,,,,,,,,"''S-so, that's, that's... hiiiiii"
243000 ,,,,,2250000,,主人公,＜名＞,,,,,,,,,,,,"If you move, you make such a lewd sound... isn't that because it feels good? Or is it not?"
243100 ,,,,,2250000,,コマコ,コマコ,206_KC05_k_059.wav,komako,,0,,,,,,,,"I don't get it, I don't know that at all!"
243200 ,,,,,2250000,,,,,,,,,,,,,,,"Why can't you just accept what I say, Komako-chan, as she desperately turns her face away?"
243300 ,,,,,2250000,,,,,,,,,,,,,,,"But despite such an attitude, Komako-chan's vaginal folds were clinging tightly to the cock, welcoming the dick with open arms."
243400 ,,,,,2250000,,主人公,＜名＞,,,,,,,,,,,,"It feels so good, but to lie like that, Komako-chan is a bad girl, isn't she?"
243500 ,,,,,2250000,,コマコ,コマコ,206_KC05_k_060.wav,komako,,0,,,,,,,,"''No, it's not a lie, it's not a"
243600 ,,,,,2250000,,主人公,＜名＞,,,,,,,,,,,,"So, what could be making that wet, lewd squelching sound?"
243700 ,,,,,2250000,,コマコ,コマコ,206_KC05_k_061.wav,komako,,0,,,,,,,,"Ah, n-nngh, ahh, nooo, stop making noiseeee, no noooo!"
243800 ,,,,,2250000,,,,,,,,,,,,,,,You must have gotten really excited watching that AV.
243900 ,,,,,2250000,,,,,,,,,,,,,,,"Even though she hadn't been touched much, Komako-chan's pussy was fully developed deep inside."
244000 ,,,,,2250000,,,,,,,,,,,,,,,"The deeply inserted cock is moved messily around, causing lewd sounds to echo throughout the room."
244100 ,,,,,2250000,,コマコ,コマコ,206_KC05_k_062.wav,komako,,0,,,,,,,,"You're not telling any lies. The one lying is the old man, you idiot..."
244200 ,,,,,2250000,,主人公,＜名＞,,,,,,,,,,,,"Well, like, it's not exactly enjoyable, right?"
244300 ,,,,,2250000,,コマコ,コマコ,206_KC05_k_063.wav,komako,,0,,,,,,,,"It doesn't feel good, pull it out! Ahhhh, pull it out!"
244400 ,,,,,2250000,,,,,,,,,,,,,,,"If you push so hard, I'll just get more stubborn and insist on it. Like, ''I'll make you admit it feels good,'' or something."
244500 ,,,,,2250000,,,,,,,,,,,,,,,"As he thrust his cock deep into Komako-chan's innermost depths, he licked up her cheek with a slurping sound."
244600 ,,,,,2250000,,コマコ,コマコ,206_KC05_k_064.wav,komako,,0,,,,,,,,"''Hiss'' or ''Hii'' (depending on context, often an exclamation of surprise or fear)"
244700 ,,,,,2250000,,主人公,＜名＞,,,,,,,,,,,,"Hmm, this taste is a lying taste, huh..."
244800 ,,,,,2250000,,コマコ,コマコ,206_KC05_k_065.wav,komako,,0,,,,,,,,Huh? Eh? You... you already know that?
244900 ,,,,,2250000,,,,,,,,,,,,,,,Komako-chan's face becomes anxious in an instant. Cute.
245000 ,,,,,2250000,,主人公,＜名＞,,,,,,,,,,,,"If it were in my mouth, I'd understand it much better, huh..."
245100 ,,,,,2250000,,,,,,,,,,,,,,,"While saying that, the attempt to ravage the cherry-colored, refined lips with the old man's tongue was avoided."
245200 ,,,,,2250000,,,,,,,,,,,,,,,"Come on, even though we've done this before, you don't have to hate it that much, do you?"
245300 ,,,,,2250000,,コマコ,コマコ,206_KC05_k_066.wav,komako,,0,,,,,,,,Stop licking my face. My saliva tastes bad...
245400 ,,,,,2250000,,,,,,,,,,,,,,,"And what's more, you even say such terrible things."
245500 ,,,,,2250000,,主人公,＜名＞,,,,,,,,,,,,"Well then, Komako-chan, are you afraid of being found out for lying?"
245600 ,,,,,2250010,,コマコ,コマコ,206_KC05_k_067.wav,komako,,0,,,,,,,,"N-no, n-not... h-hy, ahhhh, n-nooooooo!"
245800 ,,,,,2250010,,,,,,,,,,,,,,,"I pushed my cock deep into Komako-chan, skewering her, and while preventing her from escaping, I licked her cute cheeks over and over again."
245900 ,,,,,2250010,,,,,,,,,,,,,,,"By that point, Komako-chan's face was so covered in saliva that it was glistening."
246000 ,,,,,2250010,,コマコ,コマコ,206_KC05_k_068.wav,komako,,0,,,,,,,,"Hiiiiuuh, b-b-baatchi yo, stop it, no, I don't want it, no more, I don't want this anymore..."
246100 ,,,,,2250010,,,,,,,,,,,,,,,Tears well up in Komako-chan's eyes. She looks like she's about to burst into tears.
246200 ,,,,,2250010,,,,,,,,,,,,,,,"As for me, who is usually a kind old man at the candy shop, if I saw Komako-chan's face like that, I might get flustered."
246300 ,,,,,2250010,,,,,,,,,,,,,,,"But now it's different. Just a man who likes Komako-chan and wants to make Komako-chan feel good, so he doesn't stop his tongue for that."
246400 ,,,,,2250010,,主人公,＜名＞,,,,,,,,,,,,"If Komako-chan becomes honest, I'll stop it for you. Because the taste of a child who's lying is disgusting, you know?"
246500 ,,,,,2250010,,コマコ,コマコ,206_KC05_k_069.wav,komako,,0,,,,,,,,"H-huh... so, I'm not lying... nnnnnnngh!"
246600 ,,,,,2250010,,主人公,＜名＞,,,,,,,,,,,,"Who is it that says, 'I'm not feeling good,' even though you're getting your cock inside you and your pussy is feeling good?"
246700 ,,,,,2250010,,コマコ,コマコ,206_KC05_k_070.wav,komako,,0,,,,,,,,"''Hiiiiu, nnnngh, d, d-d-d-d"
246800 ,,,,,2250010,,主人公,＜名＞,,,,,,,,,,,,Hmm~? The taste of lying seems to have gotten even stronger!
246900 ,,,,,2250010,,コマコ,コマコ,206_KC05_k_071.wav,komako,,0,,,,,,,,"Hyaaaah, yahhh, that's not trueeee!!"
247000 ,,,,,2250010,,,,,,,,,,,,,,,"In that way, while teasing her with words in a nagging manner, the penis would change its movement to one that rubbed against Komako-chan's weak spot."
247100 ,,,,,2250010,,,,,,,,,,,,,,,"Komako-chan's body is thin and light, so even I, who is not very athletic, can easily lift her."
247200 ,,,,,2250010,,,,,,,,,,,,,,,"Synchronize the movement of my hips with Komako-chan's hips, and gently rub the slightly slippery part with the glans, making a wet sound."
247300 ,,,,,2250010,,コマコ,コマコ,206_KC05_k_072.wav,komako,,0,,,,,,,,"Ah, uh, n-no, don't do it like that! Not there! Nooo!"
247400 ,,,,,2250010,,主人公,＜名＞,,,,,,,,,,,,Hmm~? What's wrong~?
247500 ,,,,,2250010,,,,,,,,,,,,,,,Komako-chan's weak point is located in a relatively shallow area.
247600 ,,,,,2250010,,,,,,,,,,,,,,,"So when you rub that spot with the head of your penis, it looks like you're pulling out half your cock, and Komako-chan's ass floats up."
247700 ,,,,,2250010,,,,,,,,,,,,,,,"In that half-finished state, Komako-chan was half-crying as she was relentlessly tormented in her sensitive spot."
247800 ,,,,,2250010,,コマコ,コマコ,206_KC05_k_073.wav,komako,,0,,,,,,,,"No, it's no good! Really, it's no good! Don't do that there! No, noooo!"
247900 ,,,,,2250010,,,,,,,,,,,,,,,"Because of her unstable posture, Komako-chan can't even struggle, and she's just being tormented at the place where she feels the cock."
248000 ,,,,,2250010,,,,,,,,,,,,,,,"It looks like only your vagina is desperately begging like it's opening and closing, with your mouth flapping around."
248100 ,,,,,2250010,,,,,,,,,,,,,,,I licked Komako-chan's cheek again with a slurping sound and laughed.
248200 ,,,,,2250010,,主人公,＜名＞,,,,,,,,,,,,"Hmm, this feels really nice, so it's no good, huh?"
248300 ,,,,,2250010,,コマコ,コマコ,206_KC05_k_074.wav,komako,,0,,,,,,,,"You didn't say that, mmmmnnnngh, ahhhhhhhngh!"
248400 ,,,,,2250010,,主人公,＜名＞,,,,,,,,,,,,"But, Komako-chan's sweat tastes like it's saying that, huh? What what? Do you want me to thrust even deeper into your pussy?"
248500 ,,,,,2250010,,コマコ,コマコ,206_KC05_k_075.wav,komako,,0,,,,,,,,"N-no, that's not true! Don't just say random things! You idiot!"
248600 ,,,,,2250010,,,,,,,,,,,,,,,"But Komako-chan's pussy is twitching, trying to guide the cock deeper and deeper inside."
248700 ,,,,,2250010,,,,,,,,,,,,,,,Scratching repeatedly over the shallow parts like that made Komako-chan's flat belly twitch.
248800 ,,,,,2250010,,,,,,,,,,,,,,,It looks like the uterus deep inside is craving a cock.
248900 ,,,,,2250010,,主人公,＜名＞,,,,,,,,,,,,"But if you keep getting it here, doesn't your stomach feel hot and itchy? Don't you start wanting my cock all the way inside you?"
249000 ,,,,,2250010,,コマコ,コマコ,206_KC05_k_076.wav,komako,,0,,,,,,,,"N-no, that's not... that's not the case, mmmmnnnngh!"
249100 ,,,,,2250010,,,,,,,,,,,,,,,"Because Komako-chan is so stubborn, her butt is extremely honest."
249200 ,,,,,2250010,,,,,,,,,,,,,,,"Since the last few minutes, it's been trembling and trying to push its dick all the way into the depths of the vagina."
249300 ,,,,,2250010,,,,,,,,,,,,,,,"Because I'm holding Komako-chan's waist tightly, she can't do it."
249400 ,,,,,2250010,,主人公,＜名＞,,,,,,,,,,,,"Oh, you're lying again, huh~?"
249500 ,,,,,2250010,,コマコ,コマコ,206_KC05_k_077.wav,komako,,0,,,,,,,,Ttttt!
249600 ,,,,,2250010,,,,,,,,,,,,,,,"The face was licked with a *beron* sound, and a smug smile spread. Komako-chan's eyebrows formed an ''H'' shape, and tears seemed about to spill from her eyes."
249700 ,,,,,2250010,,,,,,,,,,,,,,,"But, your ass is already shaking and trembling, and it looks like you can't help but want me to thrust my cock all the way in."
249800 ,,,,,2250010,,主人公,＜名＞,,,,,,,,,,,,"Yeah, yeah, Komako-chan is a liar, but Komako-chan's body is an honest guy, huh? Hey, go all the way in with that dick, okay?"
250000 ,,,,,2250010,,,,,,,,,,,,,,,I loosened the force with which I was holding down Komako-chan's butt.
250100 ,,,,,2250020,,コマコ,コマコ,206_KC05_k_078.wav,komako,,0,,,,,,,,''Something like that... hiiiiii
250200 ,,,,,2250020,,,,,,,,,,,,,,,"At that moment, Komako-chan's ass slipped down, and her pussy was fully penetrated all the way in."
250300 ,,,,,2250020,,コマコ,コマコ,206_KC05_k_079.wav,komako,,0,,,,,,,,"Ah, hahhh, ahhh, kuhhhh...... h, aaaaaaaahhhh!"
250400 ,,,,,2250020,,,,,,,,,,,,,,,"Komako-chan, who was suddenly thrust from behind, stared blankly with her eyes wide open and was stiff."
250500 ,,,,,2250020,,主人公,＜名＞,,,,,,,,,,,,"Ah, you're pushing your pussy all the way in so suddenly. Komako-chan's pussy is really slutty, huh."
250600 ,,,,,2250020,,コマコ,コマコ,206_KC05_k_080.wav,komako,,0,,,,,,,,No... no... nnnnnnnnnngh!
250700 ,,,,,2250020,,,,,,,,,,,,,,,"Komako-chan desperately tried to shake her head to deny it, but even with just a slight movement of her hips, she let out a sweet voice and stiffened her body."
250800 ,,,,,2250020,,主人公,＜名＞,,,,,,,,,,,,"You love my dick so much, you don't have to lie. Come on, let's get really into it."
250900 ,,,,,2250020,,コマコ,コマコ,206_KC05_k_081.wav,komako,,0,,,,,,,,"No, s-stop... ahhhhh, ahhhh, nnghhhh, nnnnnghhhh!"
251000 ,,,,,2250020,,,,,,,,,,,,,,,Grab Komako-chan's slender waist and this time start thrusting hard into her depths.
251100 ,,,,,2250020,,,,,,,,,,,,,,,The still underdeveloped Komako-chan's uterus itself is stimulated as her clitoris knocks on the narrow entrance and thrusts wildly.
251200 ,,,,,2250020,,コマコ,コマコ,206_KC05_k_082.wav,komako,,0,,,,,,,,"Stop it...... ahhhh, n-nnn...... ahhhhhh, ahh, y-yes, no, ahh, ahhhhh!"
251300 ,,,,,2250020,,,,,,,,,,,,,,,"Komako-chan is still trying to retort, but the proportion of her lewd voice has increased."
251400 ,,,,,2250020,,,,,,,,,,,,,,,"Her face is still tearful, but she looks a bit dazed and out of it."
251500 ,,,,,2250020,,コマコ,コマコ,206_KC05_k_083.wav,komako,,0,,,,,,,,"Nnnnnnnghhhhh...... nkhuuuu, yahhh, iya, yada, aaaaaahhh, nnghhh"
251600 ,,,,,2250020,,主人公,＜名＞,,,,,,,,,,,,It seems like you're getting more obedient lately. You can relax even more and enjoy it.
251700 ,,,,,2250020,,コマコ,コマコ,206_KC05_k_084.wav,komako,,0,,,,,,,,"Y-y... that kind... hahhhhnnnggghhh, feels... ahhh, good... hihunngg, somehow... ahhhh!"
251800 ,,,,,2250020,,,,,,,,,,,,,,,"No matter how much Komako tried to argue, her face melted with one thrust of his cock, her pussy convulsed, and obscene moans escaped her."
251900 ,,,,,2250020,,,,,,,,,,,,,,,Koma-chan's pussy was completely filled with the old man's dick and tricomoniasis.
252000 ,,,,,2250020,,,,,,,,,,,,,,,"Not only that, but as I'm about to go for the tricolor of old man sex, I get my tongue close to Komako-chan's beloved nipples."
252100 ,,,,,2250020,,主人公,＜名＞,,,,,,,,,,,,"Let me make you feel even better, so you'll like having sex with Uncle."
252200 ,,,,,2250020,,コマコ,コマコ,206_KC05_k_085.wav,komako,,0,,,,,,,,"F-fahhh... nngh, the dick... nnghh, while you're putting it in... ahhhngh, suck my tits... hii, ahhhhhhh!"
252300 ,,,,,2250020,,主人公,＜名＞,,,,,,,,,,,,"Huh? You love having your dick shoved in while your tits get licked? Okay, I'll do more then."
252400 ,,,,,2250020,,コマコ,コマコ,206_KC05_k_086.wav,komako,,0,,,,,,,,"Chig... ahhhh, hyonna kotoo... ihe, ahhhhhhh!"
252500 ,,,,,2250020,,,,,,,,,,,,,,,Komako-chan's speech is getting increasingly suspicious.
252600 ,,,,,2250020,,,,,,,,,,,,,,,"Taking advantage of the fact that she couldn't understand what I was saying anymore, I intensified the oral caresses."
252700 ,,,,,2250020,,,,,,,,,,,,,,,"The tip of the hardened, overly sensitive nipple is poked with the tip of the tongue, licked, or sucked between the lips."
252800 ,,,,,2250020,,コマコ,コマコ,206_KC05_k_087.wav,komako,,0,,,,,,,,''Hiiiiii
252900 ,,,,,2250020,,,,,,,,,,,,,,,Komako-chan seemed to be trying to hold back at least her voice.
253000 ,,,,,2250020,,,,,,,,,,,,,,,"But, that is a waste of effort in front of the old man's tongue and dick, and with his dick tormenting the depths of vagina and breasts being played with by his tongue, lewd moans slipping out."
253100 ,,,,,2250020,,コマコ,コマコ,206_KC05_k_088.wav,komako,,0,,,,,,,,"''H-h, hah......aahhh, ahhhhhhhnggghhh, nnnnnggghhh, ahhh, ahhhhhhh"
253200 ,,,,,2250020,,主人公,＜名＞,,,,,,,,,,,,"How about it? You must feel good, right, Komako? You're making all sorts of sexy noises."
253300 ,,,,,2250020,,コマコ,コマコ,206_KC05_k_089.wav,komako,,0,,,,,,,,"Kuhhh, hiiiiinnnngg, iihyaaa......nnnnngg, nnfuuuuuuuuhhhh, nnnnnnnngg!"
253400 ,,,,,2250020,,,,,,,,,,,,,,,It seemed like Komako-chan couldn't even give a normal reply anymore.
253500 ,,,,,2250020,,,,,,,,,,,,,,,"Unconsciously, she's grinding her ass back and forth, eagerly rubbing her pussy against my cock on her own."
253600 ,,,,,2250020,,,,,,,,,,,,,,,"Melting all gooey, being stroked so hotly in my scalding, swollen vaginal folds that I was about to lose it, I couldn't hold back any longer either."
253700 ,,,,,2250020,,主人公,＜名＞,,,,,,,,,,,,"Ahh, Komako-chan, the old man, it looks like the white stuff is coming out. It's coming out a lot!"
253800 ,,,,,2250020,,コマコ,コマコ,206_KC05_k_090.wav,komako,,0,,,,,,,,"Y-yahhh......hiiiiii, again, inside, getting biggghhh......nnnnnnn～hhhhhh"
253900 ,,,,,2250020,,,,,,,,,,,,,,,The glans swells even more with the anticipation of ejaculation.
254000 ,,,,,2250020,,,,,,,,,,,,,,,"Oh, I'm about to come."
254100 ,$menu_begin,,,,2250020,,,,,,,,,,,,,,,Multiple-choice options
↓,"$menu_item 0,中に出す,sel_1a",,,,2250020,,,,,,,,,,,,,
↓,"$menu_item 1,外に出す,sel_1b",,,,2250020,,,,,,,,,,,,,
↓,$menu_end,,,,2250020,,,,,,,,,,,,,,,
254200 ,*sel_1a,,,,2250020,,,,,,,,,,,,,,,put inside
254300 ,,,,,2250020,,主人公,＜名＞,,,,,,,,,,,,"Komako-chan, here it comes! Take my slippery one in your pussy and hold it tight...!"
254400 ,,,,,2250020,,,,,,,,,,,,,,,"I thought Komako-chan was about to cum, so I decided to just shoot inside her."
254500 ,,,,,2250020,,コマコ,コマコ,206_KC05_k_091.wav,komako,,0,,,,,,,,"Eh? Ah, Akichan..."
254700 ,,<!ef_shasei_l>,,,2250030,,,,,,,,,,,,,,,bukubukubukubukuuuuuuu!
254800 ,,<!ef_shasei>,,,2250030,,コマコ,コマコ,206_KC05_k_092.wav,komako,,0,,,,,,,,"''Fwaaaahhh, ahhhhhhh"
254900 ,,,,,2250030,,,,,,,,,,,,,,,The semen violently slams into the depths of Komako's vagina.
255000 ,,,,,2250030,,,,,,,,,,,,,,,It seemed like Komako-chan also reached her climax from that stimulation.
255100 ,,,,,2250030,,コマコ,コマコ,206_KC05_k_093.wav,komako,,0,,,,,,,,"''Ah, n-nnnn, aaaaaaa"
255200 ,,,,,2250030,,,,,,,,,,,,,,,"With a shudder, arching my back like a bow, I'm wriggling my butt with a face that looks like I'm about to cry."
255300 ,,,,,2250030,,,,,,,,,,,,,,,"The vaginal rugae writhe obscenely in an orgasm spasm, fiercely contracting to try and milk cum from the cock."
255400 ,,,,,2250030,,コマコ,コマコ,206_KC05_k_094.wav,komako,,0,,,,,,,,"Nnkuuuuuu...... uuuuuuuu...... mo, yadaa......"
255500 ,,<!ef_shasei>,,,2250030,,,,,,,,,,,,,,,"With a ''hikun!'' sound, as Komako-chan's insides moved vigorously, my ejaculation also stopped."
255600 ,,,,,2250030,,,,,,,,,,,,,,,"Buju, with a disgusting sound, semen leaks out from the joint."
255700 ,,,,,2250030,,主人公,＜名＞,,,,,,,,,,,,"Inside Komako-chan's pussy, it's all filled up with the old man's slippery stuff, huh?"
255800 ,,,,,2250030,,コマコ,コマコ,206_KC05_k_095.wav,komako,,0,,,,,,,,"Haa... haa... haa... Uncle's, idiot..."
255900 ,,,,,2250030,,,,,,,,,,,,,,,"Komako-chan murmurs softly, but right after she came, she seems to have no strength left and is leaning against me like she's trying to cling to me."
256000 ,,,,,2250030,,,,,,,,,,,,,,,Cute.
256100 ,,,,,2250030,,,,,,,,,,,,,,,I hugged Komako-chan tightly again with a very satisfied feeling.
256200 ,$go join_1,,,,,,,,,,,,,,,,,,,■Convergence
256300 ,*sel_1b,,,,,,,,,,,,,,,,,,,take out
256400 ,,,,,2250020,,,,,,,,,,,,,,,"I thought Komako-chan was about to cum, so I pulled my dick out of Komako-chan."
256500 ,,,,,2250020,,,,,,,,,,,,,,,"I wanted to dirty your white skin with my semen, Komako-chan, like marking you as mine."
256600 ,,,,,2250020,,コマコ,コマコ,206_KC05_k_096.wav,komako,,0,,,,,,,,"Hyaaaah, I, I'm goiiiiing!"
256700 ,,,,,2250020,,,,,,,,,,,,,,,"When being pulled out, perhaps his dick rubbed against her weak spot. Komako-chan reached her climax."
256800 ,,,,,2250020,,,,,,,,,,,,,,,"The most tightly constricted state of the vaginal opening is being stroked by the glans, and that is the final blow."
257000 ,,<!ef_shasei_l>,,,2250031,,,,,,,,,,,,,,,bupyubupyubupyuuuuuu
257100 ,,,,,2250031,,コマコ,コマコ,206_KC05_k_097.wav,komako,,0,,,,,,,,''Hiiiiii
257200 ,,<!ef_shasei>,,,2250031,,,,,,,,,,,,,,,"It was like a fountain of cum shooting up and splashing onto Komako-chan's smooth white belly and her droopy, wet pink pussy."
257300 ,,,,,2250031,,コマコ,コマコ,206_KC05_k_098.wav,komako,,0,,,,,,,,"Haa... haa... haa... Ugh, it's so slippery... hiiii..."
257400 ,,,,,2250031,,,,,,,,,,,,,,,"Komako-chan scrunches up her face, but it seems like she doesn't have the energy or willpower to run away, so she just stays still and lets herself be covered in cum."
257500 ,,<!ef_shasei>,,,2250031,,,,,,,,,,,,,,,My dick decorated her innocent body with plenty of cum.
257600 ,,,,,2250031,,コマコ,コマコ,206_KC05_k_099.wav,komako,,0,,,,,,,,Uuuu...
257700 ,,,,,2250031,,,,,,,,,,,,,,,"Like it's saying nothing will go to waste, drop by drop, the dick spews out plenty of cum."
257800 ,,,,,2250031,,,,,,,,,,,,,,,"I wonder where so much semen came from, filling up Komako-chan's stomach and making it slippery."
257900 ,,,,,2250031,,コマコ,コマコ,206_KC05_k_100.wav,komako,,0,,,,,,,,Idiot... old man's idiot...
258000 ,,,,,2250031,,,,,,,,,,,,,,,"By the time I had finished ejaculating, Komako-chan's place was dripping with my semen."
258100 ,,,,,2250031,,主人公,＜名＞,,,,,,,,,,,,"Komako-chan's there, Uncle's slippery stuff is all over it, huh?"
258200 ,,,,,2250031,,,,,,,,,,,,,,,I felt like I had successfully marked it.
258300 ,,,,,2250031,,コマコ,コマコ,206_KC05_k_101.wav,komako,,0,,,,,,,,Haa... haa... haa... Uncle's... idiot...
258400 ,,,,,2250031,,,,,,,,,,,,,,,"Komako-chan murmurs softly, but right after she came, she seems to have no strength left and is leaning against me like she wants to be spoiled."
258500 ,,,,,2250031,,,,,,,,,,,,,,,Cute.
258600 ,,,,,2250031,,,,,,,,,,,,,,,I hugged Komako-chan tightly again with a very satisfied feeling.
258800 ,*join_1,,,,,,,,,,,,,,,,,,,■Convergence
258900 ,$event_return,,,,,,,,,,,,,,,,,,,
259000 ,,<!scene_h_end>,12,31,,,コマコ,コマコ,206_KC05_k_102.wav,komakoL,,28,,,,,,,,U... *sniffles*
259100 ,,,,,,,,,,komakoL,,28,,,,,,,,"After a while, a tear rolled down from Komako-chan's eyes."
259200 ,,,,,,,主人公,＜名＞,,komakoL,,28,,,,,,,,K-Komako-chan?
259300 ,,,,,,,コマコ,コマコ,206_KC05_k_103.wav,komakoL,,8,,,,,,,,''Uwaaaaaaa
259400 ,,,,,,,,,,komakoL,,8,,,,,,,,"The tears swelled up in an instant, and Komako-chan started to sob loudly."
259500 ,,,,,,,,,,komakoL,,8,,,,,,,,"Just now, I was being aggressive and pushing forward, but that was because my dick was rock hard, and I couldn't stand it anymore―I wanted to have sex with Komako-chan."
259600 ,,,,,,,,,,komakoL,,8,,,,,,,,"Now, after finishing the lewd sage time, if you cry like that―"
259700 ,,,,,,,主人公,＜名＞,,komakoL,,8,,,,,,,,"Kokoko, Komako-chan, what's wrong?"
259800 ,,,,,,,,,,komakoL,,8,,,,,,,,I can't help but look ridiculous and flustered.
259900 ,,,,,,,コマコ,コマコ,206_KC05_k_104.wav,komakoL,,28,,,,,,,,"Uwaaaaan, uwaaaaan, uwaaaaaaan!"
260000 ,,,,,,,主人公,＜名＞,,komakoL,,28,,,,,,,,"Okay okay, okay okay. Uh, want some candy? Chocolate is good?"
260100 ,,,,,,,コマコ,コマコ,206_KC05_k_105.wav,komakoL,,8,,,,,,,,Uwaaaaaaaaan!
260200 ,,,,,,,,,,komakoL,,8,,,,,,,,"I tried to stroke her head and cheer her up, but Komako-chan's tears only grew more intense."
260300 ,,,,,,,コマコ,コマコ,206_KC05_k_106.wav,komakoL,,15,,,,,,,,"Stupid! Old man, stupid! I told you to stop, but you did it again, forcing yourself on me!"
260400 ,,,,,,,主人公,＜名＞,,komakoL,,15,,,,,,,,"Uh, sorry..."
260500 ,,,,,,,,,,komakoL,,15,,,,,,,,"When you put it that way, it feels like I've done something really bad."
260600 ,,,,,,,コマコ,コマコ,206_KC05_k_107.wav,komakoL,,14,,,,,,,,''I don't get it anymore! I don't want to! I don't want
260700 ,,,,,,,,,,komakoL,,14,,,,,,,,"While speaking, Komako-chan starts crying again, ''wan wan.''"
260800 ,,,,,,,,,,komakoL,,14,,,,,,,,"Huh? Even if I don't want to, did it feel good?"
260900 ,,,,,,,,,,komakoL,,14,,,,,,,,"Oh, I see. So you *were* thinking it was nice! That lifted my deflated spirits right up!"
261000 ,,,,,,,主人公,＜名＞,,komakoL,,14,,,,,,,,"Sorry, I forced you, which was bad... but, Uncle, I liked Komako-chan, so I wanted to make her feel good."
261100 ,,,,,,,コマコ,コマコ,206_KC05_k_108.wav,komakoL,,28,,,,,,,,Gusugusu...
261200 ,,,,,,,主人公,＜名＞,,komakoL,,28,,,,,,,,"See? See? You know that Uncle likes Komako-chan, right?"
261300 ,,,,,,,,,,komakoL,,28,,,,,,,,"She tried to plead for forgiveness, but Komako-chan just kept her cheeks wet with tears and turned away with a pout."
261400 ,,,,,,,コマコ,コマコ,206_KC05_k_109.wav,komakoL,,35,,,,,,,,"But, the one I like is ch'chan. Not the uncle..."
261500 ,,,,,,,,,,komakoL,,35,,,,,,,,Gussh.
261600 ,,,,,,,,,,komakoL,,35,,,,,,,,"Uh, even after all this, I still end up getting told that, huh..."
261700 ,,,,,,,主人公,＜名＞,,komakoL,,35,,,,,,,,"But, didn't you enjoy having sex with Uncle? Sex with someone you like feels good, doesn't it? Maybe Komako likes Uncle, huh?"
261800 ,,,,,,,,,,komakoL,,35,,,,,,,,Say it like that while pouncing on the confusion.
261900 ,,,,,,,コマコ,コマコ,206_KC05_k_110.wav,komakoL,,15,,,,,,,,"Hmm, hmmm... maybe that's right..."
262000 ,,,,,,,,,,komakoL,,15,,,,,,,,"Oh, it's here! We did it! All the effort we put in was worth it!"
262100 ,,,,,,,コマコ,コマコ,206_KC05_k_111.wav,komakoL,,8,,,,,,,,But forcing sex is unpleasant.
262200 ,,,,,,,,,,komakoL,,8,,,,,,,,"Hmm.... uu, but, I guess it's kinda understandable that I'd be called out for always forcing myself on you in bed like this."
262300 ,,,,,,,,,,komakoL,,8,,,,,,,,"If pushing doesn't work, try pulling, they say, so maybe it's better not to force it too much here."
262400 ,,,,,,,主人公,＜名＞,,komakoL,,8,,,,,,,,"Got it, from next time I won't force it. I promise."
262500 ,,,,,,,コマコ,コマコ,206_KC05_k_112.wav,komakoL,,32,,,,,,,,Really?
262600 ,,,,,,,,,,komakoL,,32,,,,,,,,Komako-chan gives me a suspicious look... even that face is cute.
262700 ,,,,,,,,,,komakoL,,32,,,,,,,,"Ugh, it's so hard to hold back from doing it with such a cute kid... but now is the time to restrain myself."
262800 ,,,,,,,主人公,＜名＞,,komakoL,,32,,,,,,,,"Really. I promise. If I break it, I'll drink a halisenbon."
262900 ,,,,,,,コマコ,コマコ,206_KC05_k_113.wav,komakoL,,23,,,,,,,,Will you also help out with Chi-chan's stuff?
263000 ,,,,,,,主人公,＜名＞,,komakoL,,23,,,,,,,,Uh-huh.
263100 ,,,,,,,,,,komakoL,,23,,,,,,,,"It's painful too, but if I can stay by Komako-chan's side by cheering her on, I'll endure it. Yeah, right now, I can think that way."
263200 ,,,,,,,コマコ,コマコ,206_KC05_k_114.wav,komakoL,,34,,,,,,,,"...Okay, I'll forgive you this time."
263300 ,,,,,,,,,,komakoL,,34,,,,,,,,Komako-chan thought for a moment before saying that.
263400 ,,,,,,,,,,komakoL,,34,,,,,,,,I feel like I want to jump for joy.
263500 ,,,,,,,主人公,＜名＞,,komakoL,,34,,,,,,,,"Huh, really?!"
263600 ,,,,,,,コマコ,コマコ,206_KC05_k_115.wav,komakoL,,30,,,,,,,,"Really. So, please take good care of Chi-chan and me."
263700 ,,,,,,,主人公,＜名＞,,komakoL,,30,,,,,,,,I get it.
263800 ,,,,,,,,,,komakoL,,30,,,,,,,,"When I nodded, Komako-chan stuck out her little finger."
263900 ,,,,,,,,,,komakoL,,30,,,,,,,,And I had tied my little finger to it and done a pinky promise.
264000 ,,<!Lend_day_change>,0,9000,,,,,,,,,,,,,,,,
264200 ,@207_KC06,,,,,,,,,,,,,,,,,,,
264500 ,,<!Lbegin_day_change>,3,31,,,千恵,千恵,207_KC06_c_000.wav,"komako,private",,22,"chie,privateC",,6,,,",,K'ma-chan▼"
264600 ,,,,,,,コマコ,コマコ,207_KC06_k_000.wav,komako,,22,chie,,6,,,,,chi-chan▼
264700 ,,,,,,,千恵＠コマコ,千恵＆コマコ,207_KC06_c_001.wav＠207_KC06_k_001.wav,komako,,22,chie,,6,,,,,Chu~tt▼
264800 ,,,,,,,,,,komako,,22,chie,,6,,,,,"Today, Komako-chan and chi-chan were in the back room, sharing and eating a single cigarette-flavored ramune."
264900 ,,,,,,,,,,komako,,22,chie,,6,,,,,"Of course, it's not folded in half."
265000 ,,,,,,,,,,komako,,22,chie,,6,,,,,It's that thing where you start eating from both ends at the same time and end up with a big mess.
265100 ,,,,,,,,,,komako,,22,chie,,6,,,,,I thought they were just doing their homework together until now.
265200 ,,,,,,,千恵,千恵,207_KC06_c_002.wav,komako,,22,chie,,21,,,,,"Eh heh, Komako-chan's mouth tastes like ramune, huh~"
265300 ,,,,,,,コマコ,コマコ,207_KC06_k_002.wav,komako,,2,chie,,21,,,,,Chii-chan's mouth tastes the same too.
265400 ,,,,,,,千恵,千恵,207_KC06_c_003.wav,komako,,2,chie,,1,,,,,They match!
265500 ,,,,,,,コマコ,コマコ,207_KC06_k_003.wav,komako,,22,chie,,1,,,,,"Peh-ro. Uh, it's scary, sweet, and *so* delicious♪"
265600 ,,,,,,,千恵,千恵,207_KC06_c_004.wav,komako,,22,chie,,13,,,,,"Now, Komako-chan, if you keep licking, it's ticklish, and then..."
265700 ,,,,,,,,,,komako,,22,chie,,13,,,,,"Chii-chan glanced at me shyly, her gaze flickering, as she leaned her lips close to Komako-chan's ear."
265800 ,,,,,,,千恵,千恵,207_KC06_c_005.wav,komako,,22,chie,,22,,,,,I feel like doing something naughty.
265900 ,,,,,,,,,,komako,,22,chie,,22,,,,,"Since starting to do ''that kind of thing'' with Komako-chan, it seems that Chi-chan has also started to develop a little sense of shame."
266000 ,,,,,,,,,,komako,,22,chie,,22,,,,,"But originally, Chi-chan was full of energy, so she heard it perfectly."
266100 ,,,,,,,コマコ,コマコ,207_KC06_k_004.wav,komako,,2,chie,,22,,,,,"Oh, look at you, Chichan. You've turned into such a little flirt, haven't you?"
266200 ,,,,,,,,,,komako,,2,chie,,22,,,,,Komako-chan is giggling softly and looks happy. She's poking chi-chan's ribs with ''tsun tsun tsun'' and tickling him.
266300 ,,,,,,,千恵,千恵,207_KC06_c_006.wav,komako,,2,chie,,6,,,,,"Ahhh, Komako-chan is tickling me again~!"
266400 ,,,,,,,,,,komako,,2,chie,,6,,,,,"So far, the two of them have gotten along so well, of course, thanks to my cooperation."
266500 ,,,,,,,,,,komako,,2,chie,,6,,,,,"After getting scolded by Komako-chan in tears, I tried my best to keep Komako-chan and Chi-chan together as much as possible."
266600 ,,,,,,,,,,komako,,2,chie,,6,,,,,"Lately, the fact that Ame-chan comes to our house later has also become a big issue. Apparently, she has started going to a summer cram school."
266700 ,,,,,,,,,,komako,,2,chie,,6,,,,,I was strangely impressed to find that there's even a cram school in such a rural area.
266800 ,,,,,,,コマコ,コマコ,207_KC06_k_005.wav,komako,,33,chie,,6,,,,,"Huh huh, Chii-chan is ticklish, isn't she?"
266900 ,,,,,,,千恵,千恵,207_KC06_c_007.wav,komako,,33,chie,,26,,,,,"Ugh, Komako-chan is being so mean..."
267000 ,,,,,,,,,,,,,,,,,,,,"So, with the two of them having more time together, Komako-chan and Chi-chan have become quite close, to the point where they're always flirting with each other."
267100 ,,,,,,,,,,,,,,,,,,,,"Honestly, even though we're in the same room, lately, I haven't been noticed at all, and it's really lonely, sir."
267200 ,,,,,,,コマコ,コマコ,207_KC06_k_006.wav,komako,,17,,,,,,,,I've finished today's homework too... maybe I'll just relax now.
267300 ,,,,,,,,,,,,,,,,,,,,Koma-kon saw me with a quick glance.
267400 ,,,,,,,,,,,,,,,,,,,,"Oh yeah, I get it. If I wanted to make out and get all hot and heavy with Chi-chan, having an old man around would just be in the way, huh?"
267500 ,,,,,,,千恵,千恵,207_KC06_c_008.wav,,,,chie,,1,,,,,"Hey, Dad, you can go inside the store. Chii-chan and I will be fine with just the two of us."
267600 ,,,,,,,,,,,,,chie,,1,,,,,"Even Chii-chan is saying to get out subtly. Ugh, are old men that much of a nuisance?"
267700 ,,,,,,,コマコ,コマコ,207_KC06_k_007.wav,komako,,2,,,,,,,,"Chii-chan, I love you so much▼"
267800 ,,,,,,,千恵,千恵,207_KC06_c_009.wav,,,,chie,,2,,,,,"Yeah, Komako-chan, I like Chi-chan too."
267900 ,,,,,,,,,,,,,,,,,,,,"But, Komako-chan and chi-chan, who have already fully entered a world of just the two of them, don't even want to let anyone else in between them."
268000 ,,,,,,,主人公,＜名＞,,,,,,,,,,,,"Got it, old man. I'll be watching the store, so if anything happens, let me know."
268100 ,,,,,,,コマコ＠千恵,千恵＆コマコ,207_KC06_c_010.wav＠207_KC06_k_008.wav,komako,,1,chie,,1,,,,,Hey there!'' or ''Hi there!
268200 ,,<!move_short>,,21,,,,,,,,,,,,,,,,"With the two excited and delighted replies on my back, I had left the store with a completely exhausted feeling."
268500 ,,,,,,,千恵,千恵,207_KC06_c_011.wav,,,,,,,,,,,"Ahhh.... Komako-chan, it's ticklish!"
268600 ,,,,,,,コマコ,コマコ,207_KC06_k_009.wav,,,,,,,,,,,"Chii-chan, is that all? Isn't that nice?"
268700 ,,,,,,,,,,,,,,,,,,,,"After a while, two nasal, sweet voices came from the back, as usual."
268800 ,,,,,,,,,,,,,,,,,,,,"My chest aches dully. Yet, my groin is a practical thing, and hearing the two people's lewd voices makes it swell up and get energetic again."
268900 ,,,,,,,主人公,＜名＞,,,,,,,,,,,,"Uu, Komako-chan..."
269000 ,,,,,,,,,,,,,,,,,,,,"If I saw Komako-chan and chi-chan being all lovey-dovey, I'd definitely get jealous and sulk, but even so, I'd still feel a weird, restless urge to care about it."
269100 ,,,,,,,主人公,＜名＞,,,,,,,,,,,,"Just a little, just a little, so..."
269200 ,,,,,,,,,,,,,,,,,,,,"And so, while thinking ''they're up to something stupid again today,'' I end up peeking at the two of them."
269400 ,,<!scene_h_begin>,9,,2260000,,,,,,,,,,,,,,,
269500 ,*mem,,,,2260000,,,,,,,,,,,,,,,
269600 ,,,9,,2260000,,千恵,千恵,207_KC06_c_012.wav,chie,,0,,,,,,,,"Eh heh, you're a nudist, huh?"
269700 ,,,,,2260000,,コマコ,コマコ,207_KC06_k_010.wav,komako,,0,,,,,,,,"Yeah, Chi-chan's boobs are always so cute to look at."
269800 ,,,,,2260000,,千恵,千恵,207_KC06_c_013.wav,chie,,0,,,,,,,,Komako-chan's boobs are cute too~
269900 ,,,,,2260000,,,,,,,,,,,,,,,The two were already in just their underwear.
270000 ,,,,,2260000,,,,,,,,,,,,,,,"The hands are gently curved just a little, following the soft lines of adorable breasts facing each other."
270100 ,,,,,2260000,,,,,,,,,,,,,,,"The tips of both Chi-chan's and Komako-chan's were still fresh and innocent pink, and they matched."
270200 ,,,,,2260000,,コマコ,コマコ,207_KC06_k_011.wav,komako,,0,,,,,,,,"Today too, let's play with it a lot, chichan!"
270300 ,,,,,2260000,,千恵,千恵,207_KC06_c_014.wav,chie,,0,,,,,,,,"Yeah, Shiyoshi-yo. Chi-chan, touching is so good, I like it."
270400 ,,,,,2260000,,コマコ,コマコ,207_KC06_k_012.wav,komako,,0,,,,,,,,"I'm happy. Today, I'll make you feel really good all over again, chi-chan."
270500 ,,,,,2260000,,千恵,千恵,207_KC06_c_015.wav,chie,,0,,,,,,,,"Yeah! I'll make Chii-chan and Komachi feel super good, lots and lots!"
270600 ,,,,,2260000,,,,,,,,,,,,,,,"While saying that to each other, Komako-chan and chi-chan reached out their hands toward each other's laps."
270700 ,,,,,2260000,,千恵,千恵,207_KC06_c_016.wav,chie,,0,,,,,,,,Ahhh...... Komako-chan's here is already so wet for me...
270800 ,,,,,2260000,,コマコ,コマコ,207_KC06_k_013.wav,komako,,0,,,,,,,,Mmm... just thinking about doing it with Chii-chan got me all excited.
270900 ,,,,,2260000,,千恵,千恵,207_KC06_c_017.wav,chie,,0,,,,,,,,"Oh, I see. Uh, uh, Komako-chan is such a pervert, huh. Nnnnnnngh!"
271000 ,,,,,2260000,,コマコ,コマコ,207_KC06_k_014.wav,komako,,0,,,,,,,,But Chichan's is getting wet too. Chichan is also a pervert.
271100 ,,,,,2260000,,千恵,千恵,207_KC06_c_018.wav,chie,,0,,,,,,,,"Eh heh, we match, Komako-chan. Nn... haw, nnnnngh..."
271200 ,,,,,2260000,,コマコ,コマコ,207_KC06_k_015.wav,komako,,0,,,,,,,,"F, uhnn...... u, uhnn...... me and chi-chan are together in the ecchi scene......▼"
271300 ,,,,,2260000,,,,,,,,,,,,,,,"While exchanging giggles like they were playfully teasing each other, Chi-chan and Komako-chan tickled each other's inner thighs."
271400 ,,,,,2260000,,,,,,,,,,,,,,,"Komako-chan, with her fingers gently stroking chi-chan, softly rubs against the split with a shush sound."
271500 ,,,,,2260000,,千恵,千恵,207_KC06_c_019.wav,chie,,0,,,,,,,,"Ahhh, Komako-chan, my thighs are getting all tingly!"
271600 ,,,,,2260000,,コマコ,コマコ,207_KC06_k_016.wav,komako,,0,,,,,,,,"Okay, I'll make it even more itchy. You know, it feels good, right?"
271700 ,,,,,2260000,,千恵,千恵,207_KC06_c_020.wav,chie,,0,,,,,,,,"Yeah, it feels good. Nn... does Komachi also feel good?"
271800 ,,,,,2260000,,コマコ,コマコ,207_KC06_k_017.wav,komako,,0,,,,,,,,"Nn...... it feels good, nn, Chi-chan has gotten better too...... nnnntt"
271900 ,,,,,2260000,,千恵,千恵,207_KC06_c_021.wav,chie,,0,,,,,,,,Because Komako-chan taught me how to touch you in a way that feels so good. Ahhh▼
272000 ,,,,,2260000,,,,,,,,,,,,,,,"With a sweet voice, the intimate playful banter between the two continues."
272100 ,,,,,2260000,,,,,,,,,,,,,,,"Komako-chan's eyes, gazing at Chi-chan, are so gentle and affectionate. Looking at that makes my heart feel like it might tear apart from loneliness."
272200 ,,,,,2260000,,,,,,,,,,,,,,,You never once looked at me with eyes like that.
272300 ,,,,,2260000,,コマコ,コマコ,207_KC06_k_018.wav,komako,,0,,,,,,,,"Huh huh, then I can't lose. As chi-chan's teacher in love, I have to work harder!"
272400 ,,,,,2260000,,千恵,千恵,207_KC06_c_022.wav,chie,,0,,,,,,,,"Ugh... I won't lose. Today, I'll make Chi-chan feel so good around koma-chan!"
272500 ,,,,,2260000,,,,,,,,,,,,,,,"Chichi-chan, revealing her innocent rival spirit, gently caresses Komako-chan's pussy."
272600 ,,,,,2260000,,,,,,,,,,,,,,,Komako-chan took it with a smile and tickled chi-chan's crack.
272700 ,,,,,2260000,,,,,,,,,,,,,,,"Seeing the loving couple made me so sad and lonely that I couldn't take it, yet I bit my lips and ended up gripping my hard cock. What an idiot."
272800 ,,,,,2260000,,コマコ,コマコ,207_KC06_k_019.wav,komako,,0,,,,,,,,"Nn......aha, Chi-chan, you've really gotten good, haven't you? Maybe I'll go all out too?"
272900 ,,,,,2260000,,千恵,千恵,207_KC06_c_023.wav,chie,,0,,,,,,,,Huh? S-Seriously?
273000 ,,,,,2260000,,コマコ,コマコ,207_KC06_k_020.wav,komako,,0,,,,,,,,"Yeah, I know Chi-chan's weak points really well, even just by looking at her panties."
273100 ,,,,,2260000,,,,,,,,,,,,,,,"Saying that, Komako-chan changes her target."
273200 ,,,,,2260000,,,,,,,,,,,,,,,"Just above the crack, to the little Kurin who is probably still hiding under the hood."
273300 ,,,,,2260000,,千恵,千恵,207_KC06_c_024.wav,chie,,0,,,,,,,,"Nnnnngh, if Komako-chan's gonna play with that, then Chi-chan will too, mo~n!"
273400 ,,,,,2260000,,コマコ,コマコ,207_KC06_k_021.wav,komako,,0,,,,,,,,Will you do it? That makes me happy.
273500 ,,,,,2260000,,,,,,,,,,,,,,,"To not lose to Komako-chan, Chi-chan also focuses his aim on the goal."
273600 ,,,,,2260000,,千恵,千恵,207_KC06_c_025.wav,chie,,0,,,,,,,,Hmm? Uh... what? Uh... uh...
273700 ,,,,,2260000,,,,,,,,,,,,,,,"But there, Komako-chan, who had been doing it herself from before and had a lot of experience with naughty things, seemed to be better at it."
273800 ,,,,,2260000,,,,,,,,,,,,,,,"Chii-chan seems to have trouble finding the clitoris over her pants, tilting her head in confusion."
273900 ,,,,,2260000,,,,,,,,,,,,,,,"In the meantime, Komako-chan's fierce attack targets chi-chan's sensitive clit bud."
274000 ,,,,,2260000,,コマコ,コマコ,207_KC06_k_022.wav,komako,,0,,,,,,,,"Huh. Chii-chan, here? Here's weak, right? You like being made to roll around, don't you?"
274200 ,,,,,2260010,,千恵,千恵,207_KC06_c_026.wav,chie,,0,,,,,,,,"Nnnnngh...... I don't know if I like it, but nnn, when you do that there, my insides get all warm and tingly..."
274300 ,,,,,2260010,,,,,,,,,,,,,,,Chii-chan pulled back with a troubled look on her face.
274400 ,,,,,2260010,,,,,,,,,,,,,,,"But, as chi-chan tries to escape, Komako-chan's fingers firmly chase after her clitoris, stimulating it precisely with a *kuikkui* sound."
274500 ,,,,,2260010,,千恵,千恵,207_KC06_c_027.wav,chie,,0,,,,,,,,"Ugh! It's buzzing, buzzing. It feels like there's electricity running through it..."
274600 ,,,,,2260010,,コマコ,コマコ,207_KC06_k_023.wav,komako,,0,,,,,,,,"Huh huh, Chii-chan's little clit is so sensitive and cute. I want to do more to it."
274700 ,,,,,2260010,,千恵,千恵,207_KC06_c_028.wav,chie,,0,,,,,,,,"Nn, nnn, Komako-chan, there, if you do it like that, Chi-chan will flinch and her hands will stop..."
274800 ,,,,,2260010,,,,,,,,,,,,,,,"Chii-chan looked at Komakochan with her eyebrows in an ''H'' shape. Her hand, which had been stroking before, had stopped moving."
274900 ,,,,,2260010,,,,,,,,,,,,,,,I'm getting so turned on by Komako-chan's clit stimulation that I can't move anymore.
275000 ,,,,,2260010,,コマコ,コマコ,207_KC06_k_024.wav,komako,,0,,,,,,,,"You feel that strongly, huh? So cute▼ Yeah, yeah, you can get even more turned on, okay?"
275100 ,,,,,2260010,,,,,,,,,,,,,,,"While watching such a cheerful Chii-chan, Komako-chan twists her clitoris around with her fingers in a rolling motion."
275200 ,,,,,2260010,,,,,,,,,,,,,,,Chii-chan's knees were shaking uncontrollably. A stain was starting to form on the crotch of her panties.
275300 ,,,,,2260010,,千恵,千恵,207_KC06_c_029.wav,chie,,0,,,,,,,,"Nn...... but, but, if I can't make Komako-chan feel good, huh?"
275400 ,,,,,2260010,,,,,,,,,,,,,,,"With heavy breathing, Chi-chan complains like that."
275500 ,,,,,2260010,,,,,,,,,,,,,,,"I'm awkwardly trying to move my fingers to resume the caress, but every time Komako-chan's fingers flick the clit, I can't stop anymore."
275600 ,,,,,2260010,,千恵,千恵,207_KC06_c_030.wav,chie,,0,,,,,,,,"Ahhh, haaaahhhh... Chii-chan also wants to make Komachi feel good too!"
275700 ,,,,,2260010,,コマコ,コマコ,207_KC06_k_025.wav,komako,,0,,,,,,,,"Hahaha, it's okay. You're definitely feeling good, right?"
275800 ,,,,,2260010,,千恵,千恵,207_KC06_c_031.wav,chie,,0,,,,,,,,Liar! Because Chii-chan hasn't done anything since earlier!
275900 ,,,,,2260010,,コマコ,コマコ,207_KC06_k_026.wav,komako,,0,,,,,,,,"Honestly. Because Chi-chan's cute face when she's getting turned on is so adorable, just looking at it makes me feel my pussy getting all tingly."
276000 ,,,,,2260010,,,,,,,,,,,,,,,Komako-chan smiling happily with a ''fu fu'' expression.
276100 ,,,,,2260010,,,,,,,,,,,,,,,Stick your ass out and rub your own crack against chi-chan's fingers.
276200 ,,,,,2260010,,コマコ,コマコ,207_KC06_k_027.wav,komako,,0,,,,,,,,"See, touch it. It's hotter than before, right? My butt is getting warmer."
276300 ,,,,,2260010,,千恵,千恵,207_KC06_c_032.wav,chie,,0,,,,,,,,"Wah, it's really hot... Komako-chan's bottom is really hot..."
276400 ,,,,,2260010,,,,,,,,,,,,,,,Komako-chan slid her finger and touched chi-chan's slit as if tracing it.
276500 ,,,,,2260010,,千恵,千恵,207_KC06_c_033.wav,chie,,0,,,,,,,,Hyafuu!
276600 ,,,,,2260010,,コマコ,コマコ,207_KC06_k_028.wav,komako,,0,,,,,,,,"Chi-chan's ass is just as hot and sweaty as before.... It's oozing out even more of that nice, slippery warmth than before."
276700 ,,,,,2260010,,千恵,千恵,207_KC06_c_034.wav,chie,,0,,,,,,,,"Uh, uh... it feels like it's soaking through my panties... I think I wet myself..."
276800 ,,,,,2260010,,コマコ,コマコ,207_KC06_k_029.wav,komako,,0,,,,,,,,"Huh huh, even though you're touching through my panties, it's all slippery... making that *chuchu* sound."
276900 ,,,,,2260010,,,,,,,,,,,,,,,Komako-chan deliberately made a *pichapicha* sound and rubbed Chi-chan's butt.
277000 ,,,,,2260010,,,,,,,,,,,,,,,"Chii-chan blushes a little shyly, her cheeks turning red."
277100 ,,,,,2260010,,千恵,千恵,207_KC06_c_035.wav,chie,,0,,,,,,,,"Ahhh, nngg, if you make that much noise, it's embarrassing, Komachi."
277200 ,,,,,2260010,,コマコ,コマコ,207_KC06_k_030.wav,komako,,0,,,,,,,,"I'm sorry, but I thought it was proof that Chi-chan was happy, so I got excited. I also got all fluttery."
277300 ,,,,,2260010,,千恵,千恵,207_KC06_c_036.wav,chie,,0,,,,,,,,"Well, if that's the case, I guess there's no way around it. Komako-chan is a mean little tease, huh?"
277400 ,,,,,2260010,,コマコ,コマコ,207_KC06_k_031.wav,komako,,0,,,,,,,,"Because, when Chii-chan looks happy or embarrassed like that, she's so cute!"
277500 ,,,,,2260010,,,,,,,,,,,,,,,Komako-chan giggled softly as she increasingly intensified the caresses with her fingers.
277600 ,,,,,2260010,,,,,,,,,,,,,,,The sound of ''pichapicha'' kept getting louder and louder.
277700 ,,,,,2260010,,,,,,,,,,,,,,,As I speed up my pace of jerking off to match that.
277800 ,,,,,2260010,,コマコ,コマコ,207_KC06_k_032.wav,komako,,0,,,,,,,,"All of that―it's all because I like you so much, Chi-chan!"
277900 ,,,,,2260010,,千恵,千恵,207_KC06_c_037.wav,chie,,0,,,,,,,,"Yeah, I get it. Chi-chan also likes Komachi, you know."
278000 ,,,,,2260010,,コマコ,コマコ,207_KC06_k_033.wav,komako,,0,,,,,,,,"Huh huh, I'm so happy! Hey, Chi-chan, can I kiss you?"
278100 ,,,,,2260010,,千恵,千恵,207_KC06_c_038.wav,chie,,0,,,,,,,,"Yeah, that's fine!"
278300 ,,,,,2260020,,,,,,,,,,,,,,,"When Chi-chan nodded cheerfully, Komako-chan pressed her lips to her lips with a soft ''ch.''"
278400 ,,,,,2260020,,コマコ,コマコ,207_KC06_k_034.wav,komako,,0,,,,,,,,"Chu, nng......chuuuu......rero, chupah......chu, chu"
278500 ,,,,,2260020,,,,,,,,,,,,,,,"Komako-chan, who had been desperately fleeing from the old man's deep kiss, is no more."
278600 ,,,,,2260020,,,,,,,,,,,,,,,"There she was, Komako-chan greedily intertwining and sucking her beloved girl's lips with her tongue in a lewd manner."
278700 ,,,,,2260020,,千恵,千恵,207_KC06_c_039.wav,chie,,0,,,,,,,,"Nnnnnghhh...... nmuu...... nhaa, relooo...... nchu, muchu!"
278800 ,,,,,2260020,,,,,,,,,,,,,,,"Even for Chi-chan's side, they don't get surprised like the first time they did a lip-lock."
278900 ,,,,,2260020,,,,,,,,,,,,,,,She is actively entangling her own tongue and eagerly welcoming Komako-chan's tongue into her mouth.
279000 ,,,,,2260020,,コマコ,コマコ,207_KC06_k_035.wav,komako,,0,,,,,,,,"Hmmph...... *mwah*...... n, Chi-chan's mouth tastes like ramune...... *mwah*"
279100 ,,,,,2260020,,千恵,千恵,207_KC06_c_040.wav,chie,,0,,,,,,,,"Nmuu...... Komako-chan's mouth tastes the same too. Because, you were eating it just now, right...... nchuu▼"
279200 ,,,,,2260020,,コマコ,コマコ,207_KC06_k_036.wav,komako,,0,,,,,,,,"Hmm, uhh... yeah, that's right... *chup, chup, chup*"
279300 ,,,,,2260020,,,,,,,,,,,,,,,The two people's pants who exchanged a kiss were already so wet that you could tell their colors had definitely changed.
279400 ,,,,,2260020,,,,,,,,,,,,,,,"It's not just the chichi-chan who's been thoroughly touched, but Komako-chan's is also soaked through."
279500 ,,,,,2260020,,,,,,,,,,,,,,,"So, that's how much Komako-chan is getting excited by her naughty stuff with Chi-chan...."
279600 ,,,,,2260020,,コマコ,コマコ,207_KC06_k_037.wav,komako,,0,,,,,,,,"Mmm... *nngh*, that feels so good... I always want to keep doing it... *nngh*."
279700 ,,,,,2260020,,千恵,千恵,207_KC06_c_041.wav,chie,,0,,,,,,,,"Nnku, huhhh... if I keep doing this... nnnnnggghhh, it's gonna come out... nnmu!"
279800 ,,,,,2260020,,,,,,,,,,,,,,,"When I think about such things, my jealous cock gets even harder and rock-solid."
279900 ,,,,,2260020,,,,,,,,,,,,,,,"Uh, I shouldn't have the NTR attribute at all..."
280100 ,,,,,2260030,,コマコ,コマコ,207_KC06_k_038.wav,komako,,0,,,,,,,,"Puhah, sorry. I sucked a little too hard."
280200 ,,,,,2260030,,千恵,千恵,207_KC06_c_042.wav,chie,,0,,,,,,,,"No, it's fine. If you squeeze it a little too hard, my head gets all fuzzy and it feels good."
280300 ,,,,,2260030,,コマコ,コマコ,207_KC06_k_039.wav,komako,,0,,,,,,,,"Hahaha, if you say such cute things, Chii-chan, I'll have to kiss you again!"
280400 ,,,,,2260030,,千恵,千恵,207_KC06_c_043.wav,chie,,0,,,,,,,,"Wait, wait, just a minute. A little more time."
280500 ,,,,,2260030,,コマコ,コマコ,207_KC06_k_040.wav,komako,,0,,,,,,,,Got it.
280600 ,,,,,2260030,,,,,,,,,,,,,,,"While holding back tears of frustration, the old man jerking off seemed like something neither of them cared about at all."
280700 ,,,,,2260030,,,,,,,,,,,,,,,"Well, it's obvious that if you're caught peeking, it'll cause a huge fuss, right?"
280800 ,,,,,2260030,,,,,,,,,,,,,,,"Deep and mature vibes lingering, their lips glistening with saliva as they smile at each other―Chu-chan and Komako-chan."
280900 ,,,,,2260030,,コマコ,コマコ,207_KC06_k_041.wav,komako,,0,,,,,,,,"''Instead, let's touch this a lot~ like this. *chochocho"
281000 ,,,,,2260030,,千恵,千恵,207_KC06_c_044.wav,chie,,0,,,,,,,,"Hyaff, nngg......ahhh, nngg......it's too sudden already! Payback!"
281100 ,,,,,2260030,,コマコ,コマコ,207_KC06_k_042.wav,komako,,0,,,,,,,,"Ahhh, n-nngh, Chii-chan, if you do that, I'll get really turned on!"
281200 ,,,,,2260030,,千恵,千恵,207_KC06_c_045.wav,chie,,0,,,,,,,,"You can do it. After all, that's what you're doing. Hooray! Hooray! Hooray! Hooray!"
281300 ,,,,,2260030,,,,,,,,,,,,,,,"The Komako-chans, who playfully wrestle with each other, restart their mutual teasing by fiddling with each other's vaginas."
281400 ,,,,,2260030,,,,,,,,,,,,,,,"Chii-chan's fingers quickly tickle Komako-chan's slit, and wet, obscene sounds of *pichapicha* come from there."
281500 ,,,,,2260030,,,,,,,,,,,,,,,"Both of them had flushed cheeks, completely heated up. Their eyes were glazed over, looking dazed, with a lewd expression on their faces."
281600 ,,,,,2260030,,,,,,,,,,,,,,,"It wasn't just touching hands, but her cute butt was also swaying back and forth."
281700 ,,,,,2260030,,コマコ,コマコ,207_KC06_k_043.wav,komako,,0,,,,,,,,"Hey, Chichan. I feel like doing it again. Can I do it one more time?"
281800 ,,,,,2260030,,千恵,千恵,207_KC06_c_046.wav,chie,,0,,,,,,,,"Yeah, that's fine. I also want to try it now. But this time, can I do the tongue thing too, Chii-chan?"
281900 ,,,,,2260030,,コマコ,コマコ,207_KC06_k_044.wav,komako,,0,,,,,,,,"Yeah, that's fine."
282100 ,,,,,2260020,,,,,,,,,,,,,,,"Just open your mouth a little, and Komako-chan waited for Chi-chan's tongue with her lips. Chi-chan then gave her a kiss."
282200 ,,,,,2260020,,千恵,千恵,207_KC06_c_047.wav,chie,,0,,,,,,,,''Nnchhh... *slurping*... *slurping
282300 ,,,,,2260020,,,,,,,,,,,,,,,"Just like that, a deep, intimate back-and-forth―opposite of offense and defense from before―starts up."
282400 ,,,,,2260020,,コマコ,コマコ,207_KC06_k_045.wav,komako,,0,,,,,,,,"Hmmph, nngh...... Ch-chan...... fhm, n, mm...... you're good~......"
282500 ,,,,,2260020,,千恵,千恵,207_KC06_c_048.wav,chie,,0,,,,,,,,"Nn, nnn, chyuu... un, ratte... komahyan ni, yorokonde... chyuu, moraitakatta hi... nchyuu."
282600 ,,,,,2260020,,コマコ,コマコ,207_KC06_k_046.wav,komako,,0,,,,,,,,"Nnnnngh...... ure, hi...... mo, hoho, okuhi no naka, nyametee...... nngh!"
282700 ,,,,,2260020,,千恵,千恵,207_KC06_c_049.wav,chie,,0,,,,,,,,"Yeah, that's fine... *mwah*, *slurp*, *slurping noises*, *slurp*, *mwah*"
282800 ,,,,,2260020,,,,,,,,,,,,,,,"Chii-chan's tongue moves like a different living thing there, slipping in and out of Komako-chan's lips."
282900 ,,,,,2260020,,,,,,,,,,,,,,,It was like Chee-chan's tongue dick was raping Komako-chan's mouth pussy.
283000 ,,,,,2260020,,,,,,,,,,,,,,,"There's no way to contain the jealousy boiling inside, and that heat all goes straight to his cock."
283100 ,,,,,2260020,,,,,,,,,,,,,,,"Oh, even Uncle wants to have sex with Komako-chan too."
283200 ,,,,,2260020,,コマコ,コマコ,207_KC06_k_047.wav,komako,,0,,,,,,,,"Nn, nmmnn... feels good, y-yes... chi-yaaaahhh, nguuuuuuuhhh!"
283300 ,,,,,2260020,,千恵,千恵,207_KC06_c_050.wav,chie,,0,,,,,,,,"Nnngh, I'm happy that you're pleased with it... nnngh, chhh..."
283500 ,,,,,2260030,,,,,,,,,,,,,,,Chi-chan gently sucked on Komako-chan's lips before pulling away.
283600 ,,,,,2260030,,,,,,,,,,,,,,,"A bridge of saliva forms between the two lips, glistening brightly, so blindingly that it made me want to cry."
283700 ,,,,,2260030,,千恵,千恵,207_KC06_c_051.wav,chie,,0,,,,,,,,"Puhahh... nngh, sucking is fun, Komako-chan."
283800 ,,,,,2260030,,コマコ,コマコ,207_KC06_k_048.wav,komako,,0,,,,,,,,"Yeah, it's fun. It's nice that Chi-chan understands the fun of chuu."
283900 ,,,,,2260030,,千恵,千恵,207_KC06_c_052.wav,chie,,0,,,,,,,,"Well, it feels good, you know? And hey, even just playing around like this is fun, too?"
284000 ,,,,,2260030,,コマコ,コマコ,207_KC06_k_049.wav,komako,,0,,,,,,,,"Ahhh.... yeah, you're right. It's fun. More? Let's do more? Let's get even more turned on?"
284100 ,,,,,2260030,,千恵,千恵,207_KC06_c_053.wav,chie,,0,,,,,,,,"Uh... ah, nngh... Komako-chan's way of touching me feels so good, I might cum just from it."
284200 ,,,,,2260030,,コマコ,コマコ,207_KC06_k_050.wav,komako,,0,,,,,,,,"Yeah, I've been touched by Chi-chan too, and my insides are all gooey. It feels like I'm melting from the inside out."
284300 ,,,,,2260030,,,,,,,,,,,,,,,The petting between the two of them grew increasingly heated.
284400 ,,,,,2260030,,,,,,,,,,,,,,,"At first, Chichan's fingers were awkward, but with Komako-chan's love juices as a lubricant, they slid smoothly and became increasingly lewd."
284500 ,,,,,2260030,,,,,,,,,,,,,,,"And then, Komako-chan's perverted top student finger play was teasing her sensitive spots in a sticky, lewd way that made Chi-chan feel it."
284600 ,,,,,2260030,,千恵,千恵,207_KC06_c_054.wav,chie,,0,,,,,,,,"Ahhh, fwaaaahhh, ahhh, it feels good, it feels so good, Komako-chan!"
284700 ,,,,,2260030,,コマコ,コマコ,207_KC06_k_051.wav,komako,,0,,,,,,,,I also... I also feel good... ch-chan~!
284900 ,,,,,2260020,,,,,,,,,,,,,,,"Two people overwhelmed with emotion exchange their kiss for the umpteenth time today. Their lips meet, tongues intertwine, and as they share saliva, they exchange their feelings of love."
285000 ,,,,,2260020,,千恵,千恵,207_KC06_c_055.wav,chie,,0,,,,,,,,"Nn...... I like it, I like it a lot...... nnnnnngh, Komako-chan, I like you so much!"
285100 ,,,,,2260020,,コマコ,コマコ,207_KC06_k_052.wav,komako,,0,,,,,,,,"I also... I also like chi-chan. I really, really like her..."
285200 ,,,,,2260020,,,,,,,,,,,,,,,"Between kisses, Komako-chan and the others whisper their affection to each other, frantically moving their fingers to pleasure each other's vaginas."
285300 ,,,,,2260020,,,,,,,,,,,,,,,There wasn't even the slightest gap between them for an old man to fit in.
285400 ,,,,,2260020,,千恵,千恵,207_KC06_c_056.wav,chie,,0,,,,,,,,"Nn...... hey, Komako-chan...... if I put my dick in, will it feel even better?"
285500 ,,,,,2260020,,,,,,,,,,,,,,,"Between kisses, Chii-chan softly murmured something like that."
285600 ,,,,,2260020,,,,,,,,,,,,,,,Komako-chan suddenly lights up her face.
285700 ,,,,,2260020,,コマコ,コマコ,207_KC06_k_053.wav,komako,,0,,,,,,,,"What's up, Chii-chan? You wanna get your dick in?"
285800 ,,,,,2260020,,,,,,,,,,,,,,,"The two of them are pretty into it, but there's no need for a dildo. Mostly they just rub their vaginas together or play around like this."
285900 ,,,,,2260020,,千恵,千恵,207_KC06_c_057.wav,chie,,0,,,,,,,,"Hmm... but, well, maybe it's a little scary. Sorry."
286000 ,,,,,2260020,,コマコ,コマコ,207_KC06_k_054.wav,komako,,0,,,,,,,,"No, it's okay. I don't want to do anything Chii-chan dislikes, so I'll wait until you're not scared."
286100 ,,,,,2260020,,千恵,千恵,207_KC06_c_058.wav,chie,,0,,,,,,,,"Thank you, Komako-chan. Chuu."
286200 ,,,,,2260020,,,,,,,,,,,,,,,Chii-chan repeatedly gives light kisses to Komako-chan's lips as if it were an apology.
286400 ,,,,,2260030,,コマコ,コマコ,207_KC06_k_055.wav,komako,,0,,,,,,,,"Mmm, thank you. Don't worry about it, take your time. Okay? Chii-chan."
286500 ,,,,,2260030,,,,,,,,,,,,,,,"Komako-chan said that while slightly looking disappointed, she muttered."
286600 ,,,,,2260030,,コマコ,コマコ,207_KC06_k_056.wav,komako,,0,,,,,,,,"But still, you can't make a baby without putting it in the penis, right..."
286700 ,,,,,2260030,,千恵,千恵,207_KC06_c_059.wav,chie,,0,,,,,,,,"Komako-chan, do you want a baby?"
286800 ,,,,,2260030,,コマコ,コマコ,207_KC06_k_057.wav,komako,,0,,,,,,,,"Yeah, because I like Chi-chan. I want to marry her and have a baby too."
286900 ,,,,,2260030,,,,,,,,,,,,,,,Gussh.
287000 ,,,,,2260030,,,,,,,,,,,,,,,"That one line was the most piercing so far. All over again, I was made to realize that Komako-chan's number one is Chi-chan."
287100 ,,,,,2260030,,,,,,,,,,,,,,,"And what's more, Chi-chan isn't exactly looking displeased either."
287200 ,,,,,2260030,,千恵,千恵,207_KC06_c_060.wav,chie,,0,,,,,,,,"Hmm... I also want to be with Chi-chan and Komachi forever, and if Komachi had a baby, I think it would be cute!"
287300 ,,,,,2260030,,コマコ,コマコ,207_KC06_k_058.wav,komako,,0,,,,,,,,Really?
287400 ,,,,,2260030,,千恵,千恵,207_KC06_c_061.wav,chie,,0,,,,,,,,"Yeah. Uh, but can girls have babies together too?"
287500 ,,,,,2260030,,コマコ,コマコ,207_KC06_k_059.wav,komako,,0,,,,,,,,Hmm~...
287600 ,,,,,2260030,,,,,,,,,,,,,,,"Shut up, Komako-chan."
287700 ,,,,,2260030,,コマコ,コマコ,207_KC06_k_060.wav,komako,,0,,,,,,,,Can't do it without a dick? Let me check it out for a bit.
287800 ,,,,,2260030,,千恵,千恵,207_KC06_c_062.wav,chie,,0,,,,,,,,Uh-huh.
287900 ,,,,,2260030,,コマコ,コマコ,207_KC06_k_061.wav,komako,,0,,,,,,,,"So, for now, let's have lots of sex so that it's okay to put it in, and get your ass used to it?"
288000 ,,,,,2260030,,千恵,千恵,207_KC06_c_063.wav,chie,,0,,,,,,,,"Okay, I got it! It's practice for making a baby. Mmmnnnngh..."
288100 ,,,,,2260030,,コマコ,コマコ,207_KC06_k_062.wav,komako,,0,,,,,,,,"Yeah, that's right, practice... *ngh*..."
288200 ,,,,,2260030,,,,,,,,,,,,,,,"While whispering such things to each other, the two of them touched each other's vaginas and climbed higher."
288300 ,,<!ef_shasei>,,,2260030,,,,,,,,,,,,,,,"I was half dazed as I stared at it ― and before I knew it, I had cum."
288400 ,,,,,2260030,,,,,,,,,,,,,,,The pure white semen stains my hands. The essence of a baby.
288500 ,,,,,2260030,,,,,,,,,,,,,,,But this won't be of any use.
288600 ,,,,,2260030,,,,,,,,,,,,,,,"Because, what Komako wants isn't my baby, but chi-chan's baby...."
288700 ,,,,,2260030,,千恵,千恵,207_KC06_c_064.wav,chie,,0,,,,,,,,"Ahhhhhh, Komako-chan, I like youuuu!"
288800 ,,,,,2260030,,コマコ,コマコ,207_KC06_k_063.wav,komako,,0,,,,,,,,"''Uh, I really like you, chii-chaaaaaa"
288900 ,,,,,2260030,,,,,,,,,,,,,,,"Hearing the voices of the two people who love each other while reaching climax was too empty... and yet, it felt so good."
289000 ,$event_return,,,,,,,,,,,,,,,,,,,
289100 ,,<!Lend_day_change>,0,9000,,,,,,,,,,,,,,,,
289300 ,@208_KC07,,,,,,,,,,,,,,,,,,,
289600 ,,<!Lbegin_day_change>,8,21,,,,,,,,,,,,,,,,"From that empty yet satisfying ejaculation, several days have passed―"
289700 ,,,,,,,,,,,,,,,,,,,,Komako-chan was being taken care of by the old man less and less frequently.
289800 ,,,,,,,主人公,＜名＞,,,,,,,,,,,,"Uh, Komako-chan, can I talk to you for a moment?"
289900 ,,,,,,,コマコ,コマコ,208_KC07_k_000.wav,"komakoL,privateB",,3,,,,,,,",'What's up, old man?'"
290000 ,,,,,,,,,,komakoL,,3,,,,,,,,"Try talking to them with courage, but..."
290100 ,,,,,,,千恵,千恵,208_KC07_c_000.wav,komakoL,,3,,,,,,,,"Komako-chan, come here for a sec! I don't get this at all~!"
290200 ,,,,,,,コマコ,コマコ,208_KC07_k_001.wav,komakoL,,4,,,,,,,,"Ah, I'm going because Chichan called me. See you later, uncle!"
290300 ,,,,,,,,,,,,,,,,,,,,"If you call ''Chi-chan,'' they'll immediately fly over to you, but then they'll ignore the old man and keep cooing and acting cute."
290400 ,,,,,,,,,,,,,,,,,,,,"Ugh, if I become all loved up with Chii-chan, will Uncle be obsolete now?"
290500 ,,,,,,,,,,,,,,,,,,,,I don't want that!
290700 ,,,,,,,コマコ,コマコ,208_KC07_k_002.wav,,,,,,,,,,,"Well, like, Chi-chan, you do multiplication first and then addition, okay?"
290800 ,,,,,,,千恵,千恵,208_KC07_c_001.wav,,,,,,,,,,,"Oh~, I see. Komako-chan is so smart!"
290900 ,,,,,,,,,,,,,,,,,,,,"But no matter how much I scream in my heart, ''It's not fair!'' in reality, all I can hear is the cheerful voices of Chi-chan and Komako-chan getting along."
291100 ,,,,,,,コマコ,コマコ,208_KC07_k_003.wav,,,,,,,,,,,"Giggle, giggle, well done with your homework, good little chi-chan―I'll give you a nice reward and make you feel good."
291200 ,,,,,,,千恵,千恵,208_KC07_c_002.wav,,,,,,,,,,,"Well, I guess Komako-chan just wants to get frisky, huh? Oh well, can't be helped. Okay, let's do it."
291300 ,,,,,,,,,,,,,,,,,,,,"Today, too, I could only watch the two of them in their lewd poses while crying and get myself off."
291600 ,,<!timepass_day_long>,3,31,,,,,,,,,,,,,,,,"One day, I was wasting my sorrowful semen like that."
291700 ,,,,,,,コマコ,コマコ,208_KC07_k_004.wav,"komako,private",,7,,,,,,,",'Hey mister, can I ask you something?'"
291800 ,,,,,,,,,,komako,,7,,,,,,,,"After everyone left, Komako came to visit me."
291900 ,,,,,,,主人公,＜名＞,,komako,,7,,,,,,,,What... what's going on?
292000 ,,,,,,,,,,komako,,7,,,,,,,,"I couldn't help but let my voice crack. After all, it had been so long since Komako-chan had talked to me."
292100 ,,,,,,,,,,komako,,7,,,,,,,,"Oh no, I'm even crying now."
292200 ,,,,,,,コマコ,コマコ,208_KC07_k_005.wav,komako,,13,,,,,,,,"Well, I came to ask an uncle for a favor."
292300 ,,,,,,,主人公,＜名＞,,komako,,13,,,,,,,,"Please? What is it? If there's anything an uncle can do, just ask me anything!"
292400 ,,,,,,,,,,komako,,13,,,,,,,,I was already feeling like I could soar to the heavens.
292500 ,,,,,,,,,,komako,,13,,,,,,,,"Being able to rely on Komako-chan is the happiest thing ever. Oh, and it would be even happier if we could do it (something naughty)."
292600 ,,,,,,,,,,komako,,13,,,,,,,,"But but, if Komako-chan is happy about it, I'll even do a full prostration on a hot iron plate or anything, really!"
292700 ,,,,,,,コマコ,コマコ,208_KC07_k_006.wav,komako,,13,,,,,,,,"Well, um..."
292800 ,,,,,,,,,,komako,,13,,,,,,,,"Komako-chan blushed slightly, looking a bit embarrassed, and fidgeted. I wonder... maybe she's about to make some naughty request?"
292900 ,,,,,,,,,,komako,,13,,,,,,,,"Oh, Chichan finally said it's okay to put it in, so I taught her a way that doesn't hurt, or something like that. Sounds plausible."
293000 ,,,,,,,,,,komako,,13,,,,,,,,......I thought about it myself and got depressed. I want to die.
293100 ,,,,,,,,,,komako,,13,,,,,,,,"While the old man was happily worrying about nothing, Komako-chan seemed to have made up her mind, and when she raised her face, she looked straight at me."
293200 ,,,,,,,コマコ,コマコ,208_KC07_k_007.wav,"komakoL,private",,16,,,,,,,",'Hey, I want you to lick my uncle's dick with your mouth.'"
293300 ,,,,,,,主人公,＜名＞,,komakoL,,16,,,,,,,,"What? Umm, what?"
293400 ,,,,,,,,,,komakoL,,16,,,,,,,,I couldn't help but doubt what I heard. It felt like I just heard something I couldn't believe.
293500 ,,,,,,,コマコ,コマコ,208_KC07_k_008.wav,komako,,11,,,,,,,,"So, let me lick old man's dick, okay?"
293600 ,,,,,,,主人公,＜名＞,,komako,,11,,,,,,,,Huh? Huh?
293700 ,,,,,,,,,,komako,,11,,,,,,,,"Nope, even if I ask again, I can't keep up with the understanding. Because, like, ''that'' Komako-chan said she wants to lick old man's dick."
293800 ,,,,,,,,,,komako,,11,,,,,,,,The bewildered me was stamped on the ground in frustration by Komako-chan.
293900 ,,,,,,,コマコ,コマコ,208_KC07_k_009.wav,komako,,26,,,,,,,,"Uncle's white, slippery... *sperm*, right? I want that."
294000 ,,,,,,,主人公,＜名＞,,komako,,26,,,,,,,,"Ah, I see, you want to lick my dick because you want my cum.... Wait, what the hell?!"
294100 ,,,,,,,,,,komako,,26,,,,,,,,The confusion only deepened.
294200 ,,,,,,,主人公,＜名＞,,komako,,26,,,,,,,,"Uh, why? Komako-chan didn't seem to like it that much, did she? Why? What happened?"
294300 ,,,,,,,,,,komako,,26,,,,,,,,"Without hesitation, Komako-chan answered me nonchalantly as I pressed her."
294400 ,,,,,,,コマコ,コマコ,208_KC07_k_010.wav,komako,,6,,,,,,,,"Well, you know, I studied, but to make a baby, you need a man's white slippery stuff, right?"
294500 ,,,,,,,主人公,＜名＞,,komako,,6,,,,,,,,"Uh, uh."
294600 ,,,,,,,コマコ,コマコ,208_KC07_k_011.wav,komako,,31,,,,,,,,"The sperm inside that is the raw material for a baby, right? But since it can't come out from me and chi-chan, we can't do that."
294700 ,,,,,,,,,,komako,,31,,,,,,,,I feel like I have a bad premonition coming on.
294800 ,,,,,,,コマコ,コマコ,208_KC07_k_012.wav,komako,,13,,,,,,,,"So, give me Uncle's sperm, please! ♪"
294900 ,,,,,,,,,,komako,,13,,,,,,,,My bad feeling was right!
295000 ,,,,,,,,,,komako,,13,,,,,,,,"Come on now! Even if you're told something as cute as that, doesn't that mean you're being asked to be a stallion by an old man?"
295100 ,,,,,,,,,,komako,,13,,,,,,,,"No, if it's a stallion, that's still okay, right? Because you can breed with Komako-chan. That means you can have sex with her, right?"
295200 ,,,,,,,,,,komako,,13,,,,,,,,"But, saying it out loud like that... that, that, it's like treating it as a live sperm bank, isn't it?"
295300 ,,,,,,,主人公,＜名＞,,komako,,13,,,,,,,,"Oh, it's annoying!'' or ''Ugh, it's so annoying!"
295400 ,,,,,,,コマコ,コマコ,208_KC07_k_013.wav,komako,,4,,,,,,,,Eh!?
295500 ,,,,,,,,,,komako,,4,,,,,,,,"It seems like you didn't expect me to refuse, and Komako-chan's face turned into one of huge surprise."
295600 ,,,,,,,コマコ,コマコ,208_KC07_k_014.wav,komako,,14,,,,,,,,Why? What for?
295700 ,,,,,,,主人公,＜名＞,,komako,,14,,,,,,,,"Why... I mean, it's like you don't even have love... or something... Uncle, it's like you're treating Komako-chan and Chi-chan as tools to make a baby... or something..."
295800 ,,,,,,,,,,komako,,14,,,,,,,,She looked at me with cold eyes as I kept making excuses and dragging my feet.
295900 ,,,,,,,コマコ,コマコ,208_KC07_k_015.wav,komako,,10,,,,,,,,"Uncle, you said before that Uncle was a comachan's onanies tool, right? Was that a lie? Did you lie again?"
296000 ,,,,,,,主人公,＜名＞,,komako,,10,,,,,,,,"Uh, w-well, that is..."
296100 ,,,,,,,,,,komako,,10,,,,,,,,"What the hell, you idiot. Why did you say something like that?"
296200 ,,,,,,,コマコ,コマコ,208_KC07_k_016.wav,komako,,8,,,,,,,,"And by the way, you said you'd do anything I asked, right? That was a lie!"
296300 ,,,,,,,主人公,＜名＞,,komako,,8,,,,,,,,Uuuuuuuuuhhhh!
296400 ,,,,,,,,,,komako,,8,,,,,,,,"If you're hit with such sharp criticism, you have no words to reply."
296500 ,,,,,,,コマコ,コマコ,208_KC07_k_017.wav,komako,,27,,,,,,,,Got it. Then I won't ask the lying old man anymore.
296600 ,,,,,,,主人公,＜名＞,,komako,,27,,,,,,,,"What? So, then, what should we do?"
296700 ,,,,,,,コマコ,コマコ,208_KC07_k_018.wav,komako,,7,,,,,,,,"Let me try searching for someone who can give me semen on the internet. There are boards where you can post, so if I write there, I'll probably find someone, right?"
296800 ,,,,,,,主人公,＜名＞,,komako,,7,,,,,,,,Eeeeeeee!
296900 ,,,,,,,,,,komako,,7,,,,,,,,"I mean, maybe a city girl like Tenka-chan could be an exception, but even Komako-chan, a true local like Chi-chan, wouldn't end up in the dark corners of the net, would she?"
297000 ,,,,,,,,,,komako,,7,,,,,,,,"Actually, Komako-chan was always precocious, and now they even teach about it on the internet and at school, so maybe she found out about that kind of thing while researching how to make a baby."
297100 ,,,,,,,,,,komako,,7,,,,,,,,"Wait, that's not what I meant!"
297200 ,,,,,,,主人公,＜名＞,,komako,,7,,,,,,,,No way! That's absolutely no good!
297300 ,,,,,,,,,,komako,,7,,,,,,,,How can Komako-chan possibly accept another man's semen in her mouth? That's absolutely unforgivable!
297400 ,,,,,,,,,,komako,,7,,,,,,,,"No way! Even if I give you a million concessions, I can still tolerate having sex with Chi-chan, but other men are out of the question! Ugh, it's too much to handle!"
297500 ,,,,,,,コマコ,コマコ,208_KC07_k_019.wav,komako,,23,,,,,,,,"Then, will Uncle give me his semen?"
297600 ,,,,,,,主人公,＜名＞,,komako,,23,,,,,,,,"Uh... okay, I got it. Fine, I'll give my cum to Komako-chan."
297700 ,,,,,,,,,,komako,,23,,,,,,,,"If you're told something like that, there's no choice but to accept it, is there?"
297800 ,,,,,,,コマコ,コマコ,208_KC07_k_020.wav,komako,,1,,,,,,,,"Thank you, uncle."
297900 ,,,,,,,,,,komako,,1,,,,,,,,"Honestly, I felt like crying, but Komako-chan smiling so cutely made my heart flutter."
298000 ,,,,,,,,,,komako,,1,,,,,,,,"Oh, so you really like Komako-chan, old man."
298100 ,,,,,,,,,,komako,,1,,,,,,,,"Even if something like this happens, it's enough to make me happy just to see Komako-chan smile."
298200 ,,,,,,,コマコ,コマコ,208_KC07_k_021.wav,komako,,20,,,,,,,,"Then, let me show you my dick."
298300 ,,,,,,,,,,komako,,20,,,,,,,,"While feeling incredibly complicated emotions, I pulled out my dick―which had stupidly gotten hard―from my pants at Komako-chan's urging."
298500 ,,<!scene_h_begin>,10,,2270000,,,,,,,,,,,,,,,
298600 ,*mem,,,,2270000,,,,,,,,,,,,,,,
298700 ,,,10,,2270000,,コマコ,コマコ,208_KC07_k_022.wav,komako,,0,,,,,,,,"Huh huh, it's already grown this big. Uncle's dick is fully prepared, isn't it?"
298800 ,,,,,2270000,,,,,,,,,,,,,,,Komako-chan happily grips my grown-up cock.
298900 ,,,,,2270000,,,,,,,,,,,,,,,"Up until now, has Komako-chan ever touched my dick so happily like this? I don't think so."
299000 ,,,,,2270000,,,,,,,,,,,,,,,"The first time, I was all curiosity, but now I don't feel that excited or nervous."
299100 ,,,,,2270000,,コマコ,コマコ,208_KC07_k_023.wav,komako,,0,,,,,,,,"Hmm, was it that squeezing it a little tighter felt better?"
299200 ,,,,,2270000,,主人公,＜名＞,,,,,,,,,,,,"Uh, uh, you remember well, great, great!"
299300 ,,,,,2270000,,,,,,,,,,,,,,,"Putting Coma-chan's pants inside and having her give a handjob, Coma-chan's hands squirming around like ''kyukkyukkyu.''"
299400 ,,,,,2270000,,,,,,,,,,,,,,,It seemed like they were trying to find just the right amount of force.
299500 ,,,,,2270000,,,,,,,,,,,,,,,"But even with just that wiggling, the honest-to-desire cock twitches and reacts."
299600 ,,,,,2270000,,コマコ,コマコ,208_KC07_k_024.wav,komako,,0,,,,,,,,"Ah, Uncle's dick twitched. Hahaha, I was right!"
299700 ,,,,,2270000,,主人公,＜名＞,,,,,,,,,,,,"Yeah, Komako-chan's hands feel so good."
299800 ,,,,,2270000,,コマコ,コマコ,208_KC07_k_025.wav,komako,,0,,,,,,,,"It's nice that when it feels good, it wags like a dog's tail―it's easy to understand."
299900 ,,,,,2270000,,主人公,＜名＞,,,,,,,,,,,,"Yeah, that's right. / Yeah, I guess so. / Yeah, that makes sense."
300000 ,,,,,2270000,,,,,,,,,,,,,,,"While speaking, Komako-chan starts stroking my cock with a shushush sound."
300100 ,,,,,2270000,,,,,,,,,,,,,,,"Enjoying touching my cock slowly, Komako-chan's soft hands move up and down."
300200 ,,,,,2270000,,主人公,＜名＞,,,,,,,,,,,,"Nn...... Komako-chan, it feels good...... When you do it like that, rubbing it up and down, Uncle's dick gets all tingly."
300300 ,,,,,2270000,,コマコ,コマコ,208_KC07_k_026.wav,komako,,0,,,,,,,,It looks like that. Uncle's dick is always twitching. Am I good?
300400 ,,,,,2270000,,主人公,＜名＞,,,,,,,,,,,,"Uh, uh... really good. It feels like it's been ages since I've done it―watching you jerk off."
300500 ,,,,,2270000,,コマコ,コマコ,208_KC07_k_027.wav,komako,,0,,,,,,,,"Well, I practiced at home, so I have to get cum from Uncle's dick properly, right?"
300600 ,,,,,2270000,,,,,,,,,,,,,,,"Huh? You, you practice at home? That's not like your dad's kind of thing... no way, right?"
300700 ,,,,,2270000,,コマコ,コマコ,208_KC07_k_028.wav,komako,,0,,,,,,,,"Well, I was playing with the banana, you know, rubbing it back and forth like that, and licking it. Later, I'll show you the results of my licking practice too."
300800 ,,,,,2270000,,主人公,＜名＞,,,,,,,,,,,,"Uh, um... I'm looking forward to it."
300900 ,,,,,2270000,,,,,,,,,,,,,,,"Banana huh... It's a letdown, but also, Komako-chan practicing blowjobs with a banana is kinda hot too..."
301000 ,,,,,2270000,,,,,,,,,,,,,,,"Well, I mean, when you practice giving blowjobs on your own just to make me cum, it's so erotic and gets me really excited."
301100 ,,,,,2270000,,,,,,,,,,,,,,,"When I think that it's for Chichan to squeeze out my semen, I can't just happily accept it, or... I should just do it."
301200 ,,,,,2270000,,コマコ,コマコ,208_KC07_k_029.wav,komako,,0,,,,,,,,"Huh huh, Mr. Little Tail, I'll pet you lots so you can get energetic and shoot your cum out *bju bju*."
301300 ,,,,,2270000,,,,,,,,,,,,,,,Komako-chan doesn't know about my complicated inner struggle and keeps glancing at me with a sideways glance while jerking off my dick.
301400 ,,,,,2270000,,,,,,,,,,,,,,,"Komako-chan's hands are smooth and soft, warm, and just being touched by hands like that feels so good."
301500 ,,,,,2270000,,,,,,,,,,,,,,,"Well, if I'm even told such cute things on top of it, it's too much."
301600 ,,,,,2270000,,主人公,＜名＞,,,,,,,,,,,,"Ahh, Komako-chan, it's fine. Petting and jerking off are both amazing!"
301700 ,,,,,2270000,,コマコ,コマコ,208_KC07_k_030.wav,komako,,0,,,,,,,,"Yeah, Uncle's little tail-chin-chin loves it when you stroke the tip with your finger like that while rubbing the underside."
301800 ,,,,,2270000,,主人公,＜名＞,,,,,,,,,,,,"Yeah, I like it. More petting. More daddy's dick being loved."
301900 ,,,,,2270000,,,,,,,,,,,,,,,"While stroking the tip with the tip of your thumb, twisting the trunk made the conflict overwhelmed by pleasure."
302000 ,,,,,2270000,,,,,,,,,,,,,,,Komako-chan is looking at such an old man with interest.
302100 ,,,,,2270000,,,,,,,,,,,,,,,"I felt a shiver, like a cold sensation mixed with a thrilling pleasure, running down my spine as if looking at that toy. I don't think I'm a masochist, though."
302200 ,,,,,2270000,,コマコ,コマコ,208_KC07_k_031.wav,komako,,0,,,,,,,,"Hey mister, you like this part too, right? The slightly dented spot that gets poked around."
302300 ,,,,,2270000,,主人公,＜名＞,,,,,,,,,,,,"Yeah, I like it. I really like it. Touch me there too, a lot, Komako-chan."
302400 ,,,,,2270000,,コマコ,コマコ,208_KC07_k_032.wav,komako,,0,,,,,,,,"Yeah, that's fine. I'll love you so much. Enjoy yourself."
302500 ,,,,,2270000,,,,,,,,,,,,,,,Komako-chan starts tickling the hollow of Kali's neck with her fingertips. The entire dick felt like electricity was running through it from the stimulation of the sensitive area.
302700 ,,,,,2270010,,,,,,,,,,,,,,,The pleasant overflowing sensation dripped out in advance from the tip of the glans.
302800 ,,,,,2270010,,,,,,,,,,,,,,,Komako-chan smiled mischievously after seeing that.
302900 ,,,,,2270010,,コマコ,コマコ,208_KC07_k_033.wav,komako,,0,,,,,,,,"Ah, it's a transparent, slippery one! This is called Cowper's fluid, right? I know that. Sperm is also in this, isn't it?"
303000 ,,,,,2270010,,,,,,,,,,,,,,,Komako-chan cheers excitedly at the pre-cum that appeared.
303100 ,,,,,2270010,,,,,,,,,,,,,,,"Well, I mean, she really learned a lot, huh... I guess Komako-chan is fundamentally serious."
303200 ,,,,,2270010,,主人公,＜名＞,,,,,,,,,,,,"Yeah, that's right. But this one only has a little bit of sperm in it..."
303300 ,,,,,2270010,,コマコ,コマコ,208_KC07_k_034.wav,komako,,0,,,,,,,,"Oh, I see. So, you really need me to cum a lot during the actual performance, huh?"
303400 ,,,,,2270010,,主人公,＜名＞,,,,,,,,,,,,"Uh, uh... I'll do my best, uncle, to be able to give it my all..."
303500 ,,,,,2270010,,,,,,,,,,,,,,,"Stud horse... no, thinking back to being treated like a semen tank, I felt a bit deflated."
303600 ,,,,,2270010,,,,,,,,,,,,,,,"But, when something is so blunt that Komako-chan starts teasing my urethral opening with her fingertips in a way that feels like she's scooping up my pre-cum, I can't help but feel it."
303700 ,,,,,2270010,,,,,,,,,,,,,,,"His dick, contrary to his tension, showed no signs of wilting at all."
303800 ,,,,,2270010,,コマコ,コマコ,208_KC07_k_035.wav,komako,,0,,,,,,,,"Huh huh, come out lots, Mr. Semen. Let's do our best, Mr. Ojisan's little penis."
303900 ,,,,,2270010,,主人公,＜名＞,,,,,,,,,,,,"Uh, uh..."
304000 ,,,,,2270010,,,,,,,,,,,,,,,She started spreading the Kaupa she scooped up with her fingers into the hollow of Komako's neck.
304100 ,,,,,2270010,,,,,,,,,,,,,,,"With that sensitive area already being rubbed by slippery fingers coated in lubricant, my cock twitched violently in response."
304200 ,,,,,2270010,,,,,,,,,,,,,,,"The patience juice is overflowing more and more. Even without Komako-chan scooping it up, it's dripping out slowly."
304300 ,,,,,2270010,,コマコ,コマコ,208_KC07_k_036.wav,komako,,0,,,,,,,,"Wow, wow, it came out a lot. The broth dripped all the way down... it's amazing how much it comes out like this."
304400 ,,,,,2270010,,主人公,＜名＞,,,,,,,,,,,,Because Komako-chan's hand feels so good. That's why I can't help but do it a lot.
304500 ,,,,,2270010,,,,,,,,,,,,,,,"I really don't want to let it out, but when my neck is rubbed with a *kuchyukkuchyuk* sound and my cock is jerked tightly by the fingers wrapped around it, I'm done."
304600 ,,,,,2270010,,,,,,,,,,,,,,,"It's different from peeing―you can't hold it in anymore. It's about to overflow like a pee leak, *piss*, *piss*."
304700 ,,,,,2270010,,,,,,,,,,,,,,,"Why does the name ''Gaman Jiru'' make you think of it, but why can't you endure it, you stupid dick of mine!"
304800 ,,,,,2270010,,コマコ,コマコ,208_KC07_k_037.wav,komako,,0,,,,,,,,"Wow, so much pre-cum coming out like that―Uncle's little dick is so smart and well-behaved. I'll pet it for you."
304900 ,,,,,2270010,,主人公,＜名＞,,,,,,,,,,,,"Ah, if you stroke the tip now, even more *otsuyu* will come out, y'know!"
305000 ,,,,,2270010,,コマコ,コマコ,208_KC07_k_038.wav,komako,,0,,,,,,,,"Yeah, go ahead and cum a lot. I mean, it feels good, right? And then you can cum a lot too, right?"
305100 ,,,,,2270010,,主人公,＜名＞,,,,,,,,,,,,"Uh... the more I feel good, the more cum I'll shoot out. Uuuh..."
305200 ,,,,,2270010,,コマコ,コマコ,208_KC07_k_039.wav,komako,,0,,,,,,,,"Well then, I'll give you plenty of fondling and also some wet sounds and slurping sounds, so you'll shoot out a lot of cum, huh▼"
305300 ,,,,,2270010,,,,,,,,,,,,,,,"Oh, even the heart mark that Komako-chan would have definitely never worn is visible now."
305400 ,,,,,2270010,,,,,,,,,,,,,,,"I always got forced to do it with me, so I was hated for it... but today's Komako-chan is very proactive."
305500 ,,,,,2270010,,,,,,,,,,,,,,,That Komako-chan is so sexy and cute that just looking at her makes me get excited.
305600 ,,,,,2270010,,コマコ,コマコ,208_KC07_k_040.wav,komako,,0,,,,,,,,"Hey, I'm petting the front part―it's so slippery! My fingers are sliding all over!"
305700 ,,,,,2270010,,主人公,＜名＞,,,,,,,,,,,,"Ah, Komako-chan, that's good. Having the tip rubbed around in a chuck-chuck way feels really good!"
305800 ,,,,,2270010,,コマコ,コマコ,208_KC07_k_041.wav,komako,,0,,,,,,,,"This time, I'll give your cock a slippery, wet jerk-off with my hands covered in it."
305900 ,,,,,2270010,,主人公,＜名＞,,,,,,,,,,,,"Ahh, that's good too! I can't take it when my dick gets jerked off by those slippery hands!"
306000 ,,,,,2270010,,コマコ,コマコ,208_KC07_k_042.wav,komako,,0,,,,,,,,Wiggling around like that. So fun! I wonder what would happen if I poked at the place where it's bulging out right now?
306100 ,,,,,2270010,,主人公,＜名＞,,,,,,,,,,,,"Uwaaaah, it's amazing! My dick is numb, it feels like electricity is running through it, and it's so hot!"
306200 ,,,,,2270010,,,,,,,,,,,,,,,"Just watching her makes me feel like I might start bleeding from the nose, and Komako-chan is touching and playing with my cock, making me feel so good."
306300 ,,,,,2270010,,,,,,,,,,,,,,,"No more, this is beyond endurance."
306400 ,,,,,2270010,,,,,,,,,,,,,,,I don't care if it's a stud horse or a semen tank―just want to make Komako-chan feel so much better with my dick!
306500 ,,,,,2270010,,主人公,＜名＞,,,,,,,,,,,,"Koma... Koma-chan... just your hands aren't enough anymore. Can I have you use your mouth too, already?"
306600 ,,,,,2270010,,,,,,,,,,,,,,,"Even knowing it was a one-way ticket to hell, I begged for it anyway."
306700 ,,,,,2270010,,,,,,,,,,,,,,,Komako-chan gives a mischievous and cute smile like a little imp and nods.
306800 ,,,,,2270010,,コマコ,コマコ,208_KC07_k_043.wav,komako,,0,,,,,,,,"Yeah, that's fine. Then I'll fill your mouth up for you. Hmph, your mouth seems like it can take more than your hands... hehe."
307000 ,,,,,2270020,,,,,,,,,,,,,,,Komako-chan opened her mouth wide and took the cock in her cheek.
307100 ,,,,,2270020,,主人公,＜名＞,,,,,,,,,,,,Hafun!
307200 ,,,,,2270020,,,,,,,,,,,,,,,"At that moment, a strange breath unintentionally escaped from my nose. Because it was that good."
307300 ,,,,,2270020,,,,,,,,,,,,,,,"It's a different kind of warmth and slippery wetness inside that mouth, and the glans is being gently enveloped."
307400 ,,,,,2270020,,コマコ,コマコ,208_KC07_k_044.wav,komako,,0,,,,,,,,"Nnpuh... if you roll high, it feels good, so heat it up, okay?"
307500 ,,,,,2270020,,,,,,,,,,,,,,,"With my dick in her mouth, Komako-chan is mumbling something."
307600 ,,,,,2270020,,,,,,,,,,,,,,,"Frankly, just by having something stuck in your mouth and talking like that, the vibration transfers to my dick and it feels good though...."
307700 ,,,,,2270020,,,,,,,,,,,,,,,"But well, even so, it's not to the point of ejaculating yet, so if I don't cooperate, I'll get disliked, so I'll answer honestly."
307800 ,,,,,2270020,,主人公,＜名＞,,,,,,,,,,,,"Well, like just now with your hands, if you could lick the tip or the indented parts, that would make me happy."
307900 ,,,,,2270020,,コマコ,コマコ,208_KC07_k_045.wav,komako,,0,,,,,,,,"Wahahaha.... mmn, chum, le-roo, le-ro-le-ro, chup, mmn."
308000 ,,,,,2270020,,,,,,,,,,,,,,,"Once she was taught, Komako-chan immediately put it into action."
308100 ,,,,,2270020,,,,,,,,,,,,,,,"While gripping the base with your fingers as if supporting it, you lick around the glans with a wet, slurping motion."
308200 ,,,,,2270020,,主人公,＜名＞,,,,,,,,,,,,"Uh, y-yeah, that's right. You're good. Like licking an ice pop, licking a lot..."
308300 ,,,,,2270020,,コマコ,コマコ,208_KC07_k_046.wav,komako,,0,,,,,,,,"Hmm? Am―*slurp*―*slurping*―*slurpg*―*slurping*"
308400 ,,,,,2270020,,主人公,＜名＞,,,,,,,,,,,,"Yeah, yeah... Komako-chan, you're really good at it, it feels so nice!"
308500 ,,,,,2270020,,,,,,,,,,,,,,,"Koma-chan's tongue moves slippery, stimulating the entire glans."
308600 ,,,,,2270020,,,,,,,,,,,,,,,"The tightly stretched tip was licked all around by a hot, slippery tongue, and I almost stood on my tiptoes from the overwhelming pleasure."
308700 ,,,,,2270020,,,,,,,,,,,,,,,"In Komako-chan's mouth, the dick was twitching and thrashing around."
308900 ,,,,,2270030,,コマコ,コマコ,208_KC07_k_047.wav,komako,,0,,,,,,,,"Puhahh... Uncle's dick is a little too wild, huh?"
309000 ,,,,,2270030,,主人公,＜名＞,,,,,,,,,,,,"Uh, sorry."
309100 ,,,,,2270030,,,,,,,,,,,,,,,"Komako-chan took her mouth off for a moment. Her fingers remained intertwined, still lightly stroking each other."
309200 ,,,,,2270030,,,,,,,,,,,,,,,It seems like you're being teased and it feels like your dick is getting more sensitive by the minute.
309300 ,,,,,2270030,,コマコ,コマコ,208_KC07_k_048.wav,komako,,0,,,,,,,,"Oh, and... it kinda tastes a little weird."
309400 ,,,,,2270030,,,,,,,,,,,,,,,"Komako-chan sticks out her tongue with a curious look. It's not a face that looks like she doesn't want to, but she seems confused."
309500 ,,,,,2270030,,コマコ,コマコ,208_KC07_k_049.wav,komako,,0,,,,,,,,"It's bitter, or maybe salty... is this the taste of pee? Old man, are you washing your dick properly?"
309600 ,,,,,2270030,,主人公,＜名＞,,,,,,,,,,,,"Uh, I'm washing it every day properly! W-Well, I mean, I do it before taking a bath, and today I was sweating a lot, so..."
309700 ,,,,,2270030,,,,,,,,,,,,,,,"But, so that I can have sex with Komako-chan whenever I want, I'm diligently scrubbing myself thoroughly in the bath every day."
309800 ,,,,,2270030,,主人公,＜名＞,,,,,,,,,,,,"Ah, that's the taste of patience juice. What's wrong with that? Is it bad?"
309900 ,,,,,2270030,,,,,,,,,,,,,,,"When I said that, Komako-chan blinked her eyes a few times, but she seemed to understand."
310000 ,,,,,2270030,,コマコ,コマコ,208_KC07_k_050.wav,komako,,0,,,,,,,,"Oh, I see. It was so covered in pre-cum like that, wasn't it? Oh, I see. This is the taste of pre-cum."
310100 ,,,,,2270030,,主人公,＜名＞,,,,,,,,,,,,"Well, the semen tastes like it's been made thicker or more concentrated..."
310200 ,,,,,2270030,,,,,,,,,,,,,,,What if you're told it's bad and they don't want you to give head anymore?
310300 ,,,,,2270030,,,,,,,,,,,,,,,"If someone says something like, ''Just jerk off and get it out,'' I'd probably cry."
310400 ,,,,,2270030,,コマコ,コマコ,208_KC07_k_051.wav,komako,,0,,,,,,,,"That's right. It's a bit bitter and salty with a weird taste, but it's not bad. I think I'll be fine once I get used to it."
310500 ,,,,,2270030,,主人公,＜名＞,,,,,,,,,,,,That would be good.
310600 ,,,,,2270030,,コマコ,コマコ,208_KC07_k_052.wav,komako,,0,,,,,,,,"Okay, let's continue."
310800 ,,,,,2270020,,,,,,,,,,,,,,,"As she said that, Komako-chan opened her tiny mouth wide and took my cock into it."
310900 ,,,,,2270020,,コマコ,コマコ,208_KC07_k_053.wav,komako,,0,,,,,,,,"Hyaa, hyah-himi hai ni fufune!"
311000 ,,,,,2270020,,,,,,,,,,,,,,,"So, are you saying, like, ''Let's do it like before,'' or something? I just nodded my head up and down for now."
311100 ,,,,,2270020,,コマコ,コマコ,208_KC07_k_054.wav,komako,,0,,,,,,,,Am... nn... lick... lick lick... lick~... ppe... ppe...
311200 ,,,,,2270020,,主人公,＜名＞,,,,,,,,,,,,"Fo―uh, uh, yeah, it's fine, Komako-chan, it's really good!"
311300 ,,,,,2270020,,,,,,,,,,,,,,,"The movement of my tongue, which was still hesitant just now, seems to have lost its uncertainty."
311400 ,,,,,2270020,,,,,,,,,,,,,,,"With the power of saliva and the double lubrication of Cowper's fluid, Komako-chan's tongue circles around the tip of my dick."
311500 ,,,,,2270020,,,,,,,,,,,,,,,"The only thing to regret is that Komako-chan's mouth is too small, so it only fits up to the head of the penis."
311600 ,,,,,2270020,,コマコ,コマコ,208_KC07_k_055.wav,komako,,0,,,,,,,,"Oji-hyan... hohomo fuki, rayone... reron..., rerorero..."
311700 ,,,,,2270020,,主人公,＜名＞,,,,,,,,,,,,"Ah, Komako-chan, there... if you touch there, Uncle's dick will go wild!"
311800 ,,,,,2270020,,,,,,,,,,,,,,,The sensitive dip of a slender neck. The tip of the penis―where the nerves seem most concentrated―is tickled by Komako-chan's tongue.
311900 ,,,,,2270020,,,,,,,,,,,,,,,"It feels like my dick is completely numb now, tingling all over."
312000 ,,,,,2270020,,,,,,,,,,,,,,,Even the way the patience juice oozes out feels so good that I'm getting overly sensitive about it.
312100 ,,,,,2270020,,コマコ,コマコ,208_KC07_k_056.wav,komako,,0,,,,,,,,"Nnmu... chyuh, relo... reloro reloro... nngg, himo hiiii...?"
312200 ,,,,,2270020,,主人公,＜名＞,,,,,,,,,,,,"Uh, uh, it feels good... wow, my dick is getting slippery with Komako's saliva..."
312300 ,,,,,2270020,,コマコ,コマコ,208_KC07_k_057.wav,komako,,0,,,,,,,,"Nn......reroo......chu, n, reroo, rero rero, reron..."
312400 ,,,,,2270020,,,,,,,,,,,,,,,"As I follow your words, Komako-chan keeps licking my glans with her saliva using her tongue more and more."
312500 ,,,,,2270020,,,,,,,,,,,,,,,The saliva overflowing from Komako-chan's mouth running all the way down to the trunk was thrilling.
312600 ,,,,,2270020,,,,,,,,,,,,,,,"I'm being held, but it's making me ache there, so I end up begging."
312700 ,,,,,2270020,,主人公,＜名＞,,,,,,,,,,,,"Please, Komako-chan, let's move our hands together and do it slowly..."
312800 ,,,,,2270020,,コマコ,コマコ,208_KC07_k_058.wav,komako,,0,,,,,,,,"Wahahaha......nng......slurp, slurping, slurping, nng, pheeee~!"
312900 ,,,,,2270020,,,,,,,,,,,,,,,"Today's Komako-chan was very kind and listened to the old man's selfish demands, then immediately started the car for him."
313000 ,,,,,2270020,,,,,,,,,,,,,,,"The hand, slick with saliva and Cowper's fluid, strokes the shaft with a wet squelching sound."
313100 ,,,,,2270020,,,,,,,,,,,,,,,"It was such a pleasurable feeling that it could have ended in an instant, yet I couldn't come."
313300 ,,,,,2270030,,コマコ,コマコ,208_KC07_k_059.wav,komako,,0,,,,,,,,Puhahh...... n~......?
313400 ,,,,,2270030,,,,,,,,,,,,,,,"Komako-chan also seemed curious, as she tilted her head slightly and parted her lips."
313500 ,,,,,2270030,,コマコ,コマコ,208_KC07_k_060.wav,komako,,0,,,,,,,,"You're licking a lot, but you still haven't cummed yet... Doesn't it feel good?"
313600 ,,,,,2270030,,主人公,＜名＞,,,,,,,,,,,,"N-no, that's not true! Komako-chan's mouth feels sooo good!"
313700 ,,,,,2270030,,コマコ,コマコ,208_KC07_k_061.wav,komako,,0,,,,,,,,"So, why isn't my semen coming out...?"
313800 ,,,,,2270030,,,,,,,,,,,,,,,"That's probably because, somewhere in my heart, I don't want to cum for Komako-chan and chi-chan."
313900 ,,,,,2270030,,,,,,,,,,,,,,,"But if I say that, this time I'll definitely get hated by Komako-chan."
314000 ,,,,,2270030,,主人公,＜名＞,,,,,,,,,,,,"Uh, well... if you suck harder, maybe it'll come out..."
314100 ,,,,,2270030,,,,,,,,,,,,,,,"So, I have to come up with some way to ejaculate somehow."
314200 ,,,,,2270030,,,,,,,,,,,,,,,"If the current stimulation isn't enough, then I'll keep asking for stronger ones until I get them."
314300 ,,,,,2270030,,コマコ,コマコ,208_KC07_k_062.wav,komako,,0,,,,,,,,More strongly? You mean sucking with your mouth?
314400 ,,,,,2270030,,主人公,＜名＞,,,,,,,,,,,,"Yeah. Uh... there's ice in the bottle, right?"
314500 ,,,,,2270030,,コマコ,コマコ,208_KC07_k_063.wav,komako,,0,,,,,,,,"Yeah, you know, it doesn't come out easily unless you really suck hard on it."
314600 ,,,,,2270030,,,,,,,,,,,,,,,"Yeah, especially when it's not melted much, you can't even eat it without chewing and pushing it out... but that's not the case now."
314700 ,,,,,2270030,,主人公,＜名＞,,,,,,,,,,,,"When you eat that ice like that, if you suck the tip of my cock hard while jerking it off... I think I'll cum."
314800 ,,,,,2270030,,コマコ,コマコ,208_KC07_k_064.wav,komako,,0,,,,,,,,"Okay, I got it. Then I'll try a little harder."
314900 ,,,,,2270030,,,,,,,,,,,,,,,Komako-chan nodded ''ko kun'' and seriously approached my dick with her lips slowly.
315100 ,,,,,2270040,,コマコ,コマコ,208_KC07_k_065.wav,komako,,0,,,,,,,,''Nmuhh......chururur
315200 ,,,,,2270040,,,,,,,,,,,,,,,"And then, the moment it was put in my mouth, I sucked it in hard."
315300 ,,,,,2270040,,主人公,＜名＞,,,,,,,,,,,,Uwoooo!
315400 ,,,,,2270040,,,,,,,,,,,,,,,The waist jumps involuntarily at that intense suction.
315500 ,,,,,2270040,,コマコ,コマコ,208_KC07_k_066.wav,komako,,0,,,,,,,,Nnpuuuuuh?!
315600 ,,,,,2270040,,,,,,,,,,,,,,,"I accidentally thrust into the back of Komako-chan's throat, but Komako-chan didn't take her mouth off my dick."
315700 ,,,,,2270040,,,,,,,,,,,,,,,"On the contrary, with a happy face, she keeps sucking my cock even more eagerly."
315800 ,,,,,2270040,,コマコ,コマコ,208_KC07_k_067.wav,komako,,0,,,,,,,,"Nn...... npuh, nmmnnn, chururu, chupah, nmuuuu!"
315900 ,,,,,2270040,,主人公,＜名＞,,,,,,,,,,,,"Ahh, Komako-chan, you're amazing. It feels like you're going to take my whole dick in!"
316000 ,,,,,2270040,,コマコ,コマコ,208_KC07_k_068.wav,komako,,0,,,,,,,,"Chururu..., nng, chyumuu..., u, nng, mohho, hyurukara...... ipai, dahite...... churururu..."
316100 ,,,,,2270040,,,,,,,,,,,,,,,"It's not just sucking. She firmly grips the slippery trunk, coated in saliva, and starts stroking it vigorously."
316200 ,,,,,2270040,,,,,,,,,,,,,,,"My dick is getting hot and tingling from the double stimulation, like it's about to melt."
316300 ,,,,,2270040,,コマコ,コマコ,208_KC07_k_069.wav,komako,,0,,,,,,,,"Chummm, chururu, chup, chup, chuuuu~!"
316400 ,,,,,2270040,,主人公,＜名＞,,,,,,,,,,,,"Uu, it's so good...... the cock is amazing...... I think my head is going to explode!"
316500 ,,,,,2270040,,コマコ,コマコ,208_KC07_k_070.wav,komako,,0,,,,,,,,"Nnppu... ratta ra, hahyaku... datite, yo... chyu, chyururu, se-eki, hohii... chyururu!"
316600 ,,,,,2270040,,,,,,,,,,,,,,,Koma-chan is begging for it while barely letting go of my dick from her mouth.
316700 ,,,,,2270040,,,,,,,,,,,,,,,"It's so erotic and cute that it's unbearable. Yet, the brakes are still on."
316800 ,,,,,2270040,,,,,,,,,,,,,,,"I have to miss it, I have to give it. I might get dumped by Komako-chan."
316900 ,,,,,2270040,,コマコ,コマコ,208_KC07_k_071.wav,komako,,0,,,,,,,,"If you rub it, is that okay? ......hah! *giggles*, slurping... if you rub it, the serum comes out... *ngh*, slurping..."
317000 ,,,,,2270040,,主人公,＜名＞,,,,,,,,,,,,"Ah, s-suck it, but also use your head... like you're stroking your own dick with both your mouth and your hands."
317100 ,,,,,2270040,,コマコ,コマコ,208_KC07_k_072.wav,komako,,0,,,,,,,,"Wahahaha... huh? Hey, is this good? Slurp, chupahhh, chupahhhh, chup, nmuuu, jyuruuuu!"
317200 ,,,,,2270040,,主人公,＜名＞,,,,,,,,,,,,"Uuuaaaah, it's bad, that's bad. It's really melting, my dick is melting, it's melting for real!"
317300 ,,,,,2270040,,,,,,,,,,,,,,,The cock was being sucked so tightly that the head was pressed firmly against Komako-chan's upper jaw and tongue.
317400 ,,,,,2270040,,,,,,,,,,,,,,,"Just like that, Komako-chan vigorously headbangs, so the cock rubs against the vacuum-like interior of her mouth, awakening a painful pleasure."
317500 ,,,,,2270040,,コマコ,コマコ,208_KC07_k_073.wav,komako,,0,,,,,,,,"Nmpuh, chururu, chup, chup, ch?～～～"
317600 ,,,,,2270040,,主人公,＜名＞,,,,,,,,,,,,"Ahhhh! It's bad, I'm gonna cum, Komako-chan, uncle, I'm gonna cum already!"
317700 ,,,,,2270040,,コマコ,コマコ,208_KC07_k_074.wav,komako,,0,,,,,,,,"Nnngh!! Ch-ch, chururu..., chupachupa..., re-rooo..., chupaa!!"
317800 ,,,,,2270040,,,,,,,,,,,,,,,"At this point, even the brakes have broken down."
317900 ,,,,,2270040,,,,,,,,,,,,,,,"When the limit is near, Komako-chan's eyes glisten brightly as she shakes her head even more vigorously."
318000 ,,,,,2270040,,,,,,,,,,,,,,,"Instead, he even unleashed a combined attack that merges the initial technique of spinning his tongue."
318100 ,,,,,2270040,,,,,,,,,,,,,,,"No man could ever put up with something like that. It's absolutely impossible. Ugh, come on."
318200 ,,,,,2270040,,,,,,,,,,,,,,,Come out!!
318300 ,,,,,2270040,,,,,,,,,,,,,,,"At that very thought, I ―"
318400 ,$menu_begin,,,,2270040,,,,,,,,,,,,,,,Multiple-choice options
↓,"$menu_item 0,そのまま口に出す,sel_1a",,,,2270040,,,,,,,,,,,,,
↓,"$menu_item 1,思わず引き抜いた,sel_1b",,,,2270040,,,,,,,,,,,,,
↓,$menu_end,,,,2270040,,,,,,,,,,,,,,,
318500 ,*sel_1a,,,,2270040,,,,,,,,,,,,,,,say it out loud as is
318600 ,,,,,2270040,,主人公,＜名＞,,,,,,,,,,,,"Komako-chan, I'm gonna go!"
318700 ,,,,,2270040,,,,,,,,,,,,,,,I shot my load deep into Komako-chan's mouth while it was still inside.
318900 ,,<!ef_shasei_l>,,,2270050,,,,,,,,,,,,,,,bwuk bwuk bwuk bwuk bwuk bwuuuuuuu!
319000 ,,,,,2270050,,コマコ,コマコ,208_KC07_k_075.wav,komako,,0,,,,,,,,Nn...!?
319100 ,,,,,2270050,,,,,,,,,,,,,,,"Komako-chan, who had semen directly sprayed into her throat, froze with her eyes wide open."
319200 ,,<!ef_shasei_l>,,,2270050,,,,,,,,,,,,,,,bukubukubukubukubukubuk
319300 ,,,,,2270050,,,,,,,,,,,,,,,"But, ignoring Komako-chan's confusion completely, my wild dick kept shooting cum with *bukubuku* sounds."
319400 ,,,,,2270050,,コマコ,コマコ,208_KC07_k_076.wav,komako,,0,,,,,,,,Nnnnnghhuuuuuhhh...... gokunnnnghhh!
319500 ,,,,,2270050,,,,,,,,,,,,,,,"Komako-chan's throat twitched. Her mouth was completely filled with semen, and she couldn't help but swallow it."
319600 ,,,,,2270050,,,,,,,,,,,,,,,Komako-chan drank Uncle's semen.
319700 ,,<!ef_shasei>,,,2270050,,,,,,,,,,,,,,,"The more I think about it, the more excited I get, and with a *bjuub bjuub*, the ejaculation continues even further."
319800 ,,,,,2270050,,コマコ,コマコ,208_KC07_k_077.wav,komako,,0,,,,,,,,"Nn~!! Nn~!! Nnkuh, nnn, nmuuuu~!!"
319900 ,,,,,2270050,,,,,,,,,,,,,,,"Every time a spurt of cum shoots out, Komako-chan's throat lets out a gulping sound."
320000 ,,<!ef_shasei_tokusyu>,,,2270050,,,,,,,,,,,,,,,The remaining semen that couldn't be swallowed all dripped from Komako-chan's lips down to her chin just as my ejaculation finally subsided.
320200 ,,,,,2270060,,コマコ,コマコ,208_KC07_k_078.wav,komako,,0,,,,,,,,Puhah... I already drank it...
320300 ,,,,,2270060,,,,,,,,,,,,,,,Komako-chan is still dazedly holding her dick with a little bit of cum dripping from it.
320400 ,,,,,2270060,,コマコ,コマコ,208_KC07_k_079.wav,komako,,0,,,,,,,,What should I do? I can't take the semen back like this.
320500 ,,,,,2270060,,,,,,,,,,,,,,,She looked at my face and dick repeatedly with a troubled expression.
320600 ,,,,,2270060,,主人公,＜名＞,,,,,,,,,,,,"Uh, ehm... sorry."
320700 ,,,,,2270060,,,,,,,,,,,,,,,"I feel like it's not my place to apologize, but I ended up apologizing anyway."
320800 ,,,,,2270060,,,,,,,,,,,,,,,"Then Komako-chan gave me a slightly sulky, angry look and glared at me."
320900 ,,,,,2270060,,コマコ,コマコ,208_KC07_k_080.wav,komako,,0,,,,,,,,"Come on, Uncle suddenly poured so much that I ended up drinking it all!"
321000 ,,,,,2270060,,主人公,＜名＞,,,,,,,,,,,,...I'm sorry...
321100 ,,,,,2270060,,,,,,,,,,,,,,,"Well, I did say it would come out, but even now, an old man like me can't go against or argue with Komako-chan."
321200 ,,,,,2270060,,コマコ,コマコ,208_KC07_k_081.wav,komako,,0,,,,,,,,"What should I do... I want some semen, though."
321300 ,,,,,2270060,,,,,,,,,,,,,,,Komako-chan tilts her head repeatedly.
321400 ,,,,,2270060,,コマコ,コマコ,208_KC07_k_082.wav,komako,,0,,,,,,,,"Oh, I've come up with a good idea!"
321500 ,,,,,2270060,,,,,,,,,,,,,,,"And then, with a *pon* sound, she clapped her hands and looked at me with a mischievous smile."
321600 ,$go join_1,,,,,,,,,,,,,,,,,,,■Merge 1
321700 ,*sel_1b,,,,,,,,,,,,,,,,,,,I couldn't help but pull it out.
321800 ,,,,,2270040,,主人公,＜名＞,,,,,,,,,,,,"Ahhhh, it's coming out, Komako-chan!!"
321900 ,,,,,2270040,,,,,,,,,,,,,,,I accidentally pulled out my dick without saying anything.
322100 ,,<!ef_shasei_l>,,,2270051,,,,,,,,,,,,,,,"*Bwpyuuuuu, byururururuuuuu byuruuuuu!*"
322200 ,,,,,2270051,,コマコ,コマコ,208_KC07_k_083.wav,komako,,0,,,,,,,,''Kyaaaaaaa
322300 ,,,,,2270051,,,,,,,,,,,,,,,"The underside of Komako-chan's lips brushed against the ridge, and the glans energetically bounced on her chin."
322400 ,,<!ef_shasei_l>,,,2270051,,,,,,,,,,,,,,,"The semen splashes down onto Komako-chan's face just like a fountain, spurting out ''bju-bju-bju.''"
322500 ,,,,,2270051,,コマコ,コマコ,208_KC07_k_084.wav,komako,,0,,,,,,,,What? W-why? Why?!
322600 ,,<!ef_shasei>,,,2270051,,,,,,,,,,,,,,,Byubbyubbyubbyubbyubbyub
322700 ,,,,,2270051,,,,,,,,,,,,,,,"It seems like Komako-chan was apparently planning to receive semen orally, but she's just staring blankly at the semen squirting out in front of her."
322800 ,,,,,2270051,,,,,,,,,,,,,,,"Such a cute face of Komako-chan is being splashed with thick, white cum."
322900 ,,,,,2270051,,コマコ,コマコ,208_KC07_k_085.wav,komako,,0,,,,,,,,"Ah, uh, no! Stop it!"
323000 ,,,,,2270051,,主人公,＜名＞,,,,,,,,,,,,You can't say that even if you're told something like that.
323100 ,,,,,2270051,,,,,,,,,,,,,,,"Once something is out there, you can't take it back."
323200 ,,,,,2270051,,,,,,,,,,,,,,,"In the end, most of the abundant semen ended up splashing all over Komako-chan's face. The rest spilled onto the floor."
323300 ,,<!ef_shasei_tokusyu>,,,2270051,,,,,,,,,,,,,,,"With a *pfft*, he ejaculated a small amount of semen at the end, and the ejaculation stopped."
323500 ,,,,,2270061,,コマコ,コマコ,208_KC07_k_086.wav,komako,,0,,,,,,,,"Why are you leaving me, you old fool..."
323600 ,,,,,2270061,,,,,,,,,,,,,,,"With a smeared face, Komako-chan puffed out her cheeks."
323700 ,,,,,2270061,,,,,,,,,,,,,,,Oh no! Wh-what should I do?
323800 ,,,,,2270061,,,,,,,,,,,,,,,"I really didn't want to become a cum tank for Komako-chan and chi-chan, so if I said something like 'I pulled out,' I'd probably get hated."
323900 ,,,,,2270061,,主人公,＜名＞,,,,,,,,,,,,"I'm sorry, I'm sorry, Komako-chan's mouth felt too good, so I got scared, Uncle."
324000 ,,,,,2270061,,,,,,,,,,,,,,,I desperately groveled and apologized.
324100 ,,,,,2270061,,,,,,,,,,,,,,,"But Komako-chan was still pouting, wiping the semen on her cheek with her fingertip."
324200 ,,,,,2270061,,コマコ,コマコ,208_KC07_k_087.wav,komako,,0,,,,,,,,"With this, I can't take the semen back. You have to let it out in your mouth properly, right?"
324300 ,,,,,2270061,,主人公,＜名＞,,,,,,,,,,,,Umm... I'm sorry. Really sorry.
324400 ,,,,,2270061,,,,,,,,,,,,,,,"While apologizing, there was a part of me that felt relieved. Because, with this, Komako-chan and Chi-chan can't just make a baby with my semen on their own."
324500 ,,,,,2270061,,コマコ,コマコ,208_KC07_k_088.wav,komako,,0,,,,,,,,"Uh, what should I do... I want some semen..."
324600 ,,,,,2270061,,,,,,,,,,,,,,,"But Komako-chan still seems unwilling to give up, repeatedly twisting her neck."
324700 ,,,,,2270061,,コマコ,コマコ,208_KC07_k_089.wav,komako,,0,,,,,,,,"Yeah, I came up with a good idea!"
324800 ,,,,,2270061,,,,,,,,,,,,,,,"And then, with a face like a little devil, she suddenly smiled and wiped the semen on her face with a tissue before turning back toward me."
325000 ,*join_1,,,,,,,,,,,,,,,,,,,■Confluence 1
325200 ,,<!scene_h_end>,9,31,,,主人公,＜名＞,,"komakoL,private",,22,,,,,,,",K-Komako-chan? What's wrong?"
325300 ,,,,,,,コマコ,コマコ,208_KC07_k_090.wav,komakoL,,22,,,,,,,,"Huh huh, I was thinking of making old man cum a lot for me."
325400 ,,,,,,,,,,,,,,,,,,,,"Just after I had come back, exhausted, Komako-chan started hurriedly taking off her clothes in front of me."
325500 ,,,,,,,,,,,,,,,,,,,,"In the blink of an eye, Komako-chan was left completely naked."
325600 ,,,,,,,コマコ,コマコ,208_KC07_k_091.wav,"komakoL,nude",,2,,,,,,,",'How about it? Old man, do you like girls' naked bodies? Are you getting excited? Is your dick gonna get hard again?'"
325700 ,,,,,,,主人公,＜名＞,,komakoL,,2,,,,,,,,"Ah, ah, ah..."
325800 ,,,,,,,,,,komakoL,,2,,,,,,,,"I couldn't believe what I was seeing in front of me, so I blinked several times."
325900 ,,,,,,,,,,komakoL,,2,,,,,,,,"But no matter how many times I look, it's the same. Skin so pale and translucent, soft-looking breasts that gently curve."
326000 ,,,,,,,,,,komakoL,,2,,,,,,,,"It looks like a simple crack, just a straight line drawn in. Komako-chan is laughing with all of that exposed."
326100 ,,,,,,,,,,komakoL,,2,,,,,,,,Just looking at it made my freshly ejaculated dick fully hard again. Battle-ready preparation complete.
326200 ,,,,,,,主人公,＜名＞,,komakoL,,2,,,,,,,,"Komako-chan, uh, what are you planning to do?"
326300 ,,,,,,,,,,komakoL,,2,,,,,,,,"I had vaguely guessed as much, but didn't want to believe it was true, so I deliberately asked. I had asked."
326400 ,,,,,,,,,,komakoL,,2,,,,,,,,Komako-chan gives me a smile as if she were an angel taking me to heaven.
326500 ,,,,,,,コマコ,コマコ,208_KC07_k_092.wav,komakoL,,22,,,,,,,,"Let's have sex, old man. This time, I'm gonna milk your cum."
326600 ,,,,,,,,,,,,,,,,,,,,"And then, he pushed me into the abyss."
326800 ,,<!scene_h_begin>,,,2271000,,コマコ,コマコ,208_KC07_k_093.wav,komako,,0,,,,,,,,"Okay, let's go...'' or ''Alright, here we go..."
326900 ,,,,,2271000,,,,,,,,,,,,,,,"Komako-chan straddles me while I'm stiff. Because she spread her legs, it opened up all the way there."
327000 ,,,,,2271000,,,,,,,,,,,,,,,A cute pink frill is fluttering right in front of me.
327100 ,,,,,2271000,,,,,,,,,,,,,,,I couldn't help but swallow my saliva at the shameless display.
327200 ,,,,,2271000,,主人公,＜名＞,,,,,,,,,,,,Komako-chan... is it really okay? Is it okay to have sex with Uncle?
327300 ,,,,,2271000,,,,,,,,,,,,,,,"How about asking Komako-chan, who is swaying her ass back and forth on your dick and trying to find the right angle to insert it?"
327400 ,,,,,2271000,,,,,,,,,,,,,,,Then Komako-chan tilted her head in a curious way.
327500 ,,,,,2271000,,コマコ,コマコ,208_KC07_k_094.wav,komako,,0,,,,,,,,"Why? Because if we have sex, won't you give me a lot of semen again, mister?"
327600 ,,,,,2271000,,主人公,＜名＞,,,,,,,,,,,,"That might be true, though..."
327700 ,,,,,2271000,,,,,,,,,,,,,,,It feels incredibly complicated when someone says it so casually.
327800 ,,,,,2271000,,,,,,,,,,,,,,,It seems like even this sex is being treated as just a necessary task to squeeze out semen.
327900 ,,,,,2271000,,主人公,＜名＞,,,,,,,,,,,,"Komako-chan, even though she was resisting having sex with that old man..."
328000 ,,,,,2271000,,コマコ,コマコ,208_KC07_k_095.wav,komako,,0,,,,,,,,"That's because Uncle forced me to do it. This time, since it's necessary, I'm okay with it."
328100 ,,,,,2271000,,,,,,,,,,,,,,,Ow! (or ''It hurts!'')
328200 ,,,,,2271000,,,,,,,,,,,,,,,"With a casual air, Komako-chan slowly lowers herself onto her seat."
328300 ,,,,,2271000,,,,,,,,,,,,,,,"The soft, squishy entrance of the pussy touches the tip of my cock. It should feel good, but my mind and body seemed to be falling apart."
328400 ,,,,,2271000,,コマコ,コマコ,208_KC07_k_096.wav,komako,,0,,,,,,,,"Hmm... I wonder if I can do it well? Since it's my first time doing it myself, I'm a little nervous."
328500 ,,,,,2271000,,主人公,＜名＞,,,,,,,,,,,,"Uh, uh."
328600 ,,,,,2271000,,,,,,,,,,,,,,,Komako-chan is spreading her own pussy open and seems to be trying to welcome the cock. It should be an incredibly thrilling sight.
328700 ,,,,,2271000,,,,,,,,,,,,,,,"Actually, the tip of the penis just lightly touched Komako's small labia, and it twitched in response, happily reacting."
328800 ,,,,,2271000,,コマコ,コマコ,208_KC07_k_097.wav,komako,,0,,,,,,,,"Uh, old man, be a little more still with your dick. Otherwise, it'll be hard to put it in."
328900 ,,,,,2271000,,主人公,＜名＞,,,,,,,,,,,,Don't say something reckless... I'm so happy that I can have sex with Komako-chan that even my cock and tail are twitching!
329000 ,,,,,2271000,,コマコ,コマコ,208_KC07_k_098.wav,komako,,0,,,,,,,,Hmm... but it'd be a problem if I can't manage to get it in. Hold on.
329100 ,,,,,2271000,,主人公,＜名＞,,,,,,,,,,,,"Uh...'', ''Well...'', ''Hmm..."
329200 ,,,,,2271000,,,,,,,,,,,,,,,"It seems like you haven't given a single thought to what I've said about that old man, and your way of putting it stings my heart all over again."
329300 ,,,,,2271000,,,,,,,,,,,,,,,"If it were normal, even my dick would be drooping in disappointment... but even so, it's not that bad."
329400 ,,,,,2271000,,,,,,,,,,,,,,,"After all, it's great that I can have sex with Komako-chan...."
329500 ,,,,,2271000,,コマコ,コマコ,208_KC07_k_099.wav,komako,,0,,,,,,,,"Hmm~... hmm~... when you look at it like this, Uncle's dick is pretty big, huh?"
329600 ,,,,,2271000,,,,,,,,,,,,,,,"Even though she said she'd do it herself, after straddling me, Komako-chan kept pressing the tip against her pussy and then stopping it repeatedly."
329700 ,,,,,2271000,,,,,,,,,,,,,,,It looks like you're hesitating.
329800 ,,,,,2271000,,,,,,,,,,,,,,,"Well, actually, the tip keeps touching my pussy with a *puni-puni* sensation, and that feels really good... but there's something that bothers me."
329900 ,,,,,2271000,,主人公,＜名＞,,,,,,,,,,,,"Umm... Komako-chan, it doesn't seem like you're that wet, but are you okay?"
330000 ,,,,,2271000,,コマコ,コマコ,208_KC07_k_100.wav,komako,,0,,,,,,,,"Hmm... we've had sex so many times already, so maybe it's okay, right?"
330100 ,,,,,2271000,,,,,,,,,,,,,,,"Well, Komako-chan's there isn't always slippery like usual, you know."
330200 ,,,,,2271000,,,,,,,,,,,,,,,"It seemed like you were having fun during the blowjob, but maybe it wasn't about the horny feelings after all."
330300 ,,,,,2271000,,,,,,,,,,,,,,,"I feel more and more like Komako-chan is starting to think of this sex as something obligatory, and it's painful."
330400 ,,,,,2271000,,コマコ,コマコ,208_KC07_k_101.wav,komako,,0,,,,,,,,"But we don't have much time, do we? If I stay any longer, I'll have to leave soon."
330500 ,,,,,2271000,,主人公,＜名＞,,,,,,,,,,,,"Eh, ah, no, sex isn't something you force someone to do..."
330600 ,,,,,2271000,,コマコ,コマコ,208_KC07_k_102.wav,komako,,0,,,,,,,,What's that old man saying?
330700 ,,,,,2271000,,,,,,,,,,,,,,,I was looked at with a slightly dampened gaze. Uuuuuu.
330800 ,,,,,2271000,,,,,,,,,,,,,,,"It's such a loveless sex year. I want to run away. But my eyes are glued to Komako-chan's pussy, and my dick is pointing that way too."
330900 ,,,,,2271000,,,,,,,,,,,,,,,My body felt paralyzed like it was in a sleep paralysis. Komako-chan's vaginal entrance tightly aimed at the glans this time.
331000 ,,,,,2271000,,コマコ,コマコ,208_KC07_k_103.wav,komako,,0,,,,,,,,"Then, I'll do it!"
331100 ,,,,,2271000,,,,,,,,,,,,,,,"Komako-chan took a quick breath to steel herself, then sat down in one swift motion."
331300 ,,,,,2271010,,コマコ,コマコ,208_KC07_k_104.wav,komako,,0,,,,,,,,"Nnkuuuu...... u, nanka, itsumo yori kitai...... kamo"
331400 ,,,,,2271010,,,,,,,,,,,,,,,"The next moment, a crushing pressure came as if my glans was being squashed."
331500 ,,,,,2271010,,,,,,,,,,,,,,,"Not at all, without any foreplay, Komako-chan's pussy, which wasn't used to it, was tighter than I imagined."
331600 ,,,,,2271010,,,,,,,,,,,,,,,"Since there isn't much lubrication, it's slippery, and when the tip went in, Komako-chan stopped moving for a moment."
331700 ,,,,,2271010,,コマコ,コマコ,208_KC07_k_105.wav,komako,,0,,,,,,,,"Hmm... let's take a short break. I feel like my stomach is already full, but it's just the beginning, isn't it?"
331800 ,,,,,2271010,,主人公,＜名＞,,,,,,,,,,,,"Komako-chan, you should get used to it a little more. Uncle, I'll lick you with my mouth and tongue, so come on!"
331900 ,,,,,2271010,,コマコ,コマコ,208_KC07_k_106.wav,komako,,0,,,,,,,,"Ugh. If the old man just behaves like a good boy and quietly does the *bju bju* thing with his cum, that's fine. Got it?"
332000 ,,,,,2271010,,主人公,＜名＞,,,,,,,,,,,,Like... that...
332100 ,,,,,2271020,,コマコ,コマコ,208_KC07_k_107.wav,komako,,0,,,,,,,,"If you don't want to, should I stop giving you my cum? Want me to pull out my dick?"
332200 ,,,,,2271020,,,,,,,,,,,,,,,Komako-chan said something teasingly while trying to lift her hips. The tight grip of her labia minora scraped against the glans with a *zuri* sound.
332300 ,,,,,2271020,,,,,,,,,,,,,,,"The cock was about to be taken to the tightly stuck mucous membrane, and my waist couldn't help but chase after Komako."
332400 ,,,,,2271020,,主人公,＜名＞,,,,,,,,,,,,"No way, that's no good. If you're a good girl and fill me with so much cum, don't abandon Uncle..."
332500 ,,,,,2271010,,コマコ,コマコ,208_KC07_k_108.wav,komako,,0,,,,,,,,"Good girl. Then, I'll enter at my pace, so just stay still, okay? Don't wiggle your little pussy and tail too much."
332600 ,,,,,2271010,,,,,,,,,,,,,,,"As always, Komako-chan's reckless demands mean my dick is probably just a meat vibrator for her to cum out of."
332700 ,,,,,2271010,,,,,,,,,,,,,,,"After all, you said it yourself, but when it comes to being treated like a meat vibrator by Komako-chan, you get really crushed."
332800 ,,,,,2271010,,コマコ,コマコ,208_KC07_k_109.wav,komako,,0,,,,,,,,"Good girl, good girl. Nn......ahhh, deep inside my stomach, it's being spread open by Uncle's dick......it's going innn......"
332900 ,,,,,2271010,,,,,,,,,,,,,,,Even if I feel happy when Komako-chan gently strokes my head.
333000 ,,,,,2271010,,,,,,,,,,,,,,,"The cock is being swallowed into the tight inner walls, struggling against them as it goes deeper and deeper."
333100 ,,,,,2271010,,,,,,,,,,,,,,,"It felt like the intense pleasure of gripping a dildo as hard as possible, combined with body heat, surging through my cock, making my hips jerk involuntarily."
333200 ,,,,,2271020,,コマコ,コマコ,208_KC07_k_110.wav,komako,,0,,,,,,,,"Nnngg......mou, katte ni ug'i cha dame desho. Ojisan tteba, hont? ni matemo dekinai n da n da......"
333300 ,,,,,2271020,,,,,,,,,,,,,,,"She looks at me with a dumbfounded expression. Ugh, don't look at me like that..."
333400 ,,,,,2271020,,主人公,＜名＞,,,,,,,,,,,,"Because, because, Komako-chan's pussy feels so good, I can't wait to get inside her, I can't stand it anymore..."
333500 ,,,,,2271010,,コマコ,コマコ,208_KC07_k_111.wav,komako,,0,,,,,,,,"Well, whatever. That's all you want, right? To cum quickly and shoot it out. Good boy, good boy, old man."
333600 ,,,,,2271010,,,,,,,,,,,,,,,Komako-chan stroked my head matter-of-factly and took a small breath.
333700 ,,,,,2271010,,コマコ,コマコ,208_KC07_k_112.wav,komako,,0,,,,,,,,"Hmm... my stomach hurts a little, but it's not unbearable... come on!"
333800 ,,,,,2271010,,主人公,＜名＞,,,,,,,,,,,,Fwoah!
333900 ,,,,,2271010,,,,,,,,,,,,,,,*Bam!* (or ''Zut!'')
334000 ,,,,,2271010,,,,,,,,,,,,,,,"Komako-chan, gaining momentum, forcefully took my entire cock deep into her mouth."
334100 ,,,,,2271010,,,,,,,,,,,,,,,"The tight, crushing pressure feels like it's about to squash my entire cock―from the tip all the way down to the base and root."
334200 ,,,,,2271010,,,,,,,,,,,,,,,"Because the mucosal membrane is tightly stuck to it, every time Komako-chan breathes, I can even feel the inside twitching."
334300 ,,,,,2271010,,コマコ,コマコ,208_KC07_k_113.wav,komako,,0,,,,,,,,Ahh...... everything's in...... it feels like your old man's dick is coming all the way up to my stomach here.
334400 ,,,,,2271010,,,,,,,,,,,,,,,"Komako-chan was rubbing her stomach with one hand, looking a bit pained, and taking deep breaths repeatedly."
334500 ,,,,,2271010,,,,,,,,,,,,,,,"Each time, my pussy would twitch and contract as if it were being tightly squeezed by a hand."
334600 ,,,,,2271010,,コマコ,コマコ,208_KC07_k_114.wav,komako,,0,,,,,,,,"''Wait just a little bit, okay? Nn～hah～hah～hah～h"
334700 ,,,,,2271010,,,,,,,,,,,,,,,"As she was doing that, little by little, Komako-chan's insides started to relax. It wasn't that they became loose or that she felt better."
334800 ,,,,,2271010,,,,,,,,,,,,,,,It hurt so much that it was just right.
334900 ,,,,,2271010,,,,,,,,,,,,,,,"It feels like the pain of being tied at the root with a rubber band is gone, and now I'm just feeling good."
335100 ,,,,,2271020,,コマコ,コマコ,208_KC07_k_115.wav,komako,,0,,,,,,,,"Hey, mister, how's it feel? Good?"
335200 ,,,,,2271020,,,,,,,,,,,,,,,"Komako-chan pushes her pussy deeper onto the cock while asking,"
335300 ,,,,,2271020,,,,,,,,,,,,,,,"All I could do was nod like a broken toy, bobbing my head up and down."
335400 ,,,,,2271020,,主人公,＜名＞,,,,,,,,,,,,"U, um, it feels so good... I can feel my dick getting hard from the heat inside Komako-chan."
335500 ,,,,,2271020,,コマコ,コマコ,208_KC07_k_116.wav,komako,,0,,,,,,,,"Oh, I see. Yeah, Mr. Little Dick, it's rock hard, and it's grown so big that it fills up my whole stomach."
335600 ,,,,,2271020,,,,,,,,,,,,,,,"Komako-chan tightened her vaginal entrance with a few ''kyukkyuk'' contractions, as if checking the height of a penis."
335700 ,,,,,2271020,,,,,,,,,,,,,,,"The painfully wide pink entrance of Komako-chan, writhing as if it were chewing on a cock."
335800 ,,,,,2271020,,,,,,,,,,,,,,,It was so obscenely disgusting that my dick twitched.
335900 ,,,,,2271020,,コマコ,コマコ,208_KC07_k_117.wav,komako,,0,,,,,,,,"Ahhh, my dick and tail just twitched! Hey, is it gonna cum? Is it gonna cum?"
336000 ,,,,,2271020,,,,,,,,,,,,,,,Komako-chan is looking at me with eyes full of expectation.
336100 ,,,,,2271020,,,,,,,,,,,,,,,"While feeling sorry for not being able to meet that expectation, I shake my head from side to side."
336200 ,,,,,2271020,,,,,,,,,,,,,,,"Well, actually, can't you at least grind your hips a little? Did my service time end after that blowjob earlier? ..."
336300 ,,,,,2271020,,主人公,＜名＞,,,,,,,,,,,,"Even if you just put it in, it won't come out..."
336400 ,,,,,2271020,,コマコ,コマコ,208_KC07_k_118.wav,komako,,0,,,,,,,,"Oh, I see... just like before, if it's not more intense and pleasurable, I won't cum, huh?"
336500 ,,,,,2271020,,主人公,＜名＞,,,,,,,,,,,,"Yeah. So, like when you sucked my dick with your mouth and hands, I want you to fuck me with your pussy... Is that okay?"
336600 ,,,,,2271020,,,,,,,,,,,,,,,I cautiously asked.
336700 ,,,,,2271020,,,,,,,,,,,,,,,"I already felt like a slave to Komako-chan. After all, if Komako-chan's mood changes, I might get thrown away."
336800 ,,,,,2271020,,,,,,,,,,,,,,,"Unlike Chi-chan, I'm not Komako-chan's boyfriend."
336900 ,,,,,2271020,,コマコ,コマコ,208_KC07_k_119.wav,komako,,0,,,,,,,,"Okay, got it. Sure. But it's a bit tough, so let's start slow, okay?"
337000 ,,,,,2271020,,主人公,＜名＞,,,,,,,,,,,,"Yeah, that's fine. You don't have to force yourself. It's okay to stop if it hurts."
337100 ,,,,,2271020,,コマコ,コマコ,208_KC07_k_120.wav,komako,,0,,,,,,,,"It's okay, leave it to me. I'll squeeze a lot of semen out of your old man's dick."
337200 ,,,,,2271020,,,,,,,,,,,,,,,"I thought it wasn't like milking a cow or anything, but when Komako-chan started moving her hips, all sorts of things went flying."
337300 ,,,,,2271020,,主人公,＜名＞,,,,,,,,,,,,Uuuuuuugh...
337400 ,,,,,2271010,,コマコ,コマコ,208_KC07_k_121.wav,komako,,0,,,,,,,,"Uh, h-huh... if I move, it rubs so much. Inside, it's like... *grrrr*..."
337500 ,,,,,2271010,,主人公,＜名＞,,,,,,,,,,,,"Uuuu, my dick feels like it might tear apart... Komako-chan's inside is too tight..."
337600 ,,,,,2271010,,,,,,,,,,,,,,,"Though it might have loosened up a little, the still inexperienced and fresh pussy was so tight that it was literally like squeezing it out―without any love juice."
337700 ,,,,,2271010,,,,,,,,,,,,,,,The feeling of having a tight suction device attached to your penis and being forcibly made to ejaculate into it.
337800 ,,,,,2271010,,,,,,,,,,,,,,,I remember cows being milked by a milking machine to the point where it brings it all back.
337900 ,,,,,2271020,,コマコ,コマコ,208_KC07_k_122.wav,komako,,0,,,,,,,,"Does it hurt? Doesn't feel good? ....uhhh, just a little more, uhh, slower is better, uhh, right?"
338000 ,,,,,2271020,,,,,,,,,,,,,,,"While looking pained herself, Komako-chan is concerned about the old man."
338100 ,,,,,2271020,,主人公,＜名＞,,,,,,,,,,,,It's fine. I feel good.
338200 ,,,,,2271020,,,,,,,,,,,,,,,"Well, it's a tough situation, but it's not exactly unpleasant."
338300 ,,,,,2271020,,,,,,,,,,,,,,,"As for a guy who's already hooked on jerking off, this level of tightness really gets me going."
338400 ,,,,,2271020,,,,,,,,,,,,,,,"A little pain is making my cock tingle again, and the whole shaft is getting really hot from the pleasure."
338500 ,,,,,2271020,,コマコ,コマコ,208_KC07_k_123.wav,komako,,0,,,,,,,,"Oh, I see... nnnngh... if that's the case... I'll keep going. nnnngh... n, nngh..."
338600 ,,,,,2271020,,,,,,,,,,,,,,,"More than the old man, what I was worried about was Komako-chan."
338700 ,,,,,2271020,,,,,,,,,,,,,,,"Panting heavily, the tiny pussy is being forcefully taken by the old man's dick."
338800 ,,,,,2271020,,,,,,,,,,,,,,,"It looks like it might break, and watching it is a little scary."
338900 ,,,,,2271020,,,,,,,,,,,,,,,"If you're not stopping, it probably means it doesn't hurt that much, right?"
339000 ,,,,,2271020,,主人公,＜名＞,,,,,,,,,,,,"Komako-chan, are you okay? Don't push yourself, okay? You too, are you not in pain?"
339100 ,,,,,2271020,,コマコ,コマコ,208_KC07_k_124.wav,komako,,0,,,,,,,,"Nn, daij'bu. Ippai, kosurete, nanka......nnnnn, jinjin tte......"
339200 ,,,,,2271020,,,,,,,,,,,,,,,It seems like the worry was a groundless fear.
339400 ,,,,,2271030,,コマコ,コマコ,208_KC07_k_125.wav,komako,,0,,,,,,,,"Nnngg...... fuh...... nnnngg...... nnnngg...... a, dandan, narete......"
339500 ,,,,,2271030,,,,,,,,,,,,,,,"It feels good when my dick rubs against it, and apparently Komako-chan feels the same way too."
339600 ,,,,,2271030,,コマコ,コマコ,208_KC07_k_126.wav,komako,,0,,,,,,,,"Haaaaah... nnnngh, ah, my stomach... it's so stretched out..."
339700 ,,,,,2271030,,,,,,,,,,,,,,,"Every time she brushed against him, Komako-chan's voice started to take on a sweet tone."
339800 ,,,,,2271030,,主人公,＜名＞,,,,,,,,,,,,Is Komako-chan enjoying herself too?
339900 ,,,,,2271030,,コマコ,コマコ,208_KC07_k_127.wav,komako,,0,,,,,,,,"Nnngg...... it doesn't matter what happens to me...... right now, just make the old man feel good..."
340000 ,,,,,2271030,,,,,,,,,,,,,,,"While saying that, her hips were gradually moving faster and faster."
340100 ,,,,,2271030,,,,,,,,,,,,,,,"I can directly feel the sticky, clear love juices oozing out from the vaginal rugae."
340200 ,,,,,2271030,,,,,,,,,,,,,,,"At first, it was as warm as if it were lukewarm inside the vagina, but I could feel it gradually rising in temperature, getting hot and flushed."
340300 ,,,,,2271030,,コマコ,コマコ,208_KC07_k_128.wav,komako,,0,,,,,,,,Haaaaah... haaaah... haaaah... nnnnngh... is my cum... coming out...? It's not like my dick feels good anyway...
340400 ,,,,,2271030,,主人公,＜名＞,,,,,,,,,,,,"Uh, yeah, it's coming out. But the broth side is better―even old man feels good about that."
340500 ,,,,,2271030,,コマコ,コマコ,208_KC07_k_129.wav,komako,,0,,,,,,,,"Well, if that's the case, then that's good."
340600 ,,,,,2271030,,,,,,,,,,,,,,,"As ever, Komako-chan still won't admit that sex with me feels good."
340700 ,,,,,2271030,,,,,,,,,,,,,,,"Here, when I'm asked if it feels good to force it, I don't want to be called stupid or hated like before, so I swallowed it down."
340800 ,,,,,2271030,,コマコ,コマコ,208_KC07_k_130.wav,komako,,0,,,,,,,,"Ah, uhh...... fuah...... the penis is big...... rubbing...... nnnngh!!"
340900 ,,,,,2271030,,,,,,,,,,,,,,,"But, since I've had sex with Komako-chan many times, it's clear that Komako-chan's pussy has gotten used to taking my dick."
341000 ,,,,,2271030,,,,,,,,,,,,,,,"The amount of vaginal fluid increases, making the penetration smoother."
341100 ,,,,,2271030,,,,,,,,,,,,,,,"The overly tight grip loosened, and the twitching, clinging folds of the obscene pussy melted into a sticky mess."
341200 ,,,,,2271030,,コマコ,コマコ,208_KC07_k_131.wav,komako,,0,,,,,,,,"Mmmn... it's all slippery and coming out so much, but Mr. Uncle, is it good for you?"
341300 ,,,,,2271030,,主人公,＜名＞,,,,,,,,,,,,"Yeah, it feels good. So, wiggle your ass more and rub your pussy some more?"
341400 ,,,,,2271030,,コマコ,コマコ,208_KC07_k_132.wav,komako,,0,,,,,,,,"Uh, nnn...... if Uncle says so, then I'll do it...... nnnnnghhh......"
341500 ,,,,,2271030,,,,,,,,,,,,,,,"While saying that it would follow old man's wishes, Komako-chan herself was clearly starting to feel something."
341600 ,,,,,2271030,,,,,,,,,,,,,,,The movement of her ass has become noticeably more seductive compared to the awkward way it was at first.
341700 ,,,,,2271030,,,,,,,,,,,,,,,"It's wriggling around, or rather, it's like it's trying to press its dick against its own clit's good spot or something..."
341800 ,,,,,2271030,,コマコ,コマコ,208_KC07_k_133.wav,komako,,0,,,,,,,,"Huh, uuuuhh... is it better when I do it up and down like *zupozupo*...? That feels better...?"
341900 ,,,,,2271030,,主人公,＜名＞,,,,,,,,,,,,"Yeah, yeah, it feels good."
342000 ,,,,,2271030,,,,,,,,,,,,,,,"Komako-chan rubs her clit against the entrance of her pussy, sliding almost all the way out before thrusting back in to the hilt, over and over again."
342100 ,,,,,2271030,,,,,,,,,,,,,,,"The movement might be slow, but every time her ass rises and falls, the wet folds of her vagina rubbing against my cock felt incredibly intense."
342200 ,,,,,2271030,,コマコ,コマコ,208_KC07_k_134.wav,komako,,0,,,,,,,,"Haaah... haaah... hey, is your cum still not coming out...?"
342300 ,,,,,2271030,,,,,,,,,,,,,,,"If she kept moving like that, Komako-chan let out a voice as if she was desperate."
342400 ,,,,,2271030,,主人公,＜名＞,,,,,,,,,,,,What's wrong?
342500 ,,,,,2271030,,コマコ,コマコ,208_KC07_k_135.wav,komako,,0,,,,,,,,"It's nothing... nnnnnnn, well, there are times like when you're on your way back... nnnnnnn."
342600 ,,,,,2271030,,,,,,,,,,,,,,,Komako-chan blatantly averts her eyes. This is the face she makes when she's lying.
342700 ,,,,,2271030,,,,,,,,,,,,,,,"While trying to hide something, Komako-chan's ass is wriggling more lewdly, and she's becoming more enthusiastic about stroking my cock with her pussy."
342800 ,,,,,2271030,,コマコ,コマコ,208_KC07_k_136.wav,komako,,0,,,,,,,,"Please... as soon as possible... if you don't cum soon, I'll be in trouble..."
342900 ,,,,,2271030,,主人公,＜名＞,,,,,,,,,,,,"Even if you say that, it's not something that comes out right away... Maybe it won't work unless you do it as intensely as just now."
343000 ,,,,,2271030,,,,,,,,,,,,,,,I was so happy to see Komako-chan's pussy getting all wet that I got a little carried away and said something like that.
343100 ,,,,,2271030,,,,,,,,,,,,,,,"No matter what you say, Komako-chan's pussy is probably still melting for old man's dick, isn't it? That's what I feel like thinking."
343200 ,,,,,2271030,,コマコ,コマコ,208_KC07_k_137.wav,komako,,0,,,,,,,,Got it... let's do it a little more intensely... mmmmmmm!
343300 ,,,,,2271030,,,,,,,,,,,,,,,Komako-chan made a slightly troubled face while tensing her stomach muscles.
343400 ,,,,,2271030,,,,,,,,,,,,,,,"Move your hips up and down rhythmically, like you're doing squats, with a quick ''kick-kick'' motion."
343500 ,,,,,2271030,,,,,,,,,,,,,,,The speed at which the dick goes in and out with a *zupp* *zupp* sound has increased.
343700 ,,,,,2271040,,コマコ,コマコ,208_KC07_k_138.wav,komako,,0,,,,,,,,"Fuh-ahhhhhhhh, nngh, ahh, no, my back is tingling..."
343800 ,,,,,2271040,,主人公,＜名＞,,,,,,,,,,,,"Oh no, it feels so good, Komako-chan, this is it, this is it, this is it!"
343900 ,,,,,2271040,,,,,,,,,,,,,,,"Finally, the pace of insertion and withdrawal reached about the usual time for starting sex, and the pleasure suddenly intensified."
344000 ,,,,,2271040,,,,,,,,,,,,,,,"And that means if I feel that way, Komako-chan must feel the same way too."
344100 ,,,,,2271040,,,,,,,,,,,,,,,"Finally, her love juices overflow from the joining area, starting to make obscene squelching sounds."
344200 ,,,,,2271040,,主人公,＜名＞,,,,,,,,,,,,"Ah, ah, I can hear the lewd sound of Komako-chan's hot broth. It's so exciting!"
344300 ,,,,,2271040,,コマコ,コマコ,208_KC07_k_139.wav,komako,,0,,,,,,,,"Ugh, if you say things like that, it's embarrassing... nnnnngh... but if Uncle is getting excited, maybe it's okay..."
344400 ,,,,,2271040,,主人公,＜名＞,,,,,,,,,,,,"Yeah, well, Uncle can move too. I want to stick my dick in Komako-chan's pussy."
344500 ,,,,,2271040,,コマコ,コマコ,208_KC07_k_140.wav,komako,,0,,,,,,,,"Uh... well, there's no way around it... okay."
344600 ,,,,,2271040,,主人公,＜名＞,,,,,,,,,,,,Yattaa!
344700 ,,,,,2271040,,,,,,,,,,,,,,,The disgust or sadness-like feeling I used to have before sex was still lingering.
344800 ,,,,,2271040,,,,,,,,,,,,,,,"But if you're being teased with such a sticky, lingering sex, then I'd rather have my dick shoved into Komako-chan's pussy instead."
344900 ,,,,,2271040,,,,,,,,,,,,,,,It felt like my head was filled with semen.
345000 ,,,,,2271040,,コマコ,コマコ,208_KC07_k_141.wav,komako,,0,,,,,,,,"Hyaaaahhh, nnghhh, but even so, don't suddenly go that deep uuuuhhh!"
345100 ,,,,,2271040,,主人公,＜名＞,,,,,,,,,,,,"Sorry, but when you touch deep inside my pussy and flick the tip, it feels really good."
345200 ,,,,,2271040,,,,,,,,,,,,,,,"With all my strength, I thrust my hips upward and buried my cock deep inside Komako-chan's vagina, and a scream-like moan escaped from Komako-chan."
345300 ,,,,,2271040,,,,,,,,,,,,,,,"But now that it won't stop, I end up swinging my hips wildly."
345400 ,,,,,2271040,,コマコ,コマコ,208_KC07_k_142.wav,komako,,0,,,,,,,,"Hah! Huhhh... ahh, hah! No, don't be so rough... no, wait!"
345500 ,,,,,2271040,,主人公,＜名＞,,,,,,,,,,,,"I'm sorry, I'm sorry, I can't wait anymore. Komako-chan must want to cum too, right?"
345600 ,,,,,2271040,,コマコ,コマコ,208_KC07_k_143.wav,komako,,0,,,,,,,,"Yeah, but... fwaaaahhhh... ahhhhnnnn, nnn, huhhhh, nnnnnghhhhh"
345700 ,,,,,2271040,,,,,,,,,,,,,,,"Koma-chan is running out of patience one after another, and only lewd voices start coming out."
345800 ,,,,,2271040,,,,,,,,,,,,,,,"Her pussy is already dripping wet, and every time the old man's dick goes in and out, her love juices splash up."
345900 ,,,,,2271040,,,,,,,,,,,,,,,Komako-chan herself is shaking her ass and is coming to suck the old man's dick in.
346000 ,,,,,2271040,,コマコ,コマコ,208_KC07_k_144.wav,komako,,0,,,,,,,,"Nnnnngh... no, it's not coming out yet... please... if you don't cum soon..."
346100 ,,,,,2271040,,主人公,＜名＞,,,,,,,,,,,,What if it's not?
346200 ,,,,,2271040,,,,,,,,,,,,,,,"Komako-chan was staring at me with lust-filled, glazed eyes. Her cheeks were flushed with a mix of shame and pleasure."
346300 ,,,,,2271040,,,,,,,,,,,,,,,"I notice that the inside of the tight pussy is starting to get all clenched up, so I think I'm about to cum."
346400 ,,,,,2271040,,,,,,,,,,,,,,,"But, since it's Komako-chan, she might think it's annoying to be hit on by an uncle."
346500 ,,,,,2271040,,コマコ,コマコ,208_KC07_k_145.wav,komako,,0,,,,,,,,"Uh, that... thing feels weird, so just come inside my pussy quickly!"
346600 ,,,,,2271040,,主人公,＜名＞,,,,,,,,,,,,"Got it, I'll do my best!"
346700 ,,,,,2271040,,,,,,,,,,,,,,,"For Komako-chan, who doesn't let her guard down even a little about having sex with Uncle just for the sake of sperm collection, I feel a little sad."
346800 ,,,,,2271040,,,,,,,,,,,,,,,"But even more, Komako-chan's pussy was too good to stop, and I couldn't stop thrusting my hips anymore."
346900 ,,,,,2271040,,コマコ,コマコ,208_KC07_k_146.wav,komako,,0,,,,,,,,"Fuh-ahhhh...... no, I didn't say to go hard like thatttt......"
347000 ,,,,,2271040,,主人公,＜名＞,,,,,,,,,,,,"Because if you don't go hard, you won't cum!"
347100 ,,,,,2271040,,コマコ,コマコ,208_KC07_k_147.wav,komako,,0,,,,,,,,"Uuuuuh, I got it! I got it, so hurry up and get it out already, do the *bubbub* thing already!"
347200 ,,,,,2271040,,,,,,,,,,,,,,,"With the most irresistible begging on her lips, she also starts to lift her hips from Komako-chan."
347300 ,,,,,2271040,,,,,,,,,,,,,,,Sploshy sploshy sploshy sploshy.
347400 ,,,,,2271040,,,,,,,,,,,,,,,The connection between the two of us was already a mess. It was so hot that I couldn't tell where Komako-chan ended and I began.
347500 ,,,,,2271040,,,,,,,,,,,,,,,If only we could just melt into one forever...
347600 ,,,,,2271040,,コマコ,コマコ,208_KC07_k_148.wav,komako,,0,,,,,,,,"Ahhhh, ahhhhhhhh, Uncle's dick is getting hard again inside me..."
347700 ,,,,,2271040,,,,,,,,,,,,,,,"But sadly, the end is coming. The semen is rising up to the point where it can't be held back anymore."
347800 ,,,,,2271040,,,,,,,,,,,,,,,"I'm going all out for the final sprint, thrusting deep into Komako-chan's vagina, right at her cervix."
347900 ,,,,,2271040,,主人公,＜名＞,,,,,,,,,,,,Out! It's coming out!!!
348000 ,$menu_begin,,,,2271040,,,,,,,,,,,,,,,Multiple-choice options
↓,"$menu_item 0,中に出す,sel_2a",,,,2271040,,,,,,,,,,,,,
↓,"$menu_item 1,外に出す,sel_2b",,,,2271040,,,,,,,,,,,,,
↓,$menu_end,,,,2271040,,,,,,,,,,,,,,,
348100 ,*sel_2a,,,,2271040,,,,,,,,,,,,,,,put inside
348200 ,,,,,2271040,,,,,,,,,,,,,,,"As you wished, Komako-chan, I put it inside."
348400 ,,<!ef_shasei_l>,,,2271050,,,,,,,,,,,,,,,bukubukubukubukubukubuk
348500 ,,,,,2271050,,コマコ,コマコ,208_KC07_k_149.wav,komako,,0,,,,,,,,"Ah, it's coming out, so much old man's semen is coming out, it's shooting deep into my pussy with *splurt* sounds, ughhh!"
348600 ,,<!ef_shasei_l>,,,2271050,,,,,,,,,,,,,,,It's hard to believe it's the second time such a massive amount of semen is poured into Komako-chan's womb.
348700 ,,<!ef_shasei>,,,2271050,,,,,,,,,,,,,,,"No, I couldn't hold it in."
348800 ,,,,,2271050,,,,,,,,,,,,,,,"Even if I thought it was just about getting milked, I couldn't resist the joy of having sex with Komako-chan and the ecstasy of cumming inside her."
348900 ,,,,,2271050,,コマコ,コマコ,208_KC07_k_150.wav,komako,,0,,,,,,,,"Fuh-ahhhhhh, noooo, I'm gonna comeeee, I'm gonna come tooooo!"
349000 ,,,,,2271050,,,,,,,,,,,,,,,But it seems like Komako-chan was the same too.
349100 ,,,,,2271050,,,,,,,,,,,,,,,"She seemed to be barely holding back from going all out, but it looked like she reached her climax from the pleasure of receiving the semen deep inside her vagina."
349200 ,,<!ef_shasei>,,,2271050,,,,,,,,,,,,,,,"Every time the semen spurts out with a ''bwuh-bwuh'' sound, Komako-chan arches her back with a ''bikun'' twitch, pressing her violently convulsing vaginal depths against the glans."
349300 ,,,,,2271050,,コマコ,コマコ,208_KC07_k_151.wav,komako,,0,,,,,,,,"Ahh... it looks like your pussy is slurping up the cum, you know..."
349400 ,,,,,2271050,,,,,,,,,,,,,,,That's exactly it―my cock was sucked dry of every last drop of cum by the tight grip of her pussy depths.
349600 ,,,,,2271060,,コマコ,コマコ,208_KC07_k_152.wav,komako,,0,,,,,,,,Fua...
349700 ,,,,,2271060,,,,,,,,,,,,,,,The cum-slick dick slipped out of the pussy with a *zuruu* sound after ejaculating.
349800 ,,,,,2271060,,コマコ,コマコ,208_KC07_k_153.wav,komako,,0,,,,,,,,Ah... the semen... it's leaking... Noooo...
349900 ,,,,,2271060,,,,,,,,,,,,,,,"She was Komako-chan with her face still a little drowsy from just waking up, but she clenched her buttocks tightly to not spill a single drop of her precious semen."
350000 ,,,,,2271060,,,,,,,,,,,,,,,"The shape of Komako-chan's pussy, which had spread out like a dick, tightens up so much that not even a finger seems like it would fit."
350100 ,,,,,2271060,,主人公,＜名＞,,,,,,,,,,,,Ahh... I spilled it... there's my cum inside Komako-chan's pussy.
350200 ,,,,,2271060,,コマコ,コマコ,208_KC07_k_154.wav,komako,,0,,,,,,,,"Yeah, my stomach is all slippery inside."
350300 ,,,,,2271060,,,,,,,,,,,,,,,Komako-chan seems satisfied as she rubs her lower abdomen.
350400 ,,,,,2271060,,,,,,,,,,,,,,,"During that time, you kept your pussy tightly clenched the whole time."
350500 ,,,,,2271060,,,,,,,,,,,,,,,But thinking about how my semen was packed deep inside the tightly constricted vaginal hole made it an incredibly obscene sight.
350600 ,,,,,2271060,,コマコ,コマコ,208_KC07_k_155.wav,komako,,0,,,,,,,,"Thank you, uncle."
350700 ,,,,,2271060,,,,,,,,,,,,,,,Komako-chan also happily thanked me from the bottom of her heart. But...
350800 ,,<s_fade time=""1600"" type=""shadeoff"" param=""type=p"">,0,9000,,,,,,,,,,,,,,,,"The sadness in my heart has become something I can no longer endure, as the restraints of my ejaculatory instinct have been released."
350900 ,$go join_2,,,,,,,,,,,,,,,,,,,■Merge to 2
351000 ,*sel_2b,,,,,,,,,,,,,,,,,,,take out
351100 ,,,,,2271040,,,,,,,,,,,,,,,I went against Komako-chan and pulled out my cock right at the moment of ejaculation.
351300 ,,<!ef_shasei_l>,,,2271061,,,,,,,,,,,,,,,Bubyyyyyyyyyyyy
351400 ,,,,,2271061,,コマコ,コマコ,208_KC07_k_156.wav,komako,,0,,,,,,,,Huh?!'' or ''Wha―?!
351500 ,,,,,2271061,,,,,,,,,,,,,,,Seeing Komako-chan widen her eyes as she watches the dick bouncing on her stomach and shooting out cum.
351600 ,,<!ef_shasei_l>,,,2271061,,,,,,,,,,,,,,,Byubbyubbyubbyubbyubbyub
351700 ,,,,,2271061,,コマコ,コマコ,208_KC07_k_157.wav,komako,,0,,,,,,,,"What? Why? No way, why are you pulling it out?"
351800 ,,<!ef_shasei>,,,2271061,,,,,,,,,,,,,,,"In front of flustered Komako-chan, the dick squirts cum wastefully everywhere."
351900 ,,,,,2271061,,コマコ,コマコ,208_KC07_k_158.wav,komako,,0,,,,,,,,No way! You can't come inside like that...!
352000 ,,,,,2271061,,,,,,,,,,,,,,,"Komako-chan is trying to quickly shove her pussy onto my dick again, but it's impossible to do that smoothly in the middle of ejaculation."
352100 ,,,,,2271061,,コマコ,コマコ,208_KC07_k_159.wav,komako,,0,,,,,,,,Ahhhh... what a waste of my semen... it's all spilling out...
352200 ,,,,,2271061,,,,,,,,,,,,,,,"In the end, my sperm ended up decorating my stomach and the floor instead of entering Komako-chan's vagina."
352300 ,,,,,2271061,,,,,,,,,,,,,,,Komako-chan looks at me with a confused expression.
352400 ,,,,,2271061,,コマコ,コマコ,208_KC07_k_160.wav,komako,,0,,,,,,,,Why are you doing that? You said to put it inside. You old liar!
352500 ,,,,,2271061,,,,,,,,,,,,,,,"When I was called a liar, something inside me snapped."
352600 ,,<s_fade time=""1600"" type=""shadeoff"" param=""type=p"">,0,9000,,,,,,,,,,,,,,,,The sadness of having been deceived by the pleasure of sex and ejaculation until now is overflowing.
352800 ,*join_2,,,,,,,,,,,,,,,,,,,■Confluence 2
352900 ,$event_return,,,,,,,,,,,,,,,,,,,
353000 ,,<!scene_h_end>,12,31,,,主人公,＜名＞,,,,,,,,,,,,Koma-Ko-chan is such an idiot!
353100 ,,,,,,,コマコ,コマコ,208_KC07_k_161.wav,"komako,nude",,4,,,,,,,",Eh?!"
353200 ,,,,,,,,,,komako,,4,,,,,,,,"Komako-chan, who was yelled at by me, looks puzzled."
353300 ,,,,,,,,,,komako,,4,,,,,,,,"When I saw that face, tears overflowed like a dam breaking. I feel pathetic, but I can't stop them."
353400 ,,,,,,,主人公,＜名＞,,komako,,4,,,,,,,,"You really hate this, don't you? Komako-chan is mean. Uncle isn't a tool for cumming!"
353500 ,,,,,,,コマコ,コマコ,208_KC07_k_162.wav,komako,,14,,,,,,,,Huh? Huh?
353600 ,,,,,,,主人公,＜名＞,,komako,,14,,,,,,,,"Uncle is in love with Komako-chan, but... Komako-chan never even looks at Uncle. Can you imagine how sad that is?!"
353700 ,,,,,,,コマコ,コマコ,208_KC07_k_163.wav,komako,,14,,,,,,,,......
353800 ,,,,,,,,,,komako,,14,,,,,,,,"While sobbing and shouting, I cried out to me, Komako-chan seemed awkwardly silent."
353900 ,,,,,,,主人公,＜名＞,,komako,,14,,,,,,,,"Even a baby would say, ''Uncle wants Komako-chan to give birth to a baby for him! A baby being born from Uncle's semen in Chi-chan is disgusting!''"
354000 ,,,,,,,コマコ,コマコ,208_KC07_k_164.wav,komako,,34,,,,,,,,......
354100 ,,,,,,,主人公,＜名＞,,komako,,34,,,,,,,,Is Komako okay? Are you happy that the old man's semen made a baby with Chi-chan?
354200 ,,,,,,,コマコ,コマコ,208_KC07_k_165.wav,komako,,14,,,,,,,,That's... that's...
354300 ,,,,,,,主人公,＜名＞,,komako,,14,,,,,,,,Is the baby of Chi-chan the uncle's baby? Does that mean the uncle's dick is indirectly going into Chi-chan too?!
354400 ,,,,,,,コマコ,コマコ,208_KC07_k_166.wav,komako,,8,,,,,,,,U...
354500 ,,,,,,,,,,komako,,8,,,,,,,,"Did she notice what she was doing, or did Komako-chan bite her lips tightly?"
354600 ,,,,,,,,,,komako,,8,,,,,,,,"It looks like there's nothing I can say, so I just hang my head in silence."
354700 ,,,,,,,,,,komako,,8,,,,,,,,"I really was pathetic and stupid-looking, but I couldn't stop myself from watching. I couldn't stop myself."
354800 ,,,,,,,主人公,＜名＞,,komako,,8,,,,,,,,"Uncle is horny! Uncle wants to have sex with Komako-chan. Even indirectly, he doesn't want to have sex with chi-chan~!!"
354900 ,,,,,,,コマコ,コマコ,208_KC07_k_167.wav,komako,,28,,,,,,,,Uncle...
355000 ,,,,,,,,,,komako,,28,,,,,,,,"Komako-chan tried to stroke my head to comfort me, but she reached out and then pulled her hand back."
355100 ,,,,,,,,,,komako,,28,,,,,,,,That even bothered him.
355200 ,,,,,,,主人公,＜名＞,,komako,,28,,,,,,,,"Well, Uncle, you did say toys or tools would be fine, right? But if that's the case, then please take good care of them, okay?"
355300 ,,,,,,,コマコ,コマコ,208_KC07_k_168.wav,komako,,34,,,,,,,,......
355400 ,,,,,,,主人公,＜名＞,,komako,,34,,,,,,,,"Komako-chan, if someone did this to you, wouldn't you be sad?! Komako-chan must understand because you're in love with chi-chan too, right?!"
355500 ,,,,,,,,,,komako,,34,,,,,,,,"Now tears, tears. Not just tears, but snot is overflowing too, making my whole face a mess."
355600 ,,,,,,,,,,komako,,34,,,,,,,,I shouted with all the feeling I could muster.
355700 ,,,,,,,主人公,＜名＞,,komako,,34,,,,,,,,"Uncle is in love with Komako-chan, you know!"
355800 ,,,,,,,,,,komako,,34,,,,,,,,Haaaa... haaa... haaa... haaa...
355900 ,,,,,,,,,,komako,,34,,,,,,,,"After saying it, I was completely out of breath. I stared at Komako-chan while breathing heavily through my shoulders."
356000 ,,,,,,,,,,komako,,34,,,,,,,,Komako-chan glanced away with a quick flicker of her eyes.
356100 ,,,,,,,コマコ,コマコ,208_KC07_k_169.wav,komako,,14,,,,,,,,"...well, I'm going home today."
356200 ,,,,,,,,,,komako,,14,,,,,,,,"Saying that, she started putting on her clothes in a hurry."
356300 ,,,,,,,,,,komako,,14,,,,,,,,I was disappointed that nothing was said in response to my desperate cry.
356400 ,,,,,,,,,,komako,,14,,,,,,,,"After all, maybe I was just that kind of person... no, just a toy to Komako-chan."
356500 ,,,,,,,主人公,＜名＞,,komako,,14,,,,,,,,......
356600 ,,<!move_veryshort>,,,,,,,,,,,,,,,,,,I felt incredibly awkward and turned my back to Komako-chan.
356700 ,,,,,,,,,,,,,,,,,,,,I hug my knees while looking at the wall.
356800 ,,,,,,,,,,,,,,,,,,,,All I could hear was the sound of Komako-chan getting dressed behind me.
356900 ,,,,,,,コマコ,コマコ,208_KC07_k_170.wav,,,,,,,,,,,"Then I'll go home. Bye-bye, mister."
357000 ,,,,,,,,,,,,,,,,,,,,"Even after Komako-chan greeted her, she couldn't bring herself to reply anymore."
357100 ,,,,,,,,,,,,,,,,,,,,"The sliding door opens, and Komako-chan leaves."
357200 ,,,,,,,,,,,,,,,,,,,,"I was just sitting with my knees hugged, wiping away the tears that kept welling up, and sobbing continuously."
357300 ,,,,,,,,,,,,,,,,,,,,"It can't be helped, I guess. After all, I got my heart broken..."
357400 ,,<!Lend_day_change>,0,9000,,,,,,,,,,,,,,,,
357600 ,@209_KC08,,,,,,,,,,,,,,,,,,,
357900 ,,<!Lbegin_day_change>,8,21,,,,,,,,,,,,,,,,"Since it was the day after that happened, I thought Komako-chan wouldn't come."
358000 ,,,,,,,,,,,,,,,,,,,,"When it got morning, I came to the shop together with Chi-chan and Tenka-chan."
358100 ,,,,,,,千恵,千恵,209_KC08_c_000.wav,"chie,private",,1,,,,,,,",'Hey, old man! Morning~!'"
358200 ,,,,,,,甜花,甜花,209_KC08_t_000.wav,,,,,,,"tenka,privateC",,12,",'Good morning, it's still too hot as usual. For now, please give me some juice.'"
358300 ,,,,,,,,,,,,,,,,,,,,Chi-chan and Tenka-chan are as lively as ever.
358400 ,,,,,,,,,,,,,,,,,,,,As for Komako-chan...
358500 ,,,,,,,コマコ,コマコ,209_KC08_k_000.wav,,,,"komako,privateC",,14,,,,",...Good morning..."
358600 ,,,,,,,,,,,,,komako,,14,,,,,"When we first met, you just quietly said hello and then hid behind Chi-chan."
358700 ,,,,,,,,,,,,,komako,,14,,,,,Such an attitude will make my heart ache again.
358800 ,,,,,,,,,,,,,komako,,14,,,,,"But, in front of Chi-chan and the others, you can't take a weird attitude toward Komako-chan alone."
358900 ,,,,,,,主人公,＜名＞,,,,,,,,,,,,"Good morning, everyone."
359000 ,,,,,,,,,,,,,,,,,,,,I put all my rationality into making the best smile I could.
359100 ,,,,,,,,,,,,,,,,,,,,Komako-chan seemed to let out a sigh of relief and came out from behind Chi-chan.
359200 ,,,,,,,,,,,,,,,,,,,,"But when our eyes met, she again awkwardly turned her face away."
359300 ,,,,,,,主人公,＜名＞,,,,,,,,,,,,............
359400 ,,,,,,,,,,,,,,,,,,,,"From her expression, it's still unclear whether Komako-chan has really come to hate me or not."
359500 ,,,,,,,,,,,,,,,,,,,,"Even a little would be fine. Even a little, if only yesterday's confession had arrived..."
359600 ,,,,,,,千恵,千恵,209_KC08_c_001.wav,chie,,20,,,,,,,,"Hey, Mom! Can I do my homework in the back room for now?"
359700 ,,,,,,,主人公,＜名＞,,chie,,20,,,,,,,,Of course!
359800 ,,,,,,,,,,chie,,20,,,,,,,,"That said, since all three of you are coming together, I can't just focus on Komako-chan."
359900 ,,,,,,,甜花,甜花,209_KC08_t_001.wav,,,,,,,tenka,,20,,"Pfft. It's not bad at all for a 30-yen juice. Oh, I left the money there."
360000 ,,,,,,,主人公,＜名＞,,,,,,,,tenka,,20,,"Yes, yes. Thank you as always."
360100 ,,,,,,,,,,,,,,,,,,,,The day began with me casually dealing with Chi-chan and Tenka-chan while awkwardly sensing the uncomfortable atmosphere between Komako-chan and me.
360300 ,,<!timepass_middle>,12,31,,,,,,,,,,,,,,,,"And as evening approached, Tenka-chan and Chi-chan went home."
360400 ,,,,,,,,,,,,,,,,,,,,"But Komako-chan alone didn't go home, and for some reason, she's still in the shop."
360500 ,,,,,,,コマコ,コマコ,209_KC08_k_001.wav,"komako,privateC",,14,,,,,,,",......"
360600 ,,,,,,,主人公,＜名＞,,komako,,14,,,,,,,,"Umm... Komako-chan, you know, do you not have to go back...?"
360700 ,,,,,,,,,,komako,,14,,,,,,,,"Timidly asking, Komako-chan flinched her shoulders and looked at me hesitantly."
360800 ,,,,,,,コマコ,コマコ,209_KC08_k_002.wav,komako,,14,,,,,,,,"Uh, well, that..."
360900 ,,,,,,,,,,komako,,14,,,,,,,,"Komako-chan was mumbling something in her mouth, but suddenly she stood up abruptly."
361000 ,,,,,,,,,,komako,,14,,,,,,,,"And then, facing me, she bowed deeply."
361100 ,,,,,,,コマコ,コマコ,209_KC08_k_003.wav,komako,,34,,,,,,,,I'm so sorryyyyy!
361200 ,,,,,,,主人公,＜名＞,,komako,,34,,,,,,,,Huh?
361300 ,,,,,,,,,,komako,,34,,,,,,,,"With a surprised look, my mouth hanging open, Komako-chan averted her eyes guiltily as she spoke."
361400 ,,,,,,,コマコ,コマコ,209_KC08_k_004.wav,komako,,14,,,,,,,,"Yesterday, I did something terrible..."
361500 ,,,,,,,主人公,＜名＞,,komako,,14,,,,,,,,"Ah, e, um, u, uh-huh."
361600 ,,,,,,,,,,komako,,14,,,,,,,,Suddenly being apologized to makes me wonder what face to make. Does this mean I'm not disliked... or is that okay?
361700 ,,,,,,,,,,komako,,14,,,,,,,,"As I hesitate, Komako-chan speaks to me, thinking carefully and stuttering."
361800 ,,,,,,,コマコ,コマコ,209_KC08_k_005.wav,komako,,8,,,,,,,,"Well, you know, I think I was a bit selfish. Uncle always cheered for me and Chii-chan, so I thought I could do anything for that."
361900 ,,,,,,,主人公,＜名＞,,komako,,8,,,,,,,,"Uh, uh."
362000 ,,,,,,,コマコ,コマコ,209_KC08_k_006.wav,komako,,12,,,,,,,,Maybe I also felt like getting a little revenge.
362100 ,,,,,,,主人公,＜名＞,,komako,,12,,,,,,,,Payback?
362200 ,,,,,,,コマコ,コマコ,209_KC08_k_007.wav,komako,,35,,,,,,,,"...because you always force yourself on me, uncle..."
362300 ,,,,,,,主人公,＜名＞,,komako,,35,,,,,,,,"Uh... sorry. That was my fault, mister."
362400 ,,,,,,,コマコ,コマコ,209_KC08_k_008.wav,komako,,14,,,,,,,,"No, it's okay now. I'm not angry."
362500 ,,,,,,,,,,komako,,14,,,,,,,,"Komako-chan nodded once with Kokun, then sat down in a girl's sitting position on the tatami with a *petan*."
362600 ,,,,,,,,,,komako,,14,,,,,,,,"I was tapped on the next space with a hand, so I sat there cautiously."
362700 ,,,,,,,,,,komako,,14,,,,,,,,Komako-chan started talking in a low voice while sitting cross-legged.
362800 ,,,,,,,コマコ,コマコ,209_KC08_k_009.wav,komako,,14,,,,,,,,"Well, you know, I've been thinking about all sorts of things since then."
362900 ,,,,,,,主人公,＜名＞,,komako,,14,,,,,,,,Uh-huh.'' or ''Yeah.
363000 ,,,,,,,コマコ,コマコ,209_KC08_k_010.wav,komako,,7,,,,,,,,"I'm still the biggest fan of chi-chan. That won't change, you know?"
363100 ,,,,,,,主人公,＜名＞,,komako,,7,,,,,,,,'.........yeah.'
363200 ,,,,,,,,,,komako,,7,,,,,,,,"Even if I knew it, being told again made me feel really down."
363300 ,,,,,,,,,,komako,,7,,,,,,,,I also curled up my knees and hugged them. I didn't want to hear anything more. But Komako-chan still showed no sign of getting up.
363400 ,,,,,,,,,,komako,,7,,,,,,,,I was wondering what to do when suddenly Komako-chan stroked my head. I was so surprised that I looked up.
363500 ,,,,,,,,,,komako,,7,,,,,,,,Komako-chan's gentle smile was there.
363600 ,,,,,,,コマコ,コマコ,209_KC08_k_011.wav,"komakoL,privateC",,27,,,,,,,",'Well, um, Uncle. But, well, I like you too, Uncle!'"
363700 ,,,,,,,,,,komakoL,,27,,,,,,,,My heart pounded. Thump!
363800 ,,,,,,,コマコ,コマコ,209_KC08_k_012.wav,komakoL,,32,,,,,,,,"Well, like, Rika is our dog. Even if you say she's no good like an old man, she'll suddenly hug you or lick you or something."
363900 ,,,,,,,主人公,＜名＞,,komakoL,,32,,,,,,,,Yeah.
364000 ,,,,,,,コマコ,コマコ,209_KC08_k_013.wav,komakoL,,2,,,,,,,,"But you know, it's because you like me, so it's annoying when it happens, but it makes me happy. It's really cute."
364100 ,,,,,,,主人公,＜名＞,,komakoL,,2,,,,,,,,Uh-huh.
364200 ,,,,,,,コマコ,コマコ,209_KC08_k_014.wav,komakoL,,22,,,,,,,,"Uncle too... he's really similar to me in that way, you know? When I think about it slowly, well... it's kinda nice to be told 'you're so cute' or something like that."
364300 ,,,,,,,主人公,＜名＞,,komakoL,,22,,,,,,,,"Hohohoho, really?!"
364400 ,,,,,,,,,,komakoL,,22,,,,,,,,"The words were so joyful that I almost doubted if they were a dream and pinched my own cheeks without thinking. ... It hurts, it's not a dream."
364500 ,,,,,,,主人公,＜名＞,,komakoL,,22,,,,,,,,It's not a dream...
364600 ,,,,,,,コマコ,コマコ,209_KC08_k_015.wav,komakoL,,6,,,,,,,,"It's true. You know... I can't say it well, but I kinda think uncle is a little cute, you know?"
364700 ,,,,,,,,,,komakoL,,6,,,,,,,,"And with that, Komako-chan let out a mischievous laugh."
364800 ,,,,,,,,,,komakoL,,6,,,,,,,,Wow wow wow... It's really like a dream. But it's not a dream. I'm so happy.
364900 ,,,,,,,,,,komakoL,,6,,,,,,,,"Because, because, it was the first time Komako-chan told me, ''I like you,'' an old man."
365000 ,,,,,,,主人公,＜名＞,,komakoL,,6,,,,,,,,''Koma-chaaaaaa
365100 ,,,,,,,コマコ,コマコ,209_KC08_k_016.wav,komakoL,,24,,,,,,,,Kyaa!
365200 ,,,,,,,,,,komakoL,,24,,,,,,,,"Overcome with emotion, I hugged Komako-chan and rubbed my cheek against her."
365300 ,,,,,,,コマコ,コマコ,209_KC08_k_017.wav,komakoL,,12,,,,,,,,"Come on, old man. Your beard is tickling me!"
365400 ,,,,,,,,,,komakoL,,12,,,,,,,,"So, it's Komako-chan, but she doesn't push me away. Instead, she gently strokes my head."
365500 ,,,,,,,,,,komakoL,,12,,,,,,,,I get so happy that I can't help but cuddle up even more.
365600 ,,,,,,,主人公,＜名＞,,komakoL,,12,,,,,,,,Woof woof! Woof woof!
365700 ,,,,,,,,,,komakoL,,12,,,,,,,,"While mimicking a dog's bark, I rub my head against various parts of Komako-chan's body."
365800 ,,,,,,,コマコ,コマコ,209_KC08_k_018.wav,komakoL,,21,,,,,,,,"''Kyaa, moo, kusu kuttai tteba~. Fu fu, fu fu fu"
365900 ,,,,,,,,,,komakoL,,21,,,,,,,,Komako-chan is also smiling happily while petting me.
366000 ,,,,,,,,,,komakoL,,21,,,,,,,,"Well, since I'm at it, I might as well play ''butter dog'' too, I thought, and stuck my head into Komako-chan's skirt."
366100 ,,,,,,,コマコ,コマコ,209_KC08_k_019.wav,komakoL,,4,,,,,,,,Wahhhh!
366200 ,,,,,,,,,,komakoL,,4,,,,,,,,"And then, there I found the treasure."
366300 ,,,,,,,,,,komakoL,,4,,,,,,,,"Your usual cute pants. The crotch area looks like a diaper, puffed up fluffy, and something paper-like is peeking out from the edge."
366400 ,,,,,,,,,,komakoL,,4,,,,,,,,"Huh, huh, huh... is this... what? Maybe a sanitary napkin?"
366500 ,,,,,,,主人公,＜名＞,,komakoL,,4,,,,,,,,Wahhhhfuuuuuu~!!!
366600 ,,,,,,,,,,komakoL,,4,,,,,,,,"Wow! It's my first time seeing it! If there's menstruation, that means you can give birth to a baby too!"
366700 ,,,,,,,,,,komakoL,,4,,,,,,,,"My tension peaked, and I instinctively bit down on my pants. I bit down gently through the napkin, pulling at the fabric."
366800 ,,,,,,,コマコ,コマコ,209_KC08_k_020.wav,komakoL,,10,,,,,,,,"Kyahhh, hey! Old man, no! Wait! Dick!"
366900 ,,,,,,,主人公,＜名＞,,komakoL,,10,,,,,,,,''Wahahah
367000 ,,,,,,,,,,komakoL,,10,,,,,,,,I instinctively ended up striking a doggy pose. It was a shame that it came out from under my skirt though....
367100 ,,,,,,,,,,komakoL,,10,,,,,,,,I didn't want to force it and get scolded by Komako-chan again either.
367200 ,,,,,,,,,,komakoL,,10,,,,,,,,"She tilted her head slightly and asked, ''Why are you just standing there quietly with your thing still out?''"
367300 ,,,,,,,コマコ,コマコ,209_KC08_k_021.wav,komakoL,,13,,,,,,,,Want me to lick your ass?
367400 ,,,,,,,主人公,＜名＞,,komakoL,,13,,,,,,,,Wan!
367500 ,,,,,,,,,,komakoL,,13,,,,,,,,"She nodded cheerfully, and Komako-chan sighed and smiled as if to say, ''What can you do?'' She was patted on the head."
367600 ,,,,,,,,,,komakoL,,13,,,,,,,,"Was I wrong? Was it impossible? she thought anxiously, and then Komako-chan put her hand into her skirt."
367700 ,,,,,,,コマコ,コマコ,209_KC08_k_022.wav,komakoL,,16,,,,,,,,"Sure, but there's blood, so maybe it's a bit messy. Is that okay?"
367800 ,,,,,,,主人公,＜名＞,,komakoL,,16,,,,,,,,Wan!
367900 ,,,,,,,,,,komakoL,,16,,,,,,,,"It's not just good―it's practically a reward! Cheerfully nodding again, Komako-chan patted my head once more before she took off her pants."
368000 ,,,,,,,,,,komakoL,,16,,,,,,,,"She rolls onto her back, exposing her belly, and lies there waiting, when Komako-chan climbs over her face and lowers her butt down."
368100 ,,,,,,,,,,komakoL,,16,,,,,,,,"The scent of blood and Komako-chan mixed together hit my nose, and a pleasant weight pressed against my face."
368300 ,,<!scene_h_begin>,9,,2280000,,,,,,,,,,,,,,,
368400 ,*mem,,,,2280000,,,,,,,,,,,,,,,
368500 ,,,9,,2280000,,コマコ,コマコ,209_KC08_k_023.wav,komako,,0,,,,,,,,"Hmm... Uncle, are you okay? Is it not too heavy?"
368600 ,,,,,2280000,,主人公,＜名＞,,,,,,,,,,,,"Yeah, it's fine. It's not heavy at all. You could even sit down more if you wanted."
368700 ,,,,,2280000,,コマコ,コマコ,209_KC08_k_024.wav,komako,,0,,,,,,,,Really?
368800 ,,,,,2280000,,,,,,,,,,,,,,,Komako-chan tilted her little head as she pressed her pussy against my mouth and nose with a *pecha*.
368900 ,,,,,2280000,,,,,,,,,,,,,,,"The lips touched a vagina slick with blood, and that slightly fishy, unique taste flowed into me."
369000 ,,,,,2280000,,,,,,,,,,,,,,,"The pungent scent of Komako-chan's menstrual blood filled my nostrils. Unable to help myself, I took a deep breath―swoosh, haaa. Ah... how fragrant."
369100 ,,,,,2280000,,コマコ,コマコ,209_KC08_k_025.wav,komako,,0,,,,,,,,"Uncle... his breathing is really rough, and it's a little ticklish."
369200 ,,,,,2280000,,主人公,＜名＞,,,,,,,,,,,,"Sorry, sorry!"
369300 ,,,,,2280000,,コマコ,コマコ,209_KC08_k_026.wav,komako,,0,,,,,,,,"Wait, do you really want to do it? Seriously? Are you *really* sure you want to lick it?"
369400 ,,,,,2280000,,主人公,＜名＞,,,,,,,,,,,,Yeah! Because it's Komako-chan's favorite little pussy!
369500 ,,,,,2280000,,,,,,,,,,,,,,,"As she said that, Komako-chan gave a slightly bashful look and averted her eyes."
369600 ,,,,,2280000,,コマコ,コマコ,209_KC08_k_027.wav,komako,,0,,,,,,,,"Well, if that's the case... I guess there's no choice... Okay, go ahead and lick it."
369700 ,,,,,2280000,,主人公,＜名＞,,,,,,,,,,,,Thank you! Well then...
369800 ,,,,,2280000,,,,,,,,,,,,,,,I took another deep breath and extended my tongue to touch Komako-chan's vaginal opening.
370000 ,,,,,2280010,,コマコ,コマコ,209_KC08_k_028.wav,komako,,0,,,,,,,,"Hya, unnnn......"
370100 ,,,,,2280010,,,,,,,,,,,,,,,"The split, smeared thickly with blood, was licked up as Komako-chan's inner thighs twitched."
370200 ,,,,,2280010,,,,,,,,,,,,,,,"The taste of Komako-chan fills my whole mouth. It's a taste with a kick, but to me, it's pure nectar."
370300 ,,,,,2280010,,,,,,,,,,,,,,,"It was her first time licking Komako-chan, and it was like a drug, making me lose myself in licking her."
370400 ,,,,,2280010,,コマコ,コマコ,209_KC08_k_029.wav,komako,,0,,,,,,,,"Nnngg......ch, chotto, hazukashii, kamo......"
370500 ,,,,,2280010,,主人公,＜名＞,,,,,,,,,,,,"Nn......rouhite......? If it's Wan-chan, even if I lick it a lot, won't it not be bad, right? Pichyaa, rehroo!"
370600 ,,,,,2280010,,,,,,,,,,,,,,,"While licking the ketchup-stained split lips of Komako-chan with a slurping sound, I glance up at her to check on her condition."
370700 ,,,,,2280010,,,,,,,,,,,,,,,Komako-chan was slightly blushing with a shy look on her cheeks.
370800 ,,,,,2280010,,コマコ,コマコ,209_KC08_k_030.wav,komako,,0,,,,,,,,"Because, after all, it's embarrassing, and there... there's even a place to pee... nnnnn!"
370900 ,,,,,2280010,,主人公,＜名＞,,,,,,,,,,,,"Yeah, there's definitely a lot of blood on it. But isn't it nice and clean when you lick it off? Mmm~"
371000 ,,,,,2280010,,コマコ,コマコ,209_KC08_k_031.wav,komako,,0,,,,,,,,"That's... a little, feels good, but... *ngh*, but still... a little... *ngh*, embarrassing, you know..."
371100 ,,,,,2280010,,,,,,,,,,,,,,,Komako-chan wiggles her butt while occasionally biting her lips tightly.
371200 ,,,,,2280010,,,,,,,,,,,,,,,"That expression, as if restraining pleasure, is so damn sexy, and it's making me incredibly aroused, my cock throbbing."
371300 ,,,,,2280010,,,,,,,,,,,,,,,"Without thinking, I reached out and jerked him off while continuing to give oral."
371400 ,,,,,2280010,,主人公,＜名＞,,,,,,,,,,,,"Hmm... speaking of which, you didn't have your period yesterday, right? Did it start today?"
371500 ,,,,,2280010,,,,,,,,,,,,,,,"When asked like that, Komako-chan looked as if she was confused."
371700 ,,,,,2280000,,コマコ,コマコ,209_KC08_k_032.wav,komako,,0,,,,,,,,"Umm... when I woke up, there was blood. It was the first time, so I was really surprised."
371800 ,,,,,2280000,,主人公,＜名＞,,,,,,,,,,,,"Hahahaha, first time...!?"
371900 ,,,,,2280000,,,,,,,,,,,,,,,"I was thinking that it might be the first time since Komako-chan has never had her period before, but hearing it again made me even more excited."
372000 ,,,,,2280000,,,,,,,,,,,,,,,I end up breathing heavily.
372100 ,,,,,2280000,,コマコ,コマコ,209_KC08_k_033.wav,komako,,0,,,,,,,,"Kyaa, atsuii...... ojisan, haniki arasugii. Sonnani dokishita no?"
372200 ,,,,,2280000,,主人公,＜名＞,,,,,,,,,,,,"Uh, yeah. Because, I've never heard about periods from Komako-chan before. Does your stomach hurt? Are you okay?"
372300 ,,,,,2280000,,コマコ,コマコ,209_KC08_k_034.wav,komako,,0,,,,,,,,"It doesn't hurt that much. My stomach feels a little heavy, but the slippery pants were grosser."
372400 ,,,,,2280000,,主人公,＜名＞,,,,,,,,,,,,"Oh, I see..."
372500 ,,,,,2280000,,,,,,,,,,,,,,,"I hear that periods can be really tough for some people, but maybe Komako-chan is on the lighter side. If that's the case, maybe we can do a lot of naughty things."
372600 ,,,,,2280000,,コマコ,コマコ,209_KC08_k_035.wav,komako,,0,,,,,,,,"At first, I was surprised, but since I learned about it properly in health class, I was able to buy panties and put on a napkin right away."
372700 ,,,,,2280000,,主人公,＜名＞,,,,,,,,,,,,"Wow... you're amazing. So, Komako-chan is now a respectable grown-up woman."
372800 ,,,,,2280000,,コマコ,コマコ,209_KC08_k_036.wav,komako,,0,,,,,,,,Is that so?
372900 ,,,,,2280000,,,,,,,,,,,,,,,"Komako-chan tilted her head in confusion, still not quite getting it."
373000 ,,,,,2280000,,主人公,＜名＞,,,,,,,,,,,,"Because my period came, that means my body is now capable of having a baby if we have sex. Isn't that amazing? Uncle, I'm so happy!"
373200 ,,,,,2280000,,,,,,,,,,,,,,,"As she said that, Komako-chan finally seemed to understand, and her face turned bright red. She turned away with a pout."
373300 ,,,,,2280020,,コマコ,コマコ,209_KC08_k_037.wav,komako,,0,,,,,,,,"Well, when you put it that way, it's a little embarrassing, though."
373400 ,,,,,2280020,,主人公,＜名＞,,,,,,,,,,,,What? Why?
373500 ,,,,,2280020,,コマコ,コマコ,209_KC08_k_038.wav,komako,,0,,,,,,,,"...it seems like I've become a more lewd body, huh. Already..."
373600 ,,,,,2280020,,,,,,,,,,,,,,,"I think it's a pretty sexy body, though. The way you put it seems to have been embarrassing for Komako-chan. Girls are complicated."
373700 ,,,,,2280020,,,,,,,,,,,,,,,"But still, when you hear about your first period, there are a lot of things that worry you."
373800 ,,,,,2280020,,主人公,＜名＞,,,,,,,,,,,,"Hey, did you actually get congratulations from your dad or mom? Did you eat red rice or anything?"
373900 ,,,,,2280020,,コマコ,コマコ,209_KC08_k_039.wav,komako,,0,,,,,,,,...why would you ask something like that?
374000 ,,,,,2280020,,主人公,＜名＞,,,,,,,,,,,,"Well, it really is my first day as an adult pussy, huh. I wonder if I should celebrate or something..."
374100 ,,,,,2280020,,コマコ,コマコ,209_KC08_k_040.wav,komako,,0,,,,,,,,"S-s, I don't know! So why do you always use such embarrassing ways of saying things?"
374200 ,,,,,2280020,,,,,,,,,,,,,,,I was given a stern look. Maybe I made her a little angry.
374300 ,,,,,2280020,,主人公,＜名＞,,,,,,,,,,,,"Uh, sorry... but, Uncle, I was so happy that I just..."
374400 ,,,,,2280020,,コマコ,コマコ,209_KC08_k_041.wav,komako,,0,,,,,,,,"Whether I can have a baby or not doesn't concern you, Uncle."
374500 ,,,,,2280020,,,,,,,,,,,,,,,"Finally, I got turned away with a pout. Oh no, maybe I got too excited and said too much."
374600 ,,,,,2280020,,主人公,＜名＞,,,,,,,,,,,,"Sorry, sorry. As an apology, I'll clean your pussy really well."
374700 ,,,,,2280020,,,,,,,,,,,,,,,"While saying that, she again stuck her tongue into the split that was overflowing with menstrual blood and started licking it up, slurping noisily."
374900 ,,,,,2280010,,コマコ,コマコ,209_KC08_k_042.wav,komako,,0,,,,,,,,"Fwaaaahhh...... h-he hasn't apologized yettt...... nnghhhh, aaaahhh!"
375000 ,,,,,2280010,,,,,,,,,,,,,,,"Komako-chan blushes shyly, coloring her cheeks, and tries to pull away with her butt. When I grab her waist to pull her back, she keeps being forcefully licked."
375100 ,,,,,2280010,,コマコ,コマコ,209_KC08_k_043.wav,komako,,0,,,,,,,,"Ah, n-nngh...... Uncle, you really are like a puppy...... After hearing those lewd things like before, if you lick me there, then that..."
375200 ,,,,,2280010,,,,,,,,,,,,,,,"Suddenly, Komako-chan starts to get fidgety.... Maybe she didn't realize this was something naughty until now."
375300 ,,,,,2280010,,,,,,,,,,,,,,,"You already knew that felling was something naughty, huh?"
375400 ,,,,,2280010,,,,,,,,,,,,,,,"Oh! Dogs lick all sorts of places, but maybe that's not necessarily a perverted thing!"
375500 ,,,,,2280010,,コマコ,コマコ,209_KC08_k_044.wav,komako,,0,,,,,,,,"Ahhh, nnnngg...... I think I'm getting really embarrassed... maybe. Uh, Mr. [older man], maybe it's time to..."
375600 ,,,,,2280010,,主人公,＜名＞,,,,,,,,,,,,Wan wan wan! Rero rero rero rero...
375700 ,,,,,2280010,,,,,,,,,,,,,,,"Komako-chan seemed like she was about to say ''let's stop,'' but pretending to be a thoughtless dog, she kept licking it."
375800 ,,,,,2280010,,,,,,,,,,,,,,,"It's such a delicious situation, to end it so simply―what a waste."
375900 ,,,,,2280010,,コマコ,コマコ,209_KC08_k_045.wav,komako,,0,,,,,,,,"Nnnnngh...... No, no, okay? Wait... dick..."
376000 ,,,,,2280010,,主人公,＜名＞,,,,,,,,,,,,Wahhhh!
376100 ,,,,,2280010,,,,,,,,,,,,,,,I gave my hips a little wiggle and showed off my erect cock.
376200 ,,,,,2280010,,コマコ,コマコ,209_KC08_k_046.wav,komako,,0,,,,,,,,It's not your little thing over there... ahhhhhhh... nnnnnnnn... nn~hhhhh. I just meant I was playing with the puppy...
376300 ,,,,,2280010,,,,,,,,,,,,,,,I glanced up at Komako-chan's face for a moment as she said something like that.
376400 ,,,,,2280010,,主人公,＜名＞,,,,,,,,,,,,"Because, Uncle, I like Komako-chan, so I want to do it with her. Didn't you let me suck your dick and do oral sex with my mouth yesterday? It's the same thing, isn't it?"
376500 ,,,,,2280010,,コマコ,コマコ,209_KC08_k_047.wav,komako,,0,,,,,,,,Ah...!
376600 ,,,,,2280010,,,,,,,,,,,,,,,"Finally realizing the truth, Komako-chan turned bright red in the face. Seeing her like that was so cute that I wanted to make her even more embarrassed."
376700 ,,,,,2280010,,主人公,＜名＞,,,,,,,,,,,,"So, let me lick Komako-chan's adult pussy more? I really want to lick it a lot."
376900 ,,,,,2280010,,,,,,,,,,,,,,,"Looking up at me with a slightly upward glance, as she said that, Komako-chan's face turned into one that looked a bit angry."
377000 ,,,,,2280020,,コマコ,コマコ,209_KC08_k_048.wav,komako,,0,,,,,,,,"Y-yah... well, I didn't come here today planning to do anything naughty!"
377100 ,,,,,2280020,,主人公,＜名＞,,,,,,,,,,,,"Don't say that. You like Uncle, right?"
377200 ,,,,,2280020,,コマコ,コマコ,209_KC08_k_049.wav,komako,,0,,,,,,,,"I said I liked you, but, uh, not that kind of like... fwaaaaaaaah!"
377300 ,,,,,2280020,,,,,,,,,,,,,,,"Komako-chan was trying to shyly run away, but when her pussy was licked, she let out a very lewd moan."
377400 ,,,,,2280020,,主人公,＜名＞,,,,,,,,,,,,"And besides, I said you could lick my pussy. Komako-chan, are you lying to Uncle?"
377500 ,,,,,2280020,,コマコ,コマコ,209_KC08_k_050.wav,komako,,0,,,,,,,,Uh... that way of putting it is a little sneaky...
377600 ,,,,,2280020,,,,,,,,,,,,,,,"She turns her eyes away with a ''pui'' sound, and as Komako-chan's pussy is exposed, I press my lips against it and thrust my tongue into that tight hole with a ''chupo'' sound."
377700 ,,,,,2280020,,,,,,,,,,,,,,,The thicker taste of menstrual blood stings my tongue. Komako-chan's vaginal opening tightly grips my tongue.
377800 ,,,,,2280020,,コマコ,コマコ,209_KC08_k_051.wav,komako,,0,,,,,,,,"Hyaunnnnn......nnn, d, da, kara......"
377900 ,,,,,2280020,,主人公,＜名＞,,,,,,,,,,,,"Come on? Can I lick it? Just licking. I won't do anything Komako-chan doesn't like, and it'll feel good, and from now on, I'll help you, Chi-chan..."
378000 ,,,,,2280020,,,,,,,,,,,,,,,Desperately pleading like that while sticking out and retracting her tongue in and out like she's loosening her vaginal opening with a *chupo chupo* sound.
378100 ,,,,,2280020,,,,,,,,,,,,,,,"Well, she seemed a bit reluctant, but Komako-chan nodded in agreement anyway."
378200 ,,,,,2280020,,コマコ,コマコ,209_KC08_k_052.wav,komako,,0,,,,,,,,"Well... Uncle, the puppy is worse than our Raika in terms of obedience... I guess there's no way around it. Fine, it's okay."
378300 ,,,,,2280020,,主人公,＜名＞,,,,,,,,,,,,"Wahhfuu! Thank you, Komako-chan. I'll make you feel really good!"
378400 ,,,,,2280020,,,,,,,,,,,,,,,"With the owner's consent and my tension fully rising, I launched into a full-on, drooling attack like a dumb dog, licking Komako-chan's slit."
378600 ,,,,,2280030,,コマコ,コマコ,209_KC08_k_053.wav,komako,,0,,,,,,,,"Ahhh......nnnghhh, n-no, not so suddenly so roughly......nnnghhhhh......"
378700 ,,,,,2280030,,主人公,＜名＞,,,,,,,,,,,,"Is it good? Hey, Komako-chan, is it good? *slurping*  *slurping* *slurping*"
378800 ,,,,,2280030,,コマコ,コマコ,209_KC08_k_054.wav,komako,,0,,,,,,,,"So that's why... nnnnngh... you don't want to hear that kind of thing... nngh, fwaaah, ahhh, it's embarrassing, right..."
378900 ,,,,,2280030,,,,,,,,,,,,,,,"She might say that with her head shaking back and forth, little Komako, but something other than menstrual blood was starting to overflow from her pussy."
379000 ,,,,,2280030,,,,,,,,,,,,,,,"Komako-chan's lewd broth flavor mixes with the taste of blood, creating an even filthier cocktail."
379100 ,,,,,2280030,,,,,,,,,,,,,,,"It already feels like it could be addictive, so erotic and delicious that I kept licking it in a daze."
379200 ,,,,,2280030,,コマコ,コマコ,209_KC08_k_055.wav,komako,,0,,,,,,,,"Nnngg......fuaah......hon-to ni ky? wa etchi suru tsumori nakatta no nii......nnnngg, ah, nnngg..."
379300 ,,,,,2280030,,主人公,＜名＞,,,,,,,,,,,,Wasn't there?'' or ''Didn't you have it?
379400 ,,,,,2280030,,コマコ,コマコ,209_KC08_k_056.wav,komako,,0,,,,,,,,"Such a lot... if my pussy is licked like that, it feels tingly... ahhhh, my stomach feels like it's throbbing..."
379500 ,,,,,2280030,,,,,,,,,,,,,,,Koma-chan's inner thighs are trembling with pleasure.
379600 ,,,,,2280030,,,,,,,,,,,,,,,"My tongue was being welcomed into the vaginal opening, which was twitching and contracting. Since I've been wiping away blood with my tongue for a while, there's more saliva than the blood."
379700 ,,,,,2280030,,,,,,,,,,,,,,,"And on top of that, the love juices overflowing from Komako-chan's insides had mixed in, soaking her completely in a lewd, sticky mess."
379800 ,,,,,2280030,,コマコ,コマコ,209_KC08_k_057.wav,komako,,0,,,,,,,,"Fwaaaahhhh......nnnnnghhh...... my pussy is so hot...... nnghhh, inside my pussy, your tongue goes in and out......"
379900 ,,,,,2280030,,主人公,＜名＞,,,,,,,,,,,,Does that make you feel horny?
380000 ,,,,,2280030,,コマコ,コマコ,209_KC08_k_058.wav,komako,,0,,,,,,,,"S-s, I don't know... nnnngh... so, you shouldn't ask embarrassing things... nnn, even though I'm saying... nnngh..."
380100 ,,,,,2280030,,主人公,＜名＞,,,,,,,,,,,,"Sorry, because Komako-chan's here has been filled with so many naughty flavors."
380200 ,,,,,2280030,,コマコ,コマコ,209_KC08_k_059.wav,komako,,0,,,,,,,,"'Don't say things like that... nngh, fwaaahh... ahhh, nngh, uncle, you have no tact... nnghhh!'"
380300 ,,,,,2280030,,,,,,,,,,,,,,,"It's that Komako-chan, but every time I lick her, her voice gets sweeter and more sluggish."
380400 ,,,,,2280030,,,,,,,,,,,,,,,"A cocktail of mixed saliva, love juices, and menstrual blood slowly ran down my thigh."
380500 ,,,,,2280030,,,,,,,,,,,,,,,"The clitoris, where my tongue touches, seems to be trembling and saying, ''That feels so good.''"
380600 ,,,,,2280030,,コマコ,コマコ,209_KC08_k_060.wav,komako,,0,,,,,,,,"Nnnn... basically, the puppy doesn't even lick inside the pussy, does he... mmmm..."
380700 ,,,,,2280030,,主人公,＜名＞,,,,,,,,,,,,"Oh, I see. Then I'll lick other places too."
380800 ,,,,,2280040,,コマコ,コマコ,209_KC08_k_061.wav,komako,,0,,,,,,,,"''Huh? Ah, f-f-f-f"
380900 ,,,,,2280040,,,,,,,,,,,,,,,"Because Komako-chan was being mean, I found myself wanting to tease her too, so I pulled out my tongue from inside and licked up her clitoris."
381000 ,,,,,2280040,,,,,,,,,,,,,,,"That place, which I hadn't licked yet, had a slight taste of blood."
381100 ,,,,,2280040,,,,,,,,,,,,,,,"Because of the excitement from the tongue stimulation just now, my cock was already rock-hard."
381200 ,,,,,2280030,,コマコ,コマコ,209_KC08_k_062.wav,komako,,0,,,,,,,,"Hya-fu... nnnngh, Clit-chan... Clit-chan is... no good... because, that..."
381300 ,,,,,2280030,,主人公,＜名＞,,,,,,,,,,,,"You know, right, Komako-chan? Kuri-chan is weak, isn't she? When she gets licked, her pussy gets all horny, doesn't she?"
381400 ,,,,,2280030,,,,,,,,,,,,,,,I always watched you playing with the clit while having lesbian sex with Chi-chan.
381500 ,,,,,2280030,,,,,,,,,,,,,,,"The foreskin is being gently licked and rolled around the hard, erect clit with a soft tongue."
381600 ,,,,,2280030,,,,,,,,,,,,,,,Then Komako-chan turned her back sadly while shaking her knees.
381700 ,,,,,2280030,,コマコ,コマコ,209_KC08_k_063.wav,komako,,0,,,,,,,,"Nnnnnnngh! The depths of my pussy are getting all tight and squishy... No... not there... no... nngh, kuh, nnnnngh!"
381800 ,,,,,2280030,,主人公,＜名＞,,,,,,,,,,,,Is this okay? Then how about this one?
381900 ,,,,,2280040,,コマコ,コマコ,209_KC08_k_064.wav,komako,,0,,,,,,,,"Ah, uhhh, huhhh, th-that, that place, is, that th-that..."
382000 ,,,,,2280040,,,,,,,,,,,,,,,"She was told not to touch the clitoris, so this time she poked the urethral opening right below it with her tongue. She could taste a hint of urine."
382100 ,,,,,2280040,,,,,,,,,,,,,,,"Prodding and playing with that tiny, needle-like hole―the narrowest and smallest opening in Komako-chan's body―with my tongue."
382300 ,,,,,2280040,,コマコ,コマコ,209_KC08_k_065.wav,komako,,0,,,,,,,,"Ah, ahh, nnghh, hiiiiuuhh, nooo, there... I think I'm gonna pee..."
382400 ,,,,,2280040,,,,,,,,,,,,,,,Komako-chan was slightly spreading her legs as she spoke in a voice on the verge of tears.
382500 ,,,,,2280040,,,,,,,,,,,,,,,"If you're told something like that, I get so excited that I can't stop even more."
382600 ,,,,,2280040,,主人公,＜名＞,,,,,,,,,,,,"It's okay, I'll drink Komako-chan's pee."
382700 ,,,,,2280040,,コマコ,コマコ,209_KC08_k_066.wav,komako,,0,,,,,,,,"Nn, it's no good! No, it's no good, okay? ...Nnnnnngh, that's bad... hyaa, don't lick... nnnnnghhh!"
382800 ,,,,,2280040,,主人公,＜名＞,,,,,,,,,,,,"Then, I'll lick your pussy again."
382900 ,,,,,2280040,,コマコ,コマコ,209_KC08_k_067.wav,komako,,0,,,,,,,,"Fuh-ahhhhhhhh!! Hiiiiinnn!! Ahhh!! Y-yah, somehow, it's... more than before...?"
383000 ,,,,,2280040,,,,,,,,,,,,,,,"I was told ''no,'' so I'll try licking around the entrance of the pussy again with a *chup-chup* sound."
383100 ,,,,,2280040,,,,,,,,,,,,,,,"So, was it because he had become more sensitive, or was it because he was responding even more intensely than before?"
383200 ,,,,,2280040,,コマコ,コマコ,209_KC08_k_068.wav,komako,,0,,,,,,,,"Ah, nnnngh......hyaaah, ahhh......no, nnnngh, my pussy's melting......it's just so sensitive now, nnnngh......"
383300 ,,,,,2280040,,主人公,＜名＞,,,,,,,,,,,,"Your pussy, no good? You've been saying 'no' to me since earlier, haven't you, Komako?"
383400 ,,,,,2280040,,コマコ,コマコ,209_KC08_k_069.wav,komako,,0,,,,,,,,"Because, becauseeee......nnnghhh, the old man's perverted way of licking, keeps happening......fwaaaahhhh!"
383500 ,,,,,2280040,,主人公,＜名＞,,,,,,,,,,,,"Because, I want to have sex with Komako-chan. Komako-chan also said it's okay to do it."
383600 ,,,,,2280040,,,,,,,,,,,,,,,"So, I doubled down and this time I latched onto her clitoris."
383700 ,,,,,2280040,,,,,,,,,,,,,,,Suck gently on the small bean while pressing the foreskin with your lips. I also tried licking the tip with the tip of my tongue in a chiro-chiro motion.
383800 ,,,,,2280040,,,,,,,,,,,,,,,"With a start, as if struck by electricity, Komako-chan jerked backward violently."
383900 ,,,,,2280040,,コマコ,コマコ,209_KC08_k_070.wav,komako,,0,,,,,,,,"Hyaaaahhh, K-Kurichan is... noooo... my stomach is going kyun~tt..."
384000 ,,,,,2280040,,主人公,＜名＞,,,,,,,,,,,,"Rero rero...... un un, my stomach is going kyun, what's gonna happen?"
384100 ,,,,,2280030,,コマコ,コマコ,209_KC08_k_071.wav,komako,,0,,,,,,,,"Oma... the itchiness of my pussy is getting really intense...... it's throbbing, and it's getting so hot...... it's so hot......"
384200 ,,,,,2280030,,,,,,,,,,,,,,,"It seems that if you play around the area of the clitoris and the vagina, the vagina would get so aroused that it becomes unbearable."
384300 ,,,,,2280030,,,,,,,,,,,,,,,"So if I keep playing around with just the entrance area like that, maybe Komako-chan will even start begging for my cock on her own?"
384400 ,,,,,2280030,,,,,,,,,,,,,,,"With such expectations in mind, I further devoted myself to oral service with passion."
384500 ,,,,,2280030,,主人公,＜名＞,,,,,,,,,,,,"Hey, hey, does that mean your pussy feels itchy and you might want me to put my dick inside you?"
384600 ,,,,,2280040,,コマコ,コマコ,209_KC08_k_072.wav,komako,,0,,,,,,,,Ahhhhhh!!!
384700 ,,,,,2280040,,,,,,,,,,,,,,,"When I asked just to try, Komako-chan blushed obviously and averted her eyes. Her ears were bright red and she was trembling."
384800 ,,,,,2280040,,コマコ,コマコ,209_KC08_k_073.wav,komako,,0,,,,,,,,''S-s-s-s
384900 ,,,,,2280040,,,,,,,,,,,,,,,"She might say that with her mouth, little Komako, but her ass is wriggling like she wants something, and her pussy's entrance is twitching."
385000 ,,,,,2280040,,,,,,,,,,,,,,,It looks like they're saying ''I want to eat your dick~'' while opening their mouth like ''paku paku.''
385100 ,,,,,2280040,,,,,,,,,,,,,,,"Alright, now that it's like this, I'll work hard to make your pussy itch more and more until Komako-chan asks for my cock on her own!"
385200 ,,,,,2280040,,,,,,,,,,,,,,,"Oh, now that you mention it, just now ―"
385300 ,,,,,2280040,,コマコ,コマコ,209_KC08_k_074.wav,komako,,0,,,,,,,,"W-W-What!? N-No, that's why, that's the... hole for peeing, okay!? It's a bad place to go, okay!?"
385400 ,,,,,2280040,,主人公,＜名＞,,,,,,,,,,,,"Yeah, yeah, so, let's clean up the uncle dog's tongue really well, okay?"
385500 ,,,,,2280040,,,,,,,,,,,,,,,"I remembered what she said about how licking the pee hole makes you want to pee, and I started poking at the urethral opening again."
385600 ,,,,,2280040,,,,,,,,,,,,,,,"So if that happens, your pussy would tighten up and feel sore, and you could even pee while drinking. It's like killing two birds with one stone, isn't it?"
385700 ,,,,,2280040,,,,,,,,,,,,,,,"Komako-chan tries to run away with her face as red as a beet, pulling her butt, but of course, she won't be let off that easily."
385800 ,,,,,2280040,,コマコ,コマコ,209_KC08_k_075.wav,komako,,0,,,,,,,,"Nnngg, no... it's bad... if you lick there, I'm really gonna... I might pee..."
385900 ,,,,,2280040,,主人公,＜名＞,,,,,,,,,,,,"Okay, okay, go ahead and let it out. Once you let it out, Uncle will drink it all for you."
386000 ,,,,,2280040,,コマコ,コマコ,209_KC08_k_076.wav,komako,,0,,,,,,,,"That's no good! H-H-It's too embarrassing, right?! It's really no good~! F-f-f-f"
386200 ,,,,,2280040,,,,,,,,,,,,,,,"She said ''no,'' but when you kneaded her pee-hole with the tip of your tongue, Komako-chan became so weak in the hips that she couldn't move."
386300 ,,,,,2280040,,,,,,,,,,,,,,,Sometimes my waist just jumps up with a ''piku'' sound.
386400 ,,,,,2280030,,コマコ,コマコ,209_KC08_k_077.wav,komako,,0,,,,,,,,"A...... hey, um, really...... really, no, um, no, right? Uuuuuuuh, pee, pee, I'm gonna pee!"
386500 ,,,,,2280030,,,,,,,,,,,,,,,"It seems like he's really in a desperate situation, and his urethral opening started twitching."
386600 ,,,,,2280030,,,,,,,,,,,,,,,"But if you say that, Uncle will just get more energetic and start moving his tongue even more."
386700 ,,,,,2280030,,,,,,,,,,,,,,,"No, it's not just licking―it also slurps."
386800 ,,,,,2280030,,コマコ,コマコ,209_KC08_k_078.wav,komako,,0,,,,,,,,''Hiiiiii
386900 ,,,,,2280030,,,,,,,,,,,,,,,"Like kissing a tiny hole over and over again, sucking repeatedly."
387000 ,,,,,2280030,,,,,,,,,,,,,,,"Each time, blood-tinged vaginal fluid dripped down her inner thighs."
387100 ,,,,,2280030,,,,,,,,,,,,,,,Komako-chan is already half-crying. Maybe she really needs to pee.
387200 ,,,,,2280030,,主人公,＜名＞,,,,,,,,,,,,"So, I'm saying you can take as much as you want, right? I'll drink it for you."
387300 ,,,,,2280030,,コマコ,コマコ,209_KC08_k_079.wav,komako,,0,,,,,,,,Nnnnngh! How embarrassing... being watched by an old man while peeing... and wetting myself? No way...
387400 ,,,,,2280030,,主人公,＜名＞,,,,,,,,,,,,"I won't tell anyone, *peppero*"
387500 ,,,,,2280030,,コマコ,コマコ,209_KC08_k_080.wav,komako,,0,,,,,,,,"It's not that kind of problem... ahh, nnn, ahhh, even Kurichan can't take it... I'm getting even more... I want to pee... uuuhh!"
387600 ,,,,,2280030,,,,,,,,,,,,,,,"The urethral opening and clitoris were licked all over in a sloppy way, and as the tongue moved back and forth, Komako-chan's voice became even more lewd."
387700 ,,,,,2280030,,,,,,,,,,,,,,,I heard something good.
387800 ,,,,,2280030,,,,,,,,,,,,,,,"Stimulate both the clitoris and the urethral opening thoroughly with the tip of your tongue, rubbing them together in a wet, slurping motion."
387900 ,,,,,2280030,,コマコ,コマコ,209_KC08_k_081.wav,komako,,0,,,,,,,,"N-no, stopppp! It's coming out, I'm peeing! Stop it, let me go to the bathroom... nnnghhhh!"
388000 ,,,,,2280030,,主人公,＜名＞,,,,,,,,,,,,You can think of Uncle's mouth as the toilet! Lick lick!
388100 ,,,,,2280030,,コマコ,コマコ,209_KC08_k_082.wav,komako,,0,,,,,,,,"Things like that...... nngh, it's impossible, nngh, right?...... nooo, nooo, it's really no good......"
388200 ,,,,,2280030,,,,,,,,,,,,,,,"It looks like he's not even trying to stand up to go to the bathroom, so maybe he's in a state where if he actually moves, he'll leak."
388300 ,,,,,2280030,,,,,,,,,,,,,,,"Well, it's not like we'd just let you go like that, though."
388400 ,,,,,2280030,,,,,,,,,,,,,,,"If things have come to this, I'll definitely drink Komako-chan's pee to prove it!"
388500 ,,,,,2280040,,コマコ,コマコ,209_KC08_k_083.wav,komako,,0,,,,,,,,"Please... uncle, don't lick Kuri-chan's pee hole anymore... *hiuuuu*, nooo! It's leaking, sooo..."
388600 ,,,,,2280040,,主人公,＜名＞,,,,,,,,,,,,"Kurichan and the pee hole, no good? Then, I'll lick your pussy again."
388700 ,,,,,2280040,,コマコ,コマコ,209_KC08_k_084.wav,komako,,0,,,,,,,,"''Eh, ahhh, w-w-well, that is... hyaaaaaaa"
388800 ,,,,,2280040,,,,,,,,,,,,,,,"Even after changing the target to her pussy, Komako-chan's reaction didn't change."
388900 ,,,,,2280040,,,,,,,,,,,,,,,"Now my entire groin area has become obscenely developed, and it seems like it's become overly sensitive, so it feels like touching anywhere leads to the urge to urinate."
389000 ,,,,,2280040,,,,,,,,,,,,,,,"She deliberately licks your pussy in and out slowly, like she's teasing you."
389100 ,,,,,2280040,,主人公,＜名＞,,,,,,,,,,,,"Too intense... chup, it feels bad... *slurp*, slowly, chup, let me try that, chup-pong!"
389200 ,,,,,2280040,,コマコ,コマコ,209_KC08_k_085.wav,komako,,0,,,,,,,,"''U, ku...... ya, a...... hiiiiii"
389300 ,,,,,2280040,,主人公,＜名＞,,,,,,,,,,,,"Is that so? *slurping sounds*... If I do it like this, *slurp*, does it make you want to pee? *slurp*"
389400 ,,,,,2280030,,コマコ,コマコ,209_KC08_k_086.wav,komako,,0,,,,,,,,"Naruhhhh, narukara, m? muri, dame, moretchau no, omorashi iya nano, dameeeee!"
389500 ,,,,,2280030,,,,,,,,,,,,,,,"But no matter what I say, Komako-chan still hasn't peed yet."
389600 ,,,,,2280030,,,,,,,,,,,,,,,"Komako-chan trying her hardest to hold it in is cute, but they say holding in your pee too much isn't good for your body..."
389700 ,,,,,2280030,,主人公,＜名＞,,,,,,,,,,,,"That's fine, that's fine. It's not embarrassing, old man. I won't tell anyone, and I won't laugh either."
389800 ,,,,,2280030,,コマコ,コマコ,209_KC08_k_087.wav,komako,,0,,,,,,,,Haa... haa... it's not that kind of problem... nnghhhh... hiiuuuuu... nnghhhhhh...
389900 ,,,,,2280030,,主人公,＜名＞,,,,,,,,,,,,"So, drink lots of pee for me, Komako-chan. I love you so much!"
390000 ,,,,,2280030,,,,,,,,,,,,,,,"Like a final push, I said, and I pressed my mouth against Komako-chan's crotch."
390100 ,,,,,2280030,,,,,,,,,,,,,,,"Just like that, suck hard on the urethral opening and, to encourage urination, flick the tip of your tongue against the pee hole."
390200 ,,,,,2280030,,,,,,,,,,,,,,,That was the final blow.
390400 ,,,,,2280040,,コマコ,コマコ,209_KC08_k_088.wav,komako,,0,,,,,,,,"''Oh no, it's no good! It's coming out, I'm gonna cummmmm! Ahhhhhhh"
390500 ,,<!se_piss>,,,2280060,,,,,,,,,,,,,,,Jororor
390600 ,,,,,2280060,,,,,,,,,,,,,,,A golden fountain gushed out forcefully from Komako-chan's crotch.
390700 ,,,,,2280060,,コマコ,コマコ,209_KC08_k_089.wav,komako,,0,,,,,,,,"Ah, ahh, yahhh, nooo, I can't stop ittt, nooo, it's no good even thoughhhh..."
390800 ,,,,,2280060,,,,,,,,,,,,,,,"Komako-chan is about to cry from embarrassment, but of course, once pee comes out, it can't just stop easily."
390900 ,,,,,2280060,,,,,,,,,,,,,,,You must have been holding back pretty hard.
391000 ,,,,,2280060,,,,,,,,,,,,,,,"The tiny amount of urine, dripping and dribbling from somewhere on his small body, flowed into my mouth in such a large quantity that I couldn't believe it, overflowing and splashing onto my face."
391100 ,,,,,2280060,,コマコ,コマコ,209_KC08_k_090.wav,komako,,0,,,,,,,,"Faaaaahhhh... it's embarrassing, but I'm cumming... uuuuuuuuhhhh, I peed on your face, Uncle..."
391200 ,,,,,2280060,,,,,,,,,,,,,,,"Komako-chan was blushing shyly, but her expression of liberation and ecstasy was so cute that just watching her squirm while getting peed on was already too much to handle."
391300 ,,,,,2280060,,,,,,,,,,,,,,,"Well, I mean, my whole face is splattered with Komako-chan's pee, surrounded by the smell of Komako-chan's pee, and I'm so happy I could die."
391400 ,,,,,2280060,,コマコ,コマコ,209_KC08_k_091.wav,komako,,0,,,,,,,,"I'm sorry...... uuuu, uncle, I wet myself, I'm sorry......"
391500 ,,,,,2280060,,,,,,,,,,,,,,,"Komako-chan started apologizing out of embarrassment, but of course, there's no need to worry about such things. In fact, it's more like a reward."
391600 ,,,,,2280060,,,,,,,,,,,,,,,"I want to say that, but I'm too busy tasting the pee in my mouth to say it."
391700 ,,,,,2280060,,コマコ,コマコ,209_KC08_k_092.wav,komako,,0,,,,,,,,Faaaaah... stop already...
391800 ,,,,,2280060,,,,,,,,,,,,,,,"I enjoyed Komako-chan's urination shower thoroughly, as if I were in heaven."
392000 ,,<!scene_h_end>,,31,,,コマコ,コマコ,209_KC08_k_093.wav,"komako,privateC",,13,,,,,,,",'Haaaa... haaa... haaa... haaaaa... uu, I said it was gonna come out...'"
392100 ,,,,,,,,,,komako,,13,,,,,,,,"Komako-chan, with her breath hitching and eyes watery, glared at me shyly."
392200 ,,,,,,,,,,komako,,13,,,,,,,,The Komako-chan's pussy is still spread wide open right in front of my eyes.
392300 ,,,,,,,主人公,＜名＞,,komako,,13,,,,,,,,Komako-chan!
392400 ,,,,,,,コマコ,コマコ,209_KC08_k_094.wav,komako,,24,,,,,,,,''Kyaaaaaaa
392500 ,,,,,,,,,,,,,,,,,,,,I can't stand it anymore and pushed Komako down. I forcefully kissed her while reaching for her clothes.
392700 ,,<!scene_h_begin>,10,,2281000,,コマコ,コマコ,209_KC08_k_095.wav,komako,,0,,,,,,,,Nnnnnnngh!?
392800 ,,,,,2281000,,,,,,,,,,,,,,,Komako-chan was flailing around in my arms.
392900 ,,,,,2281000,,コマコ,コマコ,209_KC08_k_096.wav,komako,,0,,,,,,,,"W-What are you doing?! ... Umm, but, mister, you smell like pee..."
393000 ,,,,,2281000,,主人公,＜名＞,,,,,,,,,,,,"Uh, g, sorry."
393100 ,,,,,2281000,,,,,,,,,,,,,,,"By the way, I had just gotten splashed with Komako-chan's pee. It's a reward for me, but Komako-chan probably hates it."
393200 ,,,,,2281000,,,,,,,,,,,,,,,"For now, I'll roughly wipe my face with a tissue."
393300 ,,,,,2281000,,主人公,＜名＞,,,,,,,,,,,,"Sorry, I couldn't help myself when I started licking Komako-chan's butt..."
393400 ,,,,,2281000,,コマコ,コマコ,209_KC08_k_097.wav,komako,,0,,,,,,,,I wanna do it now!
393500 ,,,,,2281000,,主人公,＜名＞,,,,,,,,,,,,Uh-huh.
393600 ,,,,,2281000,,,,,,,,,,,,,,,"When she nodded obediently, Komako-chan looked a little troubled."
393700 ,,,,,2281000,,,,,,,,,,,,,,,"But, I won't let it get any more violent or try to run away. Is that okay? I thought, and rubbed my erect cock against Komako-chan's there."
393800 ,,,,,2281000,,コマコ,コマコ,209_KC08_k_098.wav,komako,,0,,,,,,,,"Y-yahhh... today, you said we wouldn't do anything naughty..."
393900 ,,,,,2281000,,主人公,＜名＞,,,,,,,,,,,,"Sorry, sorry, old man, I don't just want to kiss you―I want to do it too. Woof woof."
394000 ,,,,,2281000,,,,,,,,,,,,,,,"Not yet fully inserted, but with a dog in full rut-like motion, I grind my cock against my slippery, saliva- and love-juice-soaked pussy."
394100 ,,,,,2281010,,コマコ,コマコ,209_KC08_k_099.wav,komako,,0,,,,,,,,"N-no, that's no good... I mean, like... you're gonna get pregnant, right?"
394200 ,,,,,2281010,,,,,,,,,,,,,,,"Komako-chan hesitantly pulls back her waist, looking a little scared."
394300 ,,,,,2281010,,,,,,,,,,,,,,,"But if you say that kind of thing, my dick gets even harder. Komako-chan could get pregnant."
394400 ,,,,,2281010,,,,,,,,,,,,,,,"Oh no, I'm getting excited."
394500 ,,,,,2281010,,主人公,＜名＞,,,,,,,,,,,,"If you don't put the baby's seed in your stomach, it'll be fine. Right? Just a little, just a little, okay?"
394600 ,,,,,2281010,,コマコ,コマコ,209_KC08_k_100.wav,komako,,0,,,,,,,,"E, de, demo......"
394700 ,,,,,2281010,,,,,,,,,,,,,,,"Gently poked at Komako-chan's entrance with my cock. Then, I sucked on Komako-chan's breasts in a clingy way."
394800 ,,,,,2281010,,,,,,,,,,,,,,,"Licking the nipple like a dog, slobbering all over it while pouting with a sideways glance."
394900 ,,,,,2281010,,主人公,＜名＞,,,,,,,,,,,,"Let me do it...? Please... just today! It hurts, Uncle's dick. I really love Komako-chan..."
395000 ,,,,,2281000,,コマコ,コマコ,209_KC08_k_101.wav,komako,,0,,,,,,,,"Eh, ah, uh, uuuh... but you said we wouldn't do it..."
395100 ,,,,,2281000,,,,,,,,,,,,,,,"Because we had talked about it just now, maybe, when I said ''I like you,'' the force pushing my body back weakened."
395200 ,,,,,2281000,,,,,,,,,,,,,,,"Rather, there's much less resistance than before."
395300 ,,,,,2281000,,主人公,＜名＞,,,,,,,,,,,,"Please. I'll definitely make you feel good. Even Komako-chan must get all tingly just from the entrance of her pussy, right?"
395400 ,,,,,2281000,,,,,,,,,,,,,,,I wanted to tease and make them beg more... but my own rationality couldn't hold out.
395500 ,,,,,2281000,,,,,,,,,,,,,,,I'm already itching to sink into Komako-chan's precious maiden pussy now that her first period has come.
395600 ,,,,,2281000,,コマコ,コマコ,209_KC08_k_102.wav,komako,,0,,,,,,,,It's not like that... I don't want to have sex with Uncle at all...
395700 ,,,,,2281000,,主人公,＜名＞,,,,,,,,,,,,"Uncle wants to do it! Because he likes Komako-chan! So much, really likes her. So, let him do it!"
395800 ,,,,,2281000,,コマコ,コマコ,209_KC08_k_103.wav,komako,,0,,,,,,,,"'.........well, even if you say that... it's no good anymore...'"
395900 ,,,,,2281000,,,,,,,,,,,,,,,"While averting her eyes, Komako-chan says such things, and I flick her nipple with my tongue. Then, the entrance of her pussy, which is touching my dick, twitched."
396000 ,,,,,2281000,,,,,,,,,,,,,,,"It felt like I was being welcomed, so I couldn't help but push my glans in with a *nup*."
396200 ,,,,,2281010,,コマコ,コマコ,209_KC08_k_104.wav,komako,,0,,,,,,,,Uuuuuuuuuhhhhhhhh!!!
396300 ,,,,,2281010,,,,,,,,,,,,,,,"Because Komako-chan flinched, it didn't go all the way in and came out."
396400 ,,,,,2281010,,,,,,,,,,,,,,,"But the glans slid up the slit with a wet sound, rubbing against the underside."
396500 ,,,,,2281010,,,,,,,,,,,,,,,A shiver of pleasure runs down my spine.
396600 ,,,,,2281010,,コマコ,コマコ,209_KC08_k_105.wav,komako,,0,,,,,,,,"But you said no, so why are you trying to do something naughty?"
396700 ,,,,,2281010,,,,,,,,,,,,,,,"Komako-chan flustered, flails her legs around."
396800 ,,,,,2281010,,,,,,,,,,,,,,,"While firmly pinning down her feet, I once again pressed my cockhead against Komako-chan's narrow, yet slippery hole."
396900 ,,,,,2281010,,主人公,＜名＞,,,,,,,,,,,,"So, that's why I like it! Even Komako-chan would be sad if she was rejected by chi-chan for something naughty, right?"
397000 ,,,,,2281010,,コマコ,コマコ,209_KC08_k_106.wav,komako,,0,,,,,,,,"Well, that's true, but..."
397100 ,,,,,2281010,,主人公,＜名＞,,,,,,,,,,,,Didn't you ask to be let do it or try various things to make someone want to have sex with you?
397200 ,,,,,2281000,,コマコ,コマコ,209_KC08_k_107.wav,komako,,0,,,,,,,,"Uh, that is, that... do... but, well, um... my uncle's... that..."
397300 ,,,,,2281000,,,,,,,,,,,,,,,"Komako-chan, with a troubled look, was frantically trying to escape from Uncle's dick by wiggling her ass around."
397400 ,,,,,2281000,,,,,,,,,,,,,,,"But, such movements might look like they're inviting you, making me even more excited."
397500 ,,,,,2281000,,主人公,＜名＞,,,,,,,,,,,,"Even a baby wants to be born, right? Even Uncle wants Komako to have a baby! I want to do it with her!"
397600 ,,,,,2281010,,コマコ,コマコ,209_KC08_k_108.wav,komako,,0,,,,,,,,"Y-yah... but, well, even getting pregnant with a baby is..."
397700 ,,,,,2281010,,主人公,＜名＞,,,,,,,,,,,,"Well then, let's say I'll tolerate that much―don't come inside! So, let me have you! Please, let me have you~!!"
397800 ,,,,,2281010,,コマコ,コマコ,209_KC08_k_109.wav,komako,,0,,,,,,,,"Nn, fuahh... s, don't squirm so much with your dick like that..."
397900 ,,,,,2281010,,主人公,＜名＞,,,,,,,,,,,,"Hey hey, if your tits get licked, even Komako would want to get frisky, right?"
398000 ,,,,,2281010,,コマコ,コマコ,209_KC08_k_110.wav,komako,,0,,,,,,,,"Ah, nngg, nooo... I just came, so... there... it feels so good... nngg, my stomach's going kyun..."
398100 ,,,,,2281010,,,,,,,,,,,,,,,"While licking her nipple, as I pushed the tip of my cock against her entrance, Komako-chan's resistance gradually weakened."
398200 ,,,,,2281010,,,,,,,,,,,,,,,"Well, as for it, the pussy is quivering and twitching, and it's sucking on the dick like it's craving something."
398300 ,,,,,2281010,,コマコ,コマコ,209_KC08_k_111.wav,komako,,0,,,,,,,,"Haaaa... haaaa... haaaa... Uncle, that's not fair... You said you wouldn't... do it... but, nngh... your dick..."
398400 ,,,,,2281010,,主人公,＜名＞,,,,,,,,,,,,"Sorry, I really like all of these too, because of Komako-chan, okay?!"
398500 ,,,,,2281010,,,,,,,,,,,,,,,"Finally, Komako-chan gave up and stopped shaking her hips."
398600 ,,,,,2281010,,,,,,,,,,,,,,,"Without hesitation, the head sinks in with a *zupuri* sound."
398700 ,,,,,2281010,,,,,,,,,,,,,,,"Just like that, this time thrusting all the way in to the hilt without pulling out."
398900 ,,,,,2281020,,コマコ,コマコ,209_KC08_k_112.wav,komako,,0,,,,,,,,''Hyaaaaaaa
399000 ,,,,,2281020,,,,,,,,,,,,,,,"When it was pushed all the way in, the folds of Komako-chan's vagina, which had melted like a half-melted marshmallow, tightly wrapped around it in a hot, gooey way."
399100 ,,,,,2281020,,,,,,,,,,,,,,,"It looks like the old man's dick is being warmly welcomed, and it's being sucked in with a ''kyukkyuk'' sound."
399200 ,,,,,2281020,,,,,,,,,,,,,,,But Komako-chan's face was swollen and scowling.
399300 ,,,,,2281020,,コマコ,コマコ,209_KC08_k_113.wav,komako,,0,,,,,,,,You said it was no good... Uncle's liar. Broke the promise again...
399400 ,,,,,2281020,,,,,,,,,,,,,,,"I was looked up at with tearful eyes. But, unlike before, I wasn't called things like ''hated'' or ''stupid.''"
399500 ,,,,,2281020,,,,,,,,,,,,,,,"So, maybe Komako-chan isn't really that opposed to it after all, right?"
399600 ,,,,,2281020,,,,,,,,,,,,,,,"And by the way, Komako-chan today is incredibly kind."
399700 ,,,,,2281020,,主人公,＜名＞,,,,,,,,,,,,Sorry. I'll make today the last time I force myself on you after breaking my promise.
399800 ,,,,,2281020,,コマコ,コマコ,209_KC08_k_114.wav,komako,,0,,,,,,,,Really?... For sure?
399900 ,,,,,2281020,,主人公,＜名＞,,,,,,,,,,,,"Really, really. But, but, since Uncle likes Komako-chan so much, can you understand why he would do something like this?"
400000 ,,,,,2281020,,コマコ,コマコ,209_KC08_k_115.wav,komako,,0,,,,,,,,...I know that. Uncle is a dog who can't hold back his love for you.
400100 ,,,,,2281020,,,,,,,,,,,,,,,"It was said in a way that made me feel exasperated, but just knowing that you understand was enough."
400200 ,,,,,2281020,,,,,,,,,,,,,,,"With a slow, rhythmic motion, using your hips, stimulate the sensitive area of Komako-chan's rough upper vaginal walls while whispering to her."
400300 ,,,,,2281020,,主人公,＜名＞,,,,,,,,,,,,"So... from now on, will you sometimes do this kind of thing with me? I won't force you, okay?"
400400 ,,,,,2281020,,コマコ,コマコ,209_KC08_k_116.wav,komako,,0,,,,,,,,"Nnngg......eh? S, so, what does that mean......? Why......?"
400500 ,,,,,2281020,,,,,,,,,,,,,,,"She feels the area being teased thoroughly, and Komako-chan furrows her brows."
400600 ,,,,,2281020,,主人公,＜名＞,,,,,,,,,,,,"Uncle, I'll help with Komako-chan and chi-chan from now on... so, as a reward, can I have some fun with you?"
400700 ,,,,,2281020,,コマコ,コマコ,209_KC08_k_117.wav,komako,,0,,,,,,,,"Nnnnngh...... ah, nngh, w-well, that's weird... I mean, my boyfriend is so young..."
400800 ,,,,,2281020,,主人公,＜名＞,,,,,,,,,,,,"Yeah, so you think Uncle is not your main love interest but a lover?"
400900 ,,,,,2281020,,コマコ,コマコ,209_KC08_k_118.wav,komako,,0,,,,,,,,Mistress...?
401000 ,,,,,2281020,,主人公,＜名＞,,,,,,,,,,,,"You're talking about someone you've had sex with besides your favorite person. Sir, you could be Komako's lover."
401100 ,,,,,2281020,,,,,,,,,,,,,,,I still want to have Komako-chan all to myself.
401200 ,,,,,2281020,,,,,,,,,,,,,,,"But more than anything, if Komako-chan likes me and I can be by Komako-chan's side, then anything would be fine."
401300 ,,,,,2281020,,主人公,＜名＞,,,,,,,,,,,,"Hey? Like this, I'll make Komako-chan feel good... so let's do something naughty with Uncle that you can't do with Chi-chan?"
401400 ,,,,,2281020,,コマコ,コマコ,209_KC08_k_119.wav,komako,,0,,,,,,,,Can't do anything naughty with Chi-chan...
401500 ,,,,,2281020,,主人公,＜名＞,,,,,,,,,,,,"With your dick, like this... your pussy getting squishy-squishy like that... isn't that nice?"
401600 ,,,,,2281020,,コマコ,コマコ,209_KC08_k_120.wav,komako,,0,,,,,,,,Nnnn... nnnnnnn...
401700 ,,,,,2281020,,,,,,,,,,,,,,,Komako-chan tightly clenches her lips and falls into thought.
401800 ,,,,,2281020,,,,,,,,,,,,,,,"But inside your pussy, it keeps twitching uncontrollably, and you're loving the way my cock is stimulating your depths and G-spot."
401900 ,,,,,2281020,,コマコ,コマコ,209_KC08_k_121.wav,komako,,0,,,,,,,,"Huh, you really won't force me to do something dirty? You won't even cum inside my pussy or anything...?"
402000 ,,,,,2281020,,主人公,＜名＞,,,,,,,,,,,,"Don't do that! So, sometimes let me have sex as a reward! Make Uncle a lover of Komako-chan!"
402100 ,,,,,2281020,,,,,,,,,,,,,,,"Desperately pleading like that while thrusting the fully inserted cock in and out, grinding it around to make the vaginal depths echo."
402200 ,,,,,2281020,,,,,,,,,,,,,,,"Then, Komako-chan let out a sweet sigh she couldn't hold back and nodded."
402300 ,,,,,2281020,,コマコ,コマコ,209_KC08_k_122.wav,komako,,0,,,,,,,,"Nnngh, nnngh... okay, I'll make you my lover, old man..."
402400 ,,,,,2281020,,主人公,＜名＞,,,,,,,,,,,,"Huh, really!?"
402500 ,,,,,2281020,,,,,,,,,,,,,,,It must mean the feeling of soaring to the heavens.
402600 ,,,,,2281020,,,,,,,,,,,,,,,"I'm so happy, so happy, that my dick feels like it's filling up with blood and seems even more swollen than usual."
402700 ,,,,,2281020,,コマコ,コマコ,209_KC08_k_123.wav,komako,,0,,,,,,,,Wha―?! Your dick is getting bigger again inside my stomach...?
402800 ,,,,,2281020,,主人公,＜名＞,,,,,,,,,,,,"Komako-chan, thank you! I'll make you feel really good!"
402900 ,,,,,2281020,,,,,,,,,,,,,,,I grabbed Komako-chan's waist just as she was and started to advance toward my first sex as a lover.
403100 ,,,,,2281030,,コマコ,コマコ,209_KC08_k_124.wav,komako,,0,,,,,,,,"Nnnnngh, nnnnnghhh!"
403200 ,,,,,2281030,,,,,,,,,,,,,,,"First, slowly and thoroughly, just like before, rub the head of my cock against Komako-chan's pleasure spot."
403300 ,,,,,2281030,,,,,,,,,,,,,,,"Well, if it's come to this, I'll take my time and make Komako-chan all slippery with my old man's dick."
403400 ,,,,,2281030,,,,,,,,,,,,,,,I want you to think that having sex with an uncle is better than having sex with Chi-chan.
403500 ,,,,,2281030,,主人公,＜名＞,,,,,,,,,,,,"How about it, Komako-chan? Komako-chan really loves it when her clit is rubbed with the tip of my dick, doesn't she?"
403600 ,,,,,2281030,,コマコ,コマコ,209_KC08_k_125.wav,komako,,0,,,,,,,,"Nn, nnn......s, s, that kind of thing, isn't... nnnnnngg, moonnnngg......"
403700 ,,,,,2281030,,主人公,＜名＞,,,,,,,,,,,,"Is that so? Every time this *guchu* sound happens, Komako-chan's pussy is squeezing my dick tightly."
403800 ,,,,,2281030,,コマコ,コマコ,209_KC08_k_126.wav,komako,,0,,,,,,,,"S-s, I don't know... don't say such embarrassing things... nnghhh, nnghhhh!"
403900 ,,,,,2281030,,,,,,,,,,,,,,,"Komako-chan seems to be trying really hard to hold back something that feels good. She doesn't have to do that, though."
404000 ,,,,,2281030,,,,,,,,,,,,,,,"Maybe you're worried that if you get too turned on by Uncle's dick, you'll feel bad about it, little girl?"
404100 ,,,,,2281030,,,,,,,,,,,,,,,"No no! The thing that makes Komako-chan's pussy feel the best is Uncle's dick, you know!"
404200 ,,,,,2281030,,コマコ,コマコ,209_KC08_k_127.wav,komako,,0,,,,,,,,"Nnngg!? Hiuuuhh, why are you... so slow... nnngg, my stomach... feels like it's being scraped... nnngg!"
404300 ,,,,,2281030,,主人公,＜名＞,,,,,,,,,,,,"I want to make Komako-chan feel good, so you see? If you do it like this, you can really tell how good it feels when your penis rubs against it, right?"
404400 ,,,,,2281030,,コマコ,コマコ,209_KC08_k_128.wav,komako,,0,,,,,,,,"S-s, I don't know......nnnnnnngh, s-so, that's why it's different... n, nmuuuuuugh!"
404500 ,,,,,2281030,,主人公,＜名＞,,,,,,,,,,,,"Have you never had this place, or this, played with by Chi-chan? It seems like you've been waiting forever, and the reaction is amazing!"
404600 ,,,,,2281030,,,,,,,,,,,,,,,"When her G-spot or inner depths were stimulated, Komako-chan would make her ass twitch."
404700 ,,,,,2281030,,,,,,,,,,,,,,,"I almost can't hold back my voice, and it's also cute how you bite your lips tightly every time."
404800 ,,,,,2281030,,コマコ,コマコ,209_KC08_k_129.wav,komako,,0,,,,,,,,"Noooo... because, nnngh, Chii-chan, you don't give me enough fingerin'... shit... it doesn't even reach all the way in, the back... shit..."
404900 ,,,,,2281030,,主人公,＜名＞,,,,,,,,,,,,"Oh, I see... So, only Uncle can make Komako-chan's place here or here feel good, huh?"
405000 ,,,,,2281030,,コマコ,コマコ,209_KC08_k_130.wav,komako,,0,,,,,,,,"Nnnnnnngh! Huh-uh, nnn... nnn... d-don't say things like that... it's embarrassing... nnn!"
405100 ,,,,,2281030,,主人公,＜名＞,,,,,,,,,,,,"Well, you see, if you don't properly remember how to make Komako-chan feel good as my lover, then..."
405200 ,,,,,2281030,,,,,,,,,,,,,,,Start thrusting rhythmically with a ''quick quick'' motion.
405300 ,,,,,2281030,,,,,,,,,,,,,,,"With each thrust of the glans pushing deep into the sensitive folds of her vagina, Komako would bite her lips."
405400 ,,,,,2281030,,,,,,,,,,,,,,,"But, the unspeakable, lewd gasps can't be killed off and leak from the corners of her mouth."
405500 ,,,,,2281030,,コマコ,コマコ,209_KC08_k_131.wav,komako,,0,,,,,,,,"Nnngh, nnngh... well, like, it feels good or... hinn, I didn't say that... mooo..."
405600 ,,,,,2281030,,主人公,＜名＞,,,,,,,,,,,,"Oh, I see. Well, I'll make sure you remember how good it feels. You'll remember old man's dick in your little pussy, Komako-chan."
405700 ,,,,,2281030,,コマコ,コマコ,209_KC08_k_132.wav,komako,,0,,,,,,,,Eh? Uh... ehh...?
405800 ,,,,,2281030,,主人公,＜名＞,,,,,,,,,,,,"Push your little pussy in and out more, Komako-chan, and rub the feel of my dick into your little pussy, huh!"
405900 ,,,,,2281030,,,,,,,,,,,,,,,"As I speak, gradually increasing the speed of thrusting upward."
406000 ,,,,,2281030,,,,,,,,,,,,,,,"Stimulate the front vaginal wall firmly with thrusts, driving all the way in and shaking the uterus."
406100 ,,,,,2281030,,,,,,,,,,,,,,,Komako-chan's pussy tightened up. It was as if she was trying to memorize the shape of the cock.
406200 ,,,,,2281030,,コマコ,コマコ,209_KC08_k_133.wav,komako,,0,,,,,,,,"Nnngh, nnngh... no, not like that... nnngh, don't... nnngh..."
406300 ,,,,,2281030,,主人公,＜名＞,,,,,,,,,,,,"Because I don't want to be forced, so unless Komako-chan asks me to have sex with her..."
406400 ,,,,,2281030,,コマコ,コマコ,209_KC08_k_134.wav,komako,,0,,,,,,,,"Nnngh, s-so, you can't say that kind of thing...... nnnghhh...... Chi-chan is...... that...... nnnghhh!"
406500 ,,,,,2281030,,主人公,＜名＞,,,,,,,,,,,,"Komako-chan, so that you'll want to do it with Uncle, remember how good Uncle's dick feels today, okay?"
406600 ,,,,,2281040,,コマコ,コマコ,209_KC08_k_135.wav,komako,,0,,,,,,,,"Nnngg, nooo... I don't remember... ugh, you're an idiot, uncle...!"
406800 ,,,,,2281040,,,,,,,,,,,,,,,"She might say that with her mouth, little Komako, but her body was already being honest, starting to wiggle her butt."
406900 ,,,,,2281040,,,,,,,,,,,,,,,"Wriggling her hips in a lewd way, she's rubbing her pleasure spots against me on her own."
407000 ,,,,,2281040,,主人公,＜名＞,,,,,,,,,,,,Hmm? It seems like Komako-chan's pussy already remembers how good my dick feels.
407100 ,,,,,2281040,,コマコ,コマコ,209_KC08_k_136.wav,komako,,0,,,,,,,,"Huh-uhhh, n-no, that's not true at all... ahh, huh-uhhh... d-don't be so rough, okayyy..."
407200 ,,,,,2281040,,主人公,＜名＞,,,,,,,,,,,,"Oh, you've got a sexy voice coming out now. That's nice, let me hear more."
407300 ,,,,,2281040,,コマコ,コマコ,209_KC08_k_137.wav,komako,,0,,,,,,,,"Ahhhhnnngg, nooo nooo, haaaahhhngg...... embarrassing...... so embarrassing, whyyyyy...... hiiuuuuuuggghhh"
407400 ,,,,,2281040,,,,,,,,,,,,,,,"Komako-chan, who couldn't bear the persistent teasing any longer, finally started letting out lewd sounds."
407500 ,,,,,2281040,,,,,,,,,,,,,,,"Once she started making a sound, it seemed impossible to hold it back, and with her hips writhing, Komako-chan kept panting embarrassingly."
407600 ,,,,,2281040,,コマコ,コマコ,209_KC08_k_138.wav,komako,,0,,,,,,,,"Nnngh... fahhh... so, don't be so rough... ugh... it's no good, it really isn't..."
407700 ,,,,,2281040,,主人公,＜名＞,,,,,,,,,,,,"Really, what is it?"
407800 ,,,,,2281040,,コマコ,コマコ,209_KC08_k_139.wav,komako,,0,,,,,,,,"Hon-to ni...... hi-uuuu, hi, aaa, obo-echa-uu...... watashi no asoko, ojisan no ochinpo, kimochi ii tte obo-echa-uuuu......"
407900 ,,,,,2281040,,,,,,,,,,,,,,,"If you say that, I'll just want to work even harder, won't I?"
408000 ,,,,,2281040,,コマコ,コマコ,209_KC08_k_140.wav,komako,,0,,,,,,,,"Ahhhhhh! Nooo? Why? Why do you have to go so hard again... huhuuuuh, ah, mo―really?"
408100 ,,,,,2281040,,主人公,＜名＞,,,,,,,,,,,,"Because, I want Komako-chan to remember how good my dick feels. And honestly, she probably already has, hasn't she?"
408200 ,,,,,2281040,,コマコ,コマコ,209_KC08_k_141.wav,komako,,0,,,,,,,,"Such a thing...... nnghhh, ahhh, such a thing...... huhhh, ahhhhh, nooo, moooonn...... huhuuuuuuhhh"
408300 ,,,,,2281040,,,,,,,,,,,,,,,"To get stubborn Komako to understand, I pull out my dick halfway and then suddenly stop."
408400 ,,,,,2281040,,,,,,,,,,,,,,,"Then only Komako-chan's ass wiggled seductively, and she started to eagerly take my dick into her mouth on her own."
408500 ,,,,,2281040,,コマコ,コマコ,209_KC08_k_142.wav,komako,,0,,,,,,,,Nn... y-yah... don't move me...
408600 ,,,,,2281040,,主人公,＜名＞,,,,,,,,,,,,"You're not moving it. Right now, only Komako-chan is moving it. Komako-chan is rubbing her pussy against Uncle's dick all by herself."
408700 ,,,,,2281040,,コマコ,コマコ,209_KC08_k_143.wav,komako,,0,,,,,,,,"''Uh, uh, lie...... hiiiiii"
408800 ,,,,,2281040,,,,,,,,,,,,,,,"Komako-chan shakes her head with a ''prulprul'' motion, but her hips keep wriggling seductively despite her words."
408900 ,,,,,2281040,,,,,,,,,,,,,,,"Trying to press my own cock against my own good spot, my ass keeps lifting up with a *kuikkuii* sound repeatedly."
409000 ,,,,,2281040,,,,,,,,,,,,,,,"Komako-chan let me jerk off her pussy like that, and I felt incredibly happy."
409100 ,,,,,2281040,,コマコ,コマコ,209_KC08_k_144.wav,komako,,0,,,,,,,,"Y-yah......nnngg......why? N-no......fwaaaahhhh, my, my body, it's moving on its own......my butt can't stop......"
409200 ,,,,,2281040,,,,,,,,,,,,,,,"Komako-chan, blushing and looking embarrassed."
409300 ,,,,,2281040,,,,,,,,,,,,,,,"While squirming in shame, your pussy is obscenely begging for my cock all on its own, and it's so fucking hot."
409400 ,,,,,2281040,,主人公,＜名＞,,,,,,,,,,,,"See? You got it, right? Komako-chan's pussy remembers that old man's dick feels good, okay?"
409500 ,,,,,2281040,,コマコ,コマコ,209_KC08_k_145.wav,komako,,0,,,,,,,,"Ahhh, nnngg...... fuah...... i, iyaaa...... so, nan no na, hazukashii yo... hazukashisugiru yo... nandee......"
409600 ,,,,,2281040,,主人公,＜名＞,,,,,,,,,,,,"It's because Komako-chan is a lewd girl, you know? I mean, even with such a lewd girl, isn't it not enough just having a little one like her?"
409700 ,,,,,2281040,,コマコ,コマコ,209_KC08_k_146.wav,komako,,0,,,,,,,,"Hyaaah...... n-no, not like that...... I-I'm not that kind of girl who's so, so naughty...... nnnnnghhhhh...... fyaaaahhhh!"
409800 ,,,,,2281040,,主人公,＜名＞,,,,,,,,,,,,"So then, what about that wiggley-waggley butt? Komako-chan's side is wagging her hips like a dog, shaking her waist like ''wan wan''!"
409900 ,,,,,2281040,,コマコ,コマコ,209_KC08_k_147.wav,komako,,0,,,,,,,,Uuuuuuuuuhhhhhh...
410000 ,,,,,2281040,,,,,,,,,,,,,,,"While teary-eyed, Komako-chan keeps swinging her butt firmly."
410100 ,,,,,2281040,,,,,,,,,,,,,,,"Finally, I couldn't hold back anymore, and I started thrusting into Komako-chan again, moving my hips vigorously."
410200 ,,,,,2281050,,コマコ,コマコ,209_KC08_k_148.wav,komako,,0,,,,,,,,"Hyaaaaaahhh, m, m, again... nngh, nooo, it's too muchhh, I'm cumminggg, the cock is throbbing in my stomachuuuuhhh!"
410400 ,,,,,2281050,,,,,,,,,,,,,,,"While squeezing her pussy tightly, Komako-chan arched her back."
410500 ,,,,,2281050,,,,,,,,,,,,,,,I do that by rubbing the taste of my dick into Komako-chan's pussy while whispering hypnotically in her ear.
410600 ,,,,,2281050,,主人公,＜名＞,,,,,,,,,,,,"Don't worry, even if you're a naughty girl who loves cock, old man loves Komako-chan the most."
410700 ,,,,,2281050,,コマコ,コマコ,209_KC08_k_149.wav,komako,,0,,,,,,,,"Huuuuuuh, nnnnn... I'll say it, no... don't say it, don't thrust... if you do any more... ahhhh..."
410800 ,,,,,2281050,,主人公,＜名＞,,,,,,,,,,,,"Can you cum with my dick? From now on, old man will make you cum with my dick as much as you want, anytime you want."
410900 ,,,,,2281050,,コマコ,コマコ,209_KC08_k_150.wav,komako,,0,,,,,,,,"Ah, nngg......anytime......hiiuuu......ahhh, nngg, this, anytime......fuaaaahhhh......like that......"
411000 ,,,,,2281050,,,,,,,,,,,,,,,Komako-chan's eyes are getting more and more glazed over as she's being penetrated deep inside her vagina with a dick. Her slightly blissed-out face is incredibly sexy and cute.
411100 ,,,,,2281050,,主人公,＜名＞,,,,,,,,,,,,"So, you're saying Uncle's dick feels good? Right? I thought it was an apology for yesterday... please..."
411200 ,,,,,2281050,,,,,,,,,,,,,,,Komako-chan whispers as if trying to lower the bar for her to say that.
411300 ,,,,,2281050,,,,,,,,,,,,,,,"Komako-chan, who bit her lips as if she were troubled, opened her mouth as if she were overwhelmed after being thrust deep several times with her cock."
411400 ,,,,,2281050,,コマコ,コマコ,209_KC08_k_151.wav,komako,,0,,,,,,,,"Ah... nnnngh, o, ojiisan's... oh, ojiisan's dick feels so good..."
411500 ,,,,,2281050,,,,,,,,,,,,,,,"At that moment, there was a sound like ''pht,'' and my rationality snapped."
411600 ,,,,,2281050,,主人公,＜名＞,,,,,,,,,,,,"Ahhhhhh! Komako-chan, you're so cute, you're the best, I love you so much!"
411700 ,,,,,2281050,,,,,,,,,,,,,,,"Grab that little ass and shake her slender body, then thrust in and out as hard as you can."
411800 ,,,,,2281050,,,,,,,,,,,,,,,"The blood and love fluids were mixed together with a *juppo-juppo* sound, and bubbles had formed at the joining point."
411900 ,,,,,2281050,,,,,,,,,,,,,,,"The disgusting, sticky sound of water echoes throughout the room."
412000 ,,,,,2281050,,コマコ,コマコ,209_KC08_k_152.wav,komako,,0,,,,,,,,''Faaaaaa
412100 ,,,,,2281050,,主人公,＜名＞,,,,,,,,,,,,"Sorry... sorry... but, Uncle, I just can't stop now!"
412200 ,,,,,2281050,,コマコ,コマコ,209_KC08_k_153.wav,komako,,0,,,,,,,,"Oh no, I can't hold it anymore... It feels so good! Your dick feels so good, mister!"
412300 ,,,,,2281050,,,,,,,,,,,,,,,"The patience that had been held back finally snapped, and it seemed Komako was the same."
412400 ,,,,,2281050,,,,,,,,,,,,,,,"Even though I didn't prompt her, Komako-chan is the one who tells me about her pleasure."
412500 ,,,,,2281050,,コマコ,コマコ,209_KC08_k_154.wav,komako,,0,,,,,,,,"It's no good... nnnnn, my voice... my ass... can't hold it back... nnn, the old man's dick feels so good!"
412600 ,,,,,2281050,,主人公,＜名＞,,,,,,,,,,,,"Hohohoho, really?!"
412700 ,,,,,2281050,,コマコ,コマコ,209_KC08_k_155.wav,komako,,0,,,,,,,,"Nnngg......fahhhhh, I remembered it......I remembered my pussy......"
412800 ,,,,,2281050,,,,,,,,,,,,,,,Koma-chan's pussy wriggled and wrapped around my cock as if urging me to cum.
412900 ,,,,,2281050,,,,,,,,,,,,,,,"It's already crazy how my tension's rising, even after Komako-chan so honestly said that my dick feels good."
413000 ,,,,,2281050,,主人公,＜名＞,,,,,,,,,,,,"Okay! Remember lots of it! Uncle, we can do it anytime! I want to!"
413100 ,,,,,2281050,,コマコ,コマコ,209_KC08_k_156.wav,komako,,0,,,,,,,,"Nnngg......fuaaahh, u, unngg......okay, okay, so......nnnggg, ahhh, I, I'm......noooo!"
413200 ,,,,,2281050,,主人公,＜名＞,,,,,,,,,,,,Should we do it? Go ahead and do it!
413300 ,,,,,2281050,,,,,,,,,,,,,,,"But, is it still embarrassing to cum with your dick, Komako-chan seems to be trying to endure it as usual."
413400 ,,,,,2281050,,,,,,,,,,,,,,,"Of course, if you make such a face, I'll stubbornly want to go even further and just thrust even harder."
413500 ,,,,,2281050,,,,,,,,,,,,,,,I want to cum too.
413600 ,,,,,2281050,,コマコ,コマコ,209_KC08_k_157.wav,komako,,0,,,,,,,,"Faaaaaaahhhh, nooo, if I come from your dick, I really... I really... I'll get addicted... your dick is so naughty, it's addictive..."
413700 ,,,,,2281050,,主人公,＜名＞,,,,,,,,,,,,"Just do it already! No, do it now!"
413800 ,,,,,2281050,,コマコ,コマコ,209_KC08_k_158.wav,komako,,0,,,,,,,,"Ahh, hiiii, ahhh, nooo, that way of moving ittt, noooo, fwaaaaaahhhh!"
413900 ,,,,,2281050,,,,,,,,,,,,,,,"Koma-chan's favorite, the G-spot rubbing from the bottom, and the dynamic strokes that thrust deep into the vagina, resonating in the womb."
414000 ,,,,,2281050,,,,,,,,,,,,,,,"This way, the roughness of the vaginal rugae rubs against my glans, and it feels incredibly good."
414100 ,,,,,2281050,,,,,,,,,,,,,,,"The head of the penis, thrust all the way in, was tightly squeezed by the narrow mucosal walls."
414200 ,,,,,2281050,,主人公,＜名＞,,,,,,,,,,,,"Okayyyyy, Uncle's gonna cum too... Come on, cum! Cum in my dick!"
414300 ,,<!ef_flash>,,,2281050,,コマコ,コマコ,209_KC08_k_159.wav,komako,,0,,,,,,,,"Ahh, ahhh, ahhh, nooo! I'm cumming! I'm cumming with your dick!"
414400 ,,,,,2281050,,,,,,,,,,,,,,,Komako-chan shakes her whole body violently as she comes.
414500 ,,,,,2281050,,,,,,,,,,,,,,,"At the same time, climax also visited me."
414600 ,"$fset %ninshin%,0",,,,2281050,,,,,,,,,,,,,,","
414700 ,$menu_begin,,,,2281050,,,,,,,,,,,,,,,Multiple-choice options
↓,"$menu_item 0,中出しする,sel_1a",,,,2281050,,,,,,,,,,,,,
↓,"$menu_item 1,外出しする,sel_1b",,,,2281050,,,,,,,,,,,,,
↓,$menu_end,,,,2281050,,,,,,,,,,,,,,,
414800 ,*sel_1a,,,,2281050,,,,,,,,,,,,,,,"■?@to make a preliminary broth (e.g., for dashi)"
414900 ,"$fset %ninshin%,1",,,,2281050,,,,,,,,,,,,,,","
415100 ,,,,,2281050,,主人公,＜名＞,,,,,,,,,,,,"Come out, come out, Komako-chan!!"
415200 ,,<!ef_shasei_l>,,,2281060,,,,,,,,,,,,,,,bubyrururur
415300 ,,,,,2281060,,コマコ,コマコ,209_KC08_k_160.wav,komako,,0,,,,,,,,"Hiiii―! Y-yahh, n-no, i-it's i-insideeee...!? It's coming innnn―!"
415400 ,,<!ef_shasei>,,,2281060,,,,,,,,,,,,,,,"In that state, there was no way I could pull out, so I ejaculated while still buried deep inside Komako-chan's vagina."
415500 ,,<!ef_shasei_l>,,,2281060,,,,,,,,,,,,,,,"Koma-chan squirms even more as her sensitive, constantly leaking pussy is sprayed with cum."
415600 ,,,,,2281060,,コマコ,コマコ,209_KC08_k_161.wav,komako,,0,,,,,,,,Noooo! I'm pregnant! That's no good... it can't be...
415700 ,,,,,2281060,,主人公,＜名＞,,,,,,,,,,,,"Sorry, sorry. It feels too good inside Komako-chan."
415800 ,,,,,2281060,,コマコ,コマコ,209_KC08_k_162.wav,komako,,0,,,,,,,,"Hiiiiuuhhh, nnnnnnghhh, the cum is so hotttt, it's so hot, my pussy is being splashed with it and I'm getting turned onnnn!"
415900 ,,,,,2281060,,,,,,,,,,,,,,,"Just like before, Komako-chan wiggled her ass and took my cock deep inside herself on her own."
416000 ,,,,,2281060,,,,,,,,,,,,,,,"Moreover, Komako-chan's vaginal depths clung to the cock, moving as if craving cum."
416100 ,,,,,2281060,,コマコ,コマコ,209_KC08_k_163.wav,komako,,0,,,,,,,,"Ahhh... I'm gonna cum not just from the dick, but from the cum toooo..."
416200 ,,<!ef_shasei>,,,2281060,,,,,,,,,,,,,,,Whooshhhhh!
416300 ,,,,,2281060,,,,,,,,,,,,,,,"Until she finished ejaculating, Komako-chan kept grinding her hips back and forth, squeezing the semen out of the old man's dick."
416500 ,,,,,2281070,,コマコ,コマコ,209_KC08_k_164.wav,komako,,0,,,,,,,,Fuaa... I... nnn... I'm... I'm no good... I'm ruined...
416600 ,,,,,2281070,,,,,,,,,,,,,,,"After finishing ejaculation, my cock slid out of your pussy, and Komako-chan started saying something like that."
416700 ,,,,,2281070,,,,,,,,,,,,,,,"With a *bpyu* sound, disgusting and sloppy, the semen overflows from the vaginal opening."
416800 ,,,,,2281070,,主人公,＜名＞,,,,,,,,,,,,What's the big deal if it's ruined?
416900 ,,,,,2281070,,コマコ,コマコ,209_KC08_k_165.wav,komako,,0,,,,,,,,"Hmm... it's because, like, even though Chichan is there, I ended up feeling so good with Uncle's dick..."
417000 ,,,,,2281070,,,,,,,,,,,,,,,"Komako-chan, looking a bit troubled, furrows her brows."
417100 ,,,,,2281070,,コマコ,コマコ,209_KC08_k_166.wav,komako,,0,,,,,,,,"Besides... you said not to cum inside, but you did. What if I get pregnant... what should I do..."
417200 ,,,,,2281070,,主人公,＜名＞,,,,,,,,,,,,"Uh, sorry."
417300 ,,,,,2281070,,コマコ,コマコ,209_KC08_k_167.wav,komako,,0,,,,,,,,"It's not my fault, is it? What should I do? Well, the old man can't hold it back anymore, so it's unavoidable, I guess..."
417400 ,,,,,2281070,,,,,,,,,,,,,,,"Well, it seems like she wasn't actually mad about the fact that I started cooking in the middle of things."
417500 ,,,,,2281070,,,,,,,,,,,,,,,"Well, I mean, I guess you're thinking it's unavoidable or something like that."
417600 ,,,,,2281070,,主人公,＜名＞,,,,,,,,,,,,"If a baby is born, I'll take responsibility and raise it together with my brother. After all, it's the baby of my beloved Komako."
417700 ,,,,,2281070,,コマコ,コマコ,209_KC08_k_168.wav,komako,,0,,,,,,,,Huh...?
417800 ,,,,,2281070,,,,,,,,,,,,,,,"When she said that so firmly, Komako-chan looked stunned."
417900 ,,,,,2281070,,主人公,＜名＞,,,,,,,,,,,,"Because Uncle is Komako-chan's lover, so whenever you want to have sex in the middle of it, just say so!"
418000 ,,,,,2281070,,コマコ,コマコ,209_KC08_k_169.wav,komako,,0,,,,,,,,............
418100 ,,,,,2281070,,主人公,＜名＞,,,,,,,,,,,,"As for the baby, you can leave everything to me, so just relax and enjoy yourself, Komako-chan..."
418200 ,,,,,2281070,,,,,,,,,,,,,,,"He lightly rubs his fingers against her vagina, spreading his semen as he says that."
418300 ,,,,,2281070,,,,,,,,,,,,,,,Komako-chan twitched in response.
418400 ,,,,,2281070,,,,,,,,,,,,,,,Komako-chan sighed deeply with a ''haaa~''.
418500 ,,,,,2281070,,コマコ,コマコ,209_KC08_k_170.wav,komako,,0,,,,,,,,"...uh, okay. I got it. If you want to do it, just say so. But no forcing, okay?"
418600 ,,,,,2281070,,主人公,＜名＞,,,,,,,,,,,,"Yeah, I got it!"
418700 ,,,,,2281070,,,,,,,,,,,,,,,"That phrase alone is enough. And looking at your reaction now, it seems like I might be able to get away with it sometimes."
418800 ,,,,,2281070,,,,,,,,,,,,,,,"Well, I'm already happy just being allowed to be your lover."
418900 ,,,,,2281070,,主人公,＜名＞,,,,,,,,,,,,"I love you so much, Komako-chan!"
419000 ,,,,,2281070,,,,,,,,,,,,,,,Hug tightly and nuzzle against the cheek.
419100 ,,,,,2281070,,,,,,,,,,,,,,,Komako-chan gave me a wry smile as she stroked my head.
419200 ,,,,,2281070,,コマコ,コマコ,209_KC08_k_171.wav,komako,,0,,,,,,,,I also like Uncle... just a little though.
419300 ,,,,,2281070,,,,,,,,,,,,,,,while saying that.
419400 ,$go join_1,,,,,,,,,,,,,,,,,,,■Convergence
419500 ,*sel_1b,,,,,,,,,,,,,,,,,,,take it outside
419600 ,,,,,2281050,,主人公,＜名＞,,,,,,,,,,,,"Come on, Komako-chan, let's go! I'm gonna do it!"
419800 ,,,,,2281050,,,,,,,,,,,,,,,"Just before I went in, I pulled my dick out from inside Komako-chan."
419900 ,,<!ef_shasei_l>,,,2281071,,,,,,,,,,,,,,,"Bururuuruu, burururur"
420000 ,,,,,2281071,,コマコ,コマコ,209_KC08_k_172.wav,komako,,0,,,,,,,,"Fwaaahh, it's hot...... nnghhh, ahhh......"
420100 ,,<!ef_shasei>,,,2281071,,,,,,,,,,,,,,,"Koma-chan's belly is being covered with thick, sticky semen in abundance."
420200 ,,,,,2281071,,,,,,,,,,,,,,,"It felt like proof of a lover's contract with Komako-chan, and it made my heart race."
420300 ,,,,,2281071,,コマコ,コマコ,209_KC08_k_173.wav,komako,,0,,,,,,,,Haaaa... haaa... haaaaa... fuah... so full...
420400 ,,<!ef_shasei_l>,,,2281071,,,,,,,,,,,,,,,Komako-chan looks up at the cock squirting semen intermittently with a somewhat drowsy gaze.
420500 ,,,,,2281071,,,,,,,,,,,,,,,"I got a little flutter in my heart from that expression, which was a bit different from usual."
420600 ,,,,,2281071,,,,,,,,,,,,,,,"With that expression on her face, Komako-chan glances at me."
420700 ,,,,,2281071,,コマコ,コマコ,209_KC08_k_174.wav,komako,,0,,,,,,,,"Hmm... you kept your promise well, didn't you? You didn't cum inside me."
420800 ,,,,,2281071,,主人公,＜名＞,,,,,,,,,,,,"Uh, uh, I promised, so..."
420900 ,,,,,2281071,,,,,,,,,,,,,,,"I really thought I should at least keep the promise of not going all the way. If I break it and can't get to do it anymore, that would be annoying."
421000 ,,,,,2281071,,コマコ,コマコ,209_KC08_k_175.wav,komako,,0,,,,,,,,"Good boy, good boy."
421100 ,,,,,2281071,,,,,,,,,,,,,,,Komako-chan reached out and gently stroked my head. Just that made me feel like it was worth holding it in and letting it out.
421200 ,,,,,2281071,,,,,,,,,,,,,,,"Well, if I keep being a mistress for now, maybe I'll get to do it someday!"
421300 ,,,,,2281071,,主人公,＜名＞,,,,,,,,,,,,Right? Right? Did you feel good?
421400 ,,,,,2281071,,,,,,,,,,,,,,,"So, to get the next chance, I'll ask Komako-chan, who's panting after running all out of breath."
421500 ,,,,,2281071,,,,,,,,,,,,,,,Komako-chan surprisingly nodded in agreement with a firm ''kokutto.''
421600 ,,,,,2281071,,コマコ,コマコ,209_KC08_k_176.wav,komako,,0,,,,,,,,"...Well, you know. You kept your promise properly."
421700 ,,,,,2281071,,主人公,＜名＞,,,,,,,,,,,,"So, from now on, can you let me be your lover and sometimes have sex with me?"
421800 ,,,,,2281071,,コマコ,コマコ,209_KC08_k_177.wav,komako,,0,,,,,,,,Sure. If you promise not to force me or make me let you inside.
421900 ,,,,,2281071,,主人公,＜名＞,,,,,,,,,,,,I'll do it! I promise!
422000 ,,,,,2281071,,コマコ,コマコ,209_KC08_k_178.wav,komako,,0,,,,,,,,"Well then, as your lover, please take care of me from now on."
422100 ,,,,,2281071,,主人公,＜名＞,,,,,,,,,,,,Yeah!
422200 ,,,,,2281071,,,,,,,,,,,,,,,I felt like I was reaching the heavens after being told that by Komako-chan.
422300 ,,,,,2281071,,,,,,,,,,,,,,,"That phrase alone is enough. And looking at your reaction now, it seems like I might be able to get away with it sometimes."
422400 ,,,,,2281071,,,,,,,,,,,,,,,I'm already happy just being allowed to be your lover.
422500 ,,,,,2281071,,主人公,＜名＞,,,,,,,,,,,,"I love you so much, Komako-chan!"
422600 ,,,,,2281071,,,,,,,,,,,,,,,Hold tightly and nuzzle against someone's cheek.
422700 ,,,,,2281071,,,,,,,,,,,,,,,Komako-chan gave me a wry smile as she stroked my head.
422800 ,,,,,2281071,,コマコ,コマコ,209_KC08_k_179.wav,komako,,0,,,,,,,,I also like Uncle... just a little though.
422900 ,,,,,2281071,,,,,,,,,,,,,,,while saying that.
423100 ,*join_1,,,,,,,,,,,,,,,,,,,■Confluence
423200 ,$event_return,,,,,,,,,,,,,,,,,,,
423400 ,,<!Lend_day_change>,0,9000,,,,,,,,,,,,,,,,
423600 ,@komako_branch,,,,,,,,,,,,,,,,,,,コマコルート分岐
423700 ,"$fset %jump%,%ninshin%",,,,,,,,,,,,,,,,,,","
423800 ,$jump_begin,,,,,,,,,,,,,,,,,,,
↓,"$jump_item 0,ノーマルＥＮＤ,210_KE00",,,,,,,,,,,,,,,,,
↓,"$jump_item 1,妊娠ＥＮＤ,211_KE01",,,,,,,,,,,,,,,,,
↓,$jump_end,,,,,,,,,,,,,,,,,,,
424100 ,@210_KE00,,,,,,,,,,,,,,,,,,,
424400 ,,<!Lbegin_day_change>,3,31,,,,,,,,,,,,,,,,"Since I became Komako-chan's ''lover,'' some time has passed."
424500 ,,,,,,,千恵,千恵,210_KE00_c_000.wav,"chie,privateC",,22,,,,,,,",'Komako-chan, are you going to play with me again tomorrow?'"
424600 ,,,,,,,コマコ,コマコ,210_KE00_k_000.wav,chie,,22,"komako,privateB",,2,,,,",'Yeah, let's do it, Chi-chan!'"
424700 ,,,,,,,,,,chie,,22,komako,,2,,,,,Komako-chan and chi-chan are still as they always are.
424800 ,,,,,,,,,,,,,,,,,,,,"But, there were also a few unusual things. That is ―"
425000 ,,<!timepass_short>,,,,,コマコ,コマコ,210_KE00_k_001.wav,"komako,privateB",,0,,,,,,,",'Uncle, thank you for taking care of me and Chi-chan alone today.'"
425100 ,,,,,,,主人公,＜名＞,,komako,,0,,,,,,,,You're welcome.
425200 ,,,,,,,,,,komako,,0,,,,,,,,"After Komako-chan and chi-chan had their flirty time, she always made sure to say thank you like this."
425300 ,,,,,,,コマコ,コマコ,210_KE00_k_002.wav,komako,,21,,,,,,,,"You were such a good girl, so I'll give you a treat. What do you want?"
425400 ,,,,,,,,,,komako,,21,,,,,,,,"And on top of that, it comes with a bonus of being petted like this."
425500 ,,,,,,,,,,komako,,21,,,,,,,,"Well, even now I sometimes get jealous of Chii-chan, but when I get petted by Komako-chan, I just melt."
425600 ,,,,,,,,,,komako,,21,,,,,,,,And there are also times when I get to do all sorts of things and get things done for me!
425700 ,,,,,,,主人公,＜名＞,,komako,,21,,,,,,,,I want to do it!
425800 ,,,,,,,コマコ,コマコ,210_KE00_k_003.wav,"komakoL,privateB",,33,,,,,,,",Today is no good."
425900 ,,,,,,,主人公,＜名＞,,komakoL,,33,,,,,,,,Eh~
426000 ,,,,,,,,,,komakoL,,33,,,,,,,,"Without thinking, I stuck out my tongue, and Komako-chan started explaining gently, as if talking to a child."
426100 ,,,,,,,,,,komakoL,,33,,,,,,,,"The uncle should be much more of an adult than Komako-chan, though."
426200 ,,,,,,,コマコ,コマコ,210_KE00_k_004.wav,komakoL,,13,,,,,,,,"Well, today seems to be a day when it's easy to get pregnant, so it's not okay."
426300 ,,,,,,,主人公,＜名＞,,komakoL,,13,,,,,,,,Huh?!
426400 ,,,,,,,,,,komakoL,,13,,,,,,,,"Maybe it's that ovulation day, huh? When I hear that, I suddenly feel like doing something naughty... but if I force it, the lover's contract might get canceled, so I'll hold back."
426500 ,,,,,,,,,,komakoL,,13,,,,,,,,"Maybe because her period started, Komako-chan got noisy over there."
426600 ,,,,,,,,,,komakoL,,13,,,,,,,,"Even when you let me do it, it's no good without a condom, and so on. It seemed like you were studying a lot about it."
426700 ,,,,,,,コマコ,コマコ,210_KE00_k_005.wav,komako,,6,,,,,,,,"If it's not going inside your pussy, anything else is fine. What do you want?"
426800 ,,,,,,,主人公,＜名＞,,komako,,6,,,,,,,,Hmmm...
426900 ,,,,,,,,,,komako,,6,,,,,,,,"Let me think for a moment. Somehow, my eyes drifted toward the store, and I noticed a small cup noodle."
427000 ,,,,,,,,,,komako,,6,,,,,,,,It's the one with a raccoon dog mascot as a landmark.
427100 ,,,15,,,,,,,komako,,6,,,,,,,,"Oh, right!"
427200 ,,,,,,,,,,komako,,6,,,,,,,,"Suddenly remembering, I grabbed a mini cup noodle. I opened the lid in front of Komako-chan, who looked confused."
427300 ,,,,,,,コマコ,コマコ,210_KE00_k_006.wav,komako,,3,,,,,,,,Tanumen? What's wrong? Are you hungry?
427400 ,,,,,,,主人公,＜名＞,,komako,,3,,,,,,,,"Yeah! So, I want you to make it by pouring Komako-chan's pee here!"
427500 ,,,,,,,コマコ,コマコ,210_KE00_k_007.wav,komako,,24,,,,,,,,Huh?
427600 ,,,,,,,,,,komako,,24,,,,,,,,Komako-chan widened her eyes in a perfect circle. I pointed at the tanmen again and explained it once more.
427700 ,,,,,,,主人公,＜名＞,,komako,,24,,,,,,,,"So, I want you to pour Komako-chan's pee on this noodle dish. I want to eat Komako-chan's pee ramen."
427800 ,,,,,,,コマコ,コマコ,210_KE00_k_008.wav,komako,,31,,,,,,,,"Uh, that's no good. Besides, you can't play with food."
427900 ,,,,,,,,,,komako,,31,,,,,,,,"Even now, Komako-chan hesitates."
428000 ,,,,,,,,,,komako,,31,,,,,,,,"But if you give up there, then you weren't even having an affair in the first place. I placed the Tanumen on the chopstick tray and then suddenly knelt down in a full prostration."
428100 ,,,,,,,主人公,＜名＞,,komako,,31,,,,,,,,"Please! Today I'll definitely do it properly! Next time, I'll use a condom! Let me eat your pee ramen!"
428200 ,,,,,,,コマコ,コマコ,210_KE00_k_009.wav,komako,,14,,,,,,,,But...
428300 ,,,,,,,主人公,＜名＞,,komako,,14,,,,,,,,"You said you'd give me a reward, Coma-chan, right? Uncle, I like Coma-chan so much that I want to eat even her pee or anything else!"
428400 ,,,,,,,,,,komako,,14,,,,,,,,"When she pleaded like that, Komako-chan sighed with a ''haa'' from above her head."
428500 ,,,,,,,,,,komako,,14,,,,,,,,"Oh, we did it! It's the signal for permission!"
428600 ,,,,,,,コマコ,コマコ,210_KE00_k_010.wav,komako,,12,,,,,,,,"Well... the old man really is hopeless. Okay, I get it, fine."
428700 ,,,,,,,主人公,＜名＞,,komako,,12,,,,,,,,Yattaa!
428800 ,,,,,,,コマコ,コマコ,210_KE00_k_011.wav,komako,,13,,,,,,,,"But if you pee here, it'll make the room dirty, so can I go to the bathroom to do it?"
428900 ,,,,,,,主人公,＜名＞,,komako,,13,,,,,,,,"Huh? It's a reward, so, Uncle, I wanna see you pee! Come on, it won't be visible from anywhere else, so let's do it in the garden?"
429000 ,,,,,,,コマコ,コマコ,210_KE00_k_012.wav,komako,,33,,,,,,,,The garden... uhmm...
429100 ,,,,,,,,,,komako,,33,,,,,,,,"Komako-chan seemed to be deep in thought for a moment, but she nodded along quite easily."
429200 ,,,,,,,コマコ,コマコ,210_KE00_k_013.wav,komako,,12,,,,,,,,"Got it, okay."
429300 ,,,,,,,,,,komako,,12,,,,,,,,"Well, it's not my first time seeing Komako's pee, and country kids often pee in the bushes or whatever."
429400 ,,,,,,,主人公,＜名＞,,komako,,12,,,,,,,,"Yeah! Okay, let's go, let's go right now, come on, let's go!"
429500 ,,,,,,,,,,komako,,12,,,,,,,,Hold a Tanumen in one hand and pull Komako-chan's hand hard with the other.
429600 ,,,,,,,コマコ,コマコ,210_KE00_k_014.wav,komakoL,,12,,,,,,,,"Uncle, you're acting so excited like a puppy before a walk..."
429700 ,,,,,,,,,,komakoL,,12,,,,,,,,Komako-chan muttered in a bewildered way as she followed along.
429900 ,,<!scene_h_begin>,,,2400000,,,,,,,,,,,,,,,
430000 ,*mem,,,,2400000,,,,,,,,,,,,,,,
430100 ,,,15,,2400000,,主人公,＜名＞,,,,,,,,,,,,"If it spills, it would be a waste, so I'll help you, okay?"
430200 ,,,,,2400000,,,,,,,,,,,,,,,"When I get to the garden, I undressed Komako-chan's pants and underwear, then picked her up to make her pee like a baby."
430300 ,,,,,2400000,,,,,,,,,,,,,,,It's called the ''see-saw pose.''
430400 ,,,,,2400000,,コマコ,コマコ,210_KE00_k_015.wav,komako,,0,,,,,,,,"Y-yah... this outfit is embarrassing. I can do it myself, so take it off."
430500 ,,,,,2400000,,,,,,,,,,,,,,,"Komako-chan, blushing shyly with her cheeks turning red."
430600 ,,,,,2400000,,,,,,,,,,,,,,,"But since you've gone to the trouble of letting Komako pee, just watching is a waste."
430700 ,,,,,2400000,,主人公,＜名＞,,,,,,,,,,,,"Komako-chan, when you're giving a urine sample, can you put it in the cup without spilling?"
430800 ,,,,,2400000,,,,,,,,,,,,,,,"When I tried to persuade her by asking like that, Komako-chan shook her head from side to side."
430900 ,,,,,2400000,,コマコ,コマコ,210_KE00_k_016.wav,komako,,0,,,,,,,,"Well, it's a bit tricky... so sometimes it gets spilled or dropped..."
431000 ,,,,,2400000,,主人公,＜名＞,,,,,,,,,,,,"That's right, isn't it?"
431100 ,,,,,2400000,,,,,,,,,,,,,,,"Unlike a man whose penis is firm, it seems difficult to take a urine sample from a girl, and I thought so when I asked."
431200 ,,,,,2400000,,,,,,,,,,,,,,,"Adjusting Komako-chan's body while placing the Tanumen cup in its proper position, she speaks to her slowly."
431300 ,,,,,2400000,,主人公,＜名＞,,,,,,,,,,,,"Hey, old man, since we're at it, I don't want to waste Komako's pee. You understand that, right? It's a reward from my favorite person."
431400 ,,,,,2400000,,コマコ,コマコ,210_KE00_k_017.wav,komako,,0,,,,,,,,Well... I guess I can understand... maybe?
431500 ,,,,,2400000,,主人公,＜名＞,,,,,,,,,,,,"So, can the old man help me so I don't spill it?"
431600 ,,,,,2400010,,コマコ,コマコ,210_KE00_k_018.wav,komako,,0,,,,,,,,"Uh, that is, um..."
431800 ,,,,,2400010,,,,,,,,,,,,,,,"And that's a bit different from this, and Komako-chan looks troubled."
431900 ,,,,,2400010,,主人公,＜名＞,,,,,,,,,,,,"If you do that, you can see Komako-chan pee perfectly. It's a reward, so let me do as I please."
432000 ,,,,,2400010,,コマコ,コマコ,210_KE00_k_019.wav,komako,,0,,,,,,,,Even if you say that... it's embarrassing! Let me down!
432100 ,,,,,2400010,,主人公,＜名＞,,,,,,,,,,,,"Oh, really? Can't I wear this? Is it that embarrassing?"
432200 ,,,,,2400010,,コマコ,コマコ,210_KE00_k_020.wav,komako,,0,,,,,,,,"It's embarrassing! Because, like, I look so... babyish, and, uh, my, my p-pussy might even be fully visible!"
432300 ,,,,,2400010,,,,,,,,,,,,,,,"Yeah, because there's a wall, so it's not visible from outside, but this pose with legs spread in an M-shape toward the garden is super sexy."
432400 ,,,,,2400010,,,,,,,,,,,,,,,"After eating Komako-chan's urination-filled tanmen, I plan to remember this outfit and masturbate."
432500 ,,,,,2400010,,コマコ,コマコ,210_KE00_k_021.wav,komako,,0,,,,,,,,I can't even pee in this outfit... it's too embarrassing...
432600 ,,,,,2400010,,,,,,,,,,,,,,,The stubborn little Komako who refuses to listen and keeps saying ''no.''
432700 ,,,,,2400010,,,,,,,,,,,,,,,"But, Uncle is also putting up with a lot, so I'd like him to humor Komako-chan a little."
432800 ,,,,,2400010,,主人公,＜名＞,,,,,,,,,,,,"If you can't do it, should I help you, old man?"
432900 ,,,,,2400010,,,,,,,,,,,,,,,"And so, reaching out, he gently rubbed Komako-chan's urethra."
433000 ,,,,,2400010,,,,,,,,,,,,,,,Komako-chan's body jumped violently with a ''bikun'' sound.
433100 ,,,,,2400010,,コマコ,コマコ,210_KE00_k_022.wav,komako,,0,,,,,,,,"Y-yah! No, don't touch there!"
433200 ,,,,,2400010,,主人公,＜名＞,,,,,,,,,,,,"But if you make too much noise, the neighbors might find out that Komako-chan is trying to pee in the garden!"
433300 ,,,,,2400010,,,,,,,,,,,,,,,"As she said that, Komako-chan turned even redder."
433400 ,,,,,2400010,,コマコ,コマコ,210_KE00_k_023.wav,komako,,0,,,,,,,,That's no good...
433500 ,,,,,2400010,,主人公,＜名＞,,,,,,,,,,,,"Then, let's go pee quickly?"
433600 ,,,,,2400020,,コマコ,コマコ,210_KE00_k_024.wav,komako,,0,,,,,,,,Got it... I'll try my best... nngh!
433800 ,,,,,2400020,,,,,,,,,,,,,,,Komako-chan tensed her stomach muscles and started trying to pee.
433900 ,,,,,2400020,,,,,,,,,,,,,,,My inner thighs are trembling/jiggling.
434000 ,,,,,2400020,,,,,,,,,,,,,,,"But, the pee didn't come out."
434100 ,,,,,2400020,,主人公,＜名＞,,,,,,,,,,,,"Hmm? That's not pee, is it?"
434200 ,,,,,2400020,,コマコ,コマコ,210_KE00_k_025.wav,komako,,0,,,,,,,,"It won't come out that soon......don't stare so hard, it's embarrassing..."
434300 ,,,,,2400020,,主人公,＜名＞,,,,,,,,,,,,"Well, since just watching is part of the reward, I really want to watch carefully."
434400 ,,,,,2400020,,コマコ,コマコ,210_KE00_k_026.wav,komako,,0,,,,,,,,"Because if I'm watched too much, I'll just get even more embarrassed and won't be able to come out at all..."
434500 ,,,,,2400020,,,,,,,,,,,,,,,"She had her legs spread wide open, so her vulva was fully exposed, revealing her clitoris and urethral opening clearly."
434600 ,,,,,2400020,,,,,,,,,,,,,,,"Every time Komako-chan tenses her stomach muscles, both of them twitch cutely."
434700 ,,,,,2400020,,,,,,,,,,,,,,,But the pee just won't come out from there.
434800 ,,,,,2400020,,コマコ,コマコ,210_KE00_k_027.wav,komako,,0,,,,,,,,"Nnnnngh...... it still won't come out. So, can't we have a different reward?"
434900 ,,,,,2400020,,主人公,＜名＞,,,,,,,,,,,,"No, that's not good. Today, we've already decided to eat tanmen with Komako-chan's pee."
435000 ,,,,,2400020,,コマコ,コマコ,210_KE00_k_028.wav,komako,,0,,,,,,,,"Nnnn......but it still won't come out, though..."
435100 ,,,,,2400020,,,,,,,,,,,,,,,"''Nn, nn,'' and repeatedly teasing Komako-chan's clitoris and urethral opening, Komako-chan tries her best to urinate."
435200 ,,,,,2400020,,,,,,,,,,,,,,,"I couldn't hold back any longer at how ridiculously cute she looked, and I reached out my hand toward her."
435400 ,,,,,2400010,,コマコ,コマコ,210_KE00_k_029.wav,komako,,0,,,,,,,,"Huuuuuuhhhh... Uncle, don't touch my pee-hole... it's embarrassing!"
435500 ,,,,,2400010,,主人公,＜名＞,,,,,,,,,,,,"But Komako-chan, you must be having trouble because you can't pee, right? So maybe I'll help you with that."
435600 ,,,,,2400010,,コマコ,コマコ,210_KE00_k_030.wav,komako,,0,,,,,,,,"Nnnnngh...... it's good, I don't need it, I can do it alone..."
435700 ,,,,,2400010,,主人公,＜名＞,,,,,,,,,,,,Really?
435800 ,,,,,2400020,,コマコ,コマコ,210_KE00_k_031.wav,komako,,0,,,,,,,,"Hon-to datteba......ah, nnn, dakara, oshikkono ana mo, kurichan mo, ijiranaide......nnnnn!"
435900 ,,,,,2400020,,,,,,,,,,,,,,,"I don't want to push too hard and get disliked, so I'll quietly let go."
436000 ,,,,,2400020,,,,,,,,,,,,,,,"The urethra, which had been gently stimulated to urinate by being played with in a rolling motion, was twitching."
436100 ,,,,,2400020,,,,,,,,,,,,,,,"Just above it, Kurichan is sticking its face out from its foreskin. It looks like it got erect from being played with."
436200 ,,,,,2400010,,コマコ,コマコ,210_KE00_k_032.wav,komako,,0,,,,,,,,"Haa haa... you idiot, old man. You said we wouldn't do it today, so don't touch there like that!"
436300 ,,,,,2400010,,主人公,＜名＞,,,,,,,,,,,,It's not like that. I'm just helping you pee. Or did you get turned on?
436400 ,,,,,2400020,,コマコ,コマコ,210_KE00_k_033.wav,komako,,0,,,,,,,,"......n-no, that's not the case. Just... I gotta pee. Nnnh."
436600 ,,,,,2400020,,,,,,,,,,,,,,,Maybe I'm starting to feel a little naughty.
436700 ,,,,,2400020,,,,,,,,,,,,,,,"Also, as Komako-chan tried to pee by straining her stomach, her little pussy was slightly wet."
436800 ,,,,,2400020,,,,,,,,,,,,,,,It looks like the vaginal lubrication came out before the urine.
436900 ,,,,,2400020,,コマコ,コマコ,210_KE00_k_034.wav,komako,,0,,,,,,,,"Nnnnngh...... I feel like I gotta pee, and it stings so much... but it won't come out..."
437000 ,,,,,2400020,,,,,,,,,,,,,,,"Komako-chan, with her clit twitching and throbbing as she tries to pee, stomps and strains."
437100 ,,,,,2400020,,,,,,,,,,,,,,,"It looks like an ''M'' shape with your butt lifted up, so your cute, puckered anus is fully exposed."
437200 ,,,,,2400020,,,,,,,,,,,,,,,It's disgusting how the other side is contracting in sync with Komako-chan putting in effort.
437300 ,,,,,2400010,,コマコ,コマコ,210_KE00_k_035.wav,komako,,0,,,,,,,,"Haaaa... after all, peeing on food isn't good. Let's stop it."
437400 ,,,,,2400010,,,,,,,,,,,,,,,"Because she didn't pee enough, Komako-chan started talking nonsense again."
437500 ,,,,,2400010,,,,,,,,,,,,,,,Shake one's head firmly from side to side.
437600 ,,,,,2400010,,主人公,＜名＞,,,,,,,,,,,,"No good, no good! You said you'd do it, so I did my part. Since Uncle kept his promise, Komako-chan should keep hers too!"
437700 ,,,,,2400020,,コマコ,コマコ,210_KE00_k_036.wav,komako,,0,,,,,,,,"Uu...... wah, got it...... I'll try a little harder. Nnnn!"
437800 ,,,,,2400020,,,,,,,,,,,,,,,"Komako-chan tries to force herself to pee again, but still, it just won't come out."
437900 ,,,,,2400020,,,,,,,,,,,,,,,"Well, there's nothing to be done. I guess I'll have to help after all."
438000 ,,,,,2400020,,,,,,,,,,,,,,,I reached out to Komako-chan's place again.
438200 ,,,,,2400010,,コマコ,コマコ,210_KE00_k_037.wav,komako,,0,,,,,,,,"Nnngh, ah, wait, again... don't touch me like that, I said!"
438300 ,,,,,2400010,,主人公,＜名＞,,,,,,,,,,,,"Because if we keep going like this, we'll never be able to pee, right?"
438400 ,,,,,2400010,,,,,,,,,,,,,,,"As Komako-chan's slit began to get wet, scooping up the honey from her split, I started rubbing her urethral opening and clitoris with my slippery fingertips."
438500 ,,,,,2400010,,コマコ,コマコ,210_KE00_k_038.wav,komako,,0,,,,,,,,"Nnnnngh...... that's no good...... nnnnghhh, it's tingling there, and I'm gonna come......"
438600 ,,,,,2400010,,,,,,,,,,,,,,,Komako-chan twisted her body shyly. Her stomach twitched and sank in.
438700 ,,,,,2400010,,主人公,＜名＞,,,,,,,,,,,,But aren't you about to pee?
438800 ,,,,,2400010,,コマコ,コマコ,210_KE00_k_039.wav,komako,,0,,,,,,,,"But, well... I, I mean, this is embarrassing..."
438900 ,,,,,2400010,,主人公,＜名＞,,,,,,,,,,,,"Well then, let's go pee quickly. Once we're done, it'll be over."
439000 ,,,,,2400010,,コマコ,コマコ,210_KE00_k_040.wav,komako,,0,,,,,,,,"Nnngh, nnngh, nnngh... s-s-something like that, even if you say it... nnnnnghhh!"
439100 ,,,,,2400010,,,,,,,,,,,,,,,"She twists and fiddles with her clitoris and urethral opening, and every time she does, Komako-chan desperately tries to hold back her lewd moans."
439200 ,,,,,2400010,,,,,,,,,,,,,,,"Still, she couldn't hold back the occasional lewd gasps that slipped out."
439300 ,,,,,2400010,,コマコ,コマコ,210_KE00_k_041.wav,komako,,0,,,,,,,,"Ah, uhh, no... don't squish so much... ahhhhhh!"
439400 ,,,,,2400010,,主人公,＜名＞,,,,,,,,,,,,"Hey, if you shout that loud, even your sexy voice might be heard by the neighbors!"
439500 ,,,,,2400010,,コマコ,コマコ,210_KE00_k_042.wav,komako,,0,,,,,,,,"Ah, noooo...... stop, that's way too embarrassing......"
439600 ,,,,,2400010,,主人公,＜名＞,,,,,,,,,,,,"Will you keep spinning like this until you pee? Come on, come on!"
439700 ,,,,,2400020,,コマコ,コマコ,210_KE00_k_043.wav,komako,,0,,,,,,,,"Hiiiiuuh, ahiiii, hiiiiuuhhh"
439900 ,,,,,2400020,,,,,,,,,,,,,,,"Komako-chan pushed her butt forward from herself as if she was desperate, and started straining."
440000 ,,,,,2400020,,,,,,,,,,,,,,,The urethral opening at the tip of my fingers starts to tremble as it brushes against it.
440100 ,,,,,2400020,,コマコ,コマコ,210_KE00_k_044.wav,komako,,0,,,,,,,,"Nnnn...... I'm gonna go...... I'm gonna pee...... it's hot, it's itchy..."
440200 ,,,,,2400020,,主人公,＜名＞,,,,,,,,,,,,"Okay, go all out! Shhh, come on, come on, come on, shhh come on, come on, come on!"
440300 ,,,,,2400020,,,,,,,,,,,,,,,"While saying a set phrase to encourage the baby to urinate, gently tickle the urethral opening."
440400 ,,,,,2400020,,コマコ,コマコ,210_KE00_k_045.wav,komako,,0,,,,,,,,"Ah, ah, ahh, don't say it like that, it's embarrassing, ah, I can't take it anymore!"
440500 ,,,,,2400020,,,,,,,,,,,,,,,Komako-chan's body trembled violently.
440600 ,,,,,2400020,,コマコ,コマコ,210_KE00_k_046.wav,komako,,0,,,,,,,,It's coming out! Noooo! Uncle! I'm peeing! I'm peeing! It's leaking! Aaaaaahhhhh!
440800 ,,<!se_piss>,,,2400030,,,,,,,,,,,,,,,Pshhhhh!
440900 ,,,,,2400030,,コマコ,コマコ,210_KE00_k_047.wav,komako,,0,,,,,,,,Ahhh▼
441000 ,,,,,2400030,,,,,,,,,,,,,,,"Just as Komako-chan let out a sweet voice, a spray of golden water shot up with a *pwshaaaaaaah*!"
441100 ,,,,,2400030,,コマコ,コマコ,210_KE00_k_048.wav,komako,,0,,,,,,,,"Fwaaaahhh... it's coming out, pee is coming out! Ahh, nnnngh, don't look... fwaaaahhh..."
441200 ,,,,,2400030,,主人公,＜名＞,,,,,,,,,,,,Ohhhh~
441300 ,,,,,2400030,,,,,,,,,,,,,,,Koma-chan's pee drew a beautiful golden arch and dripped jiggly-jiggly into the Tanumen cup.
441400 ,,,,,2400030,,,,,,,,,,,,,,,Komako-chan is staring at it with a bright red face.
441500 ,,,,,2400030,,コマコ,コマコ,210_KE00_k_049.wav,komako,,0,,,,,,,,"It can't stop, it really can't stop... I can't hold it anymore... Ugh, why does it have to be now, of all times, so much... ughh!"
441600 ,,,,,2400030,,,,,,,,,,,,,,,"I think if you're embarrassed, you shouldn't have to look, but maybe you just can't take your eyes off it."
441700 ,,,,,2400030,,,,,,,,,,,,,,,"While watching the grand peeing arch, Komako-chan squirming around is so cute that the old man is happy, though!"
441800 ,,,,,2400030,,コマコ,コマコ,210_KE00_k_050.wav,komako,,0,,,,,,,,"Y-yah... it's spilling over, overflowing... y-yuck, so much, my pee is everywhere... y-yuck, a-ah... but it still won't stop, I want it to stop..."
441900 ,,,,,2400030,,,,,,,,,,,,,,,"The urethra was stimulated, and perhaps because the urine had been held in, the amount was plentiful."
442000 ,,,,,2400030,,,,,,,,,,,,,,,"Comako-chan, writhing in shame from the pee still overflowing and continuing to spurt from Tanumen's cup."
442100 ,,,,,2400030,,,,,,,,,,,,,,,I thoroughly enjoyed that sight from the first-class seat.
442300 ,,,,,2400040,,コマコ,コマコ,210_KE00_k_051.wav,komako,,0,,,,,,,,Haaaa... haaa... haaaaa...
442400 ,,,,,2400040,,,,,,,,,,,,,,,"Finally, when the peeing stopped, Komako-chan leaned her weight on me and relaxed."
442500 ,,,,,2400040,,コマコ,コマコ,210_KE00_k_052.wav,komako,,0,,,,,,,,"Ugh, I can't take it anymore... It's too embarrassing, this kind of thing..."
442600 ,,,,,2400040,,,,,,,,,,,,,,,She must have been so embarrassed that she was lost in thought with teary eyes.
442700 ,,,,,2400040,,,,,,,,,,,,,,,"But at the same time, his crotch wasn't just wet from pee―it was slightly damp with love juice too."
442800 ,,,,,2400040,,主人公,＜名＞,,,,,,,,,,,,Was it just embarrassing? Didn't you feel good about it?
442900 ,,,,,2400040,,コマコ,コマコ,210_KE00_k_053.wav,komako,,0,,,,,,,,Something like that...... nngghh
443000 ,,,,,2400040,,,,,,,,,,,,,,,"Before being denied, he tickles his wet urethral opening with his finger again after peeing."
443100 ,,,,,2400040,,主人公,＜名＞,,,,,,,,,,,,"You held in your pee for so long while being messed with here, right? Doing it outside felt so good, didn't it?"
443200 ,,,,,2400040,,コマコ,コマコ,210_KE00_k_054.wav,komako,,0,,,,,,,,"...if you keep saying embarrassing things like that, I might quit being your lover."
443300 ,,,,,2400040,,主人公,＜名＞,,,,,,,,,,,,"Wahhh, sorry sorry, I won't say it anymore!"
443400 ,,,,,2400040,,,,,,,,,,,,,,,Giving up my lover is out of the question. I hurriedly apologized.
443500 ,,,,,2400040,,,,,,,,,,,,,,,Komako-chan sighed helplessly and leaned her head against my chest.
443600 ,,,,,2400040,,コマコ,コマコ,210_KE00_k_055.wav,komako,,0,,,,,,,,"......but if Uncle is a good boy, I might give you another reward by letting you pee again too."
443700 ,,,,,2400040,,主人公,＜名＞,,,,,,,,,,,,"Huh, really?!"
443800 ,,,,,2400040,,コマコ,コマコ,210_KE00_k_056.wav,komako,,0,,,,,,,,"Be a good girl, okay?"
443900 ,,,,,2400040,,,,,,,,,,,,,,,"And this time, Komako-chan finally gets off my lap."
444000 ,$event_return,,,,,,,,,,,,,,,,,,,
444200 ,,<!scene_h_end>,3,,,,,,,,,,,,,,,,,"She quickly put on her panties and pants, still blushing shyly as she pointed at the tanuki."
444300 ,,,,,,,コマコ,コマコ,210_KE00_k_057.wav,komako,,16,,,,,,,,So... are you really going to eat that?
444400 ,,,,,,,主人公,＜名＞,,komako,,16,,,,,,,,"Yeah, I'll eat it!"
444500 ,,,,,,,,,,komako,,16,,,,,,,,"I had prepared the disposable chopsticks in advance, broke them, and immediately picked up the cup."
444600 ,,,,,,,主人公,＜名＞,,komako,,16,,,,,,,,Got it! (I'm off!)'' or ''I'm leaving!
444700 ,,,,,,,,,,komako,,16,,,,,,,,"After drinking the soup with too much urine lightly, I stabbed it with chopsticks."
444800 ,,,,,,,,,,komako,,16,,,,,,,,"It's a little soggy from the urine, but I'm still crunching on the slightly chewy tanmen."
444900 ,,,,,,,,,,komako,,16,,,,,,,,"Hmm, it's quite salty, but that's the good part! It's 100% Komako-chan extract!"
445000 ,,,,,,,,,,komako,,16,,,,,,,,"Next to me happily eating the ''mogu mogu'' urination ramen, Komako-chan sat down."
445100 ,,,,,,,コマコ,コマコ,210_KE00_k_058.wav,komako,,31,,,,,,,,Is it delicious?
445200 ,,,,,,,主人公,＜名＞,,komako,,31,,,,,,,,Yeah!
445300 ,,,,,,,コマコ,コマコ,210_KE00_k_059.wav,komako,,26,,,,,,,,"Oh, I see.... Does that mean you like me?"
445400 ,,,,,,,主人公,＜名＞,,komako,,26,,,,,,,,"Yeah, that's right! Uncle loves Komako-chan so much!"
445500 ,,,,,,,,,,komako,,26,,,,,,,,"She said that, and Komako-chan gave me a little smile."
445600 ,,,,,,,,,,komako,,26,,,,,,,,Reach out and stroke my head gently.
445700 ,,,,,,,コマコ,コマコ,210_KE00_k_060.wav,komakoL,,22,,,,,,,,"Yeah, good boy, good boy."
445800 ,,,,,,,,,,komakoL,,22,,,,,,,,"There are no words of love from Komako-chan. But her hand stroking my head is very gentle and feels so good, making me happy."
445900 ,,,,,,,,,,komakoL,,22,,,,,,,,I felt Komako-chan's love fully from that hand.
446000 ,,,,,,,主人公,＜名＞,,komakoL,,22,,,,,,,,"...So, can you let me have some fun?"
446100 ,,,,,,,コマコ,コマコ,210_KE00_k_061.wav,komakoL,,11,,,,,,,,That's no good. I told you today's no good.
446200 ,,,,,,,,,,komakoL,,11,,,,,,,,"The way I'm being treated like a pet, Komako-chan glares at me."
446300 ,,,,,,,,,,komakoL,,11,,,,,,,,"But then, they lightly tapped my head with a *pon pon* sound and laughed."
446400 ,,,,,,,コマコ,コマコ,210_KE00_k_062.wav,komakoL,,22,,,,,,,,"But... if it weren't today, it would be fine. Please make me feel good again, my lover."
446500 ,,,,,,,,,,komakoL,,22,,,,,,,,"To those words, I nodded cheerfully."
446600 ,,,,,,,主人公,＜名＞,,komakoL,,22,,,,,,,,"Yeah, of course!"
446700 ,,,,,,,,,,komakoL,,22,,,,,,,,"One day, aiming to become the ''main one'' for my lover."
446800 ,$exit komako,,,,,,,,,,,,,,,,,,,END
447000 ,@211_KE01,,,,,,,,,,,,,,,,,,,
447300 ,,<!Lbegin_day_change>,8,11,,,千恵,千恵,211_KE01_c_000.wav,"chie,privateB",,21,,,,,,,",'Bye-bye, Komako-chan, see ya!'"
447400 ,,,,,,,甜花,甜花,211_KE01_t_000.wav,"tenka,private",,1,,,,,,,",'Komako, see you tomorrow!'"
447500 ,,,,,,,コマコ,コマコ,211_KE01_k_000.wav,"komako,privateB",,1,,,,,,,",'Yeah, see you tomorrow.'"
447600 ,,,,,,,,,,,,,,,,,,,,"Since then, a year has passed, and summer has come again."
447700 ,,,,,,,,,,,,,,,,,,,,"Komako-chan and her friends still come to my shop as usual, the three of them getting along well and playing around."
447800 ,,,,,,,,,,,,,,,,,,,,If you're talking about unusual things―
448000 ,,<!move_middle_r>,3,31,,,主人公,＜名＞,,,,,,,,,,,,Did the kids go home already?
448100 ,,,,,,,コマコ,コマコ,211_KE01_k_001.wav,komako,,2,,,,,,,,Uh-huh.
448200 ,,,,,,,,,,komako,,2,,,,,,,,"After the two left, it became a habit for Komako-chan to always stay behind like this."
448300 ,,,,,,,,,,komako,,2,,,,,,,,"At first, there were a lot of scenes where Chi-chan and Komako-chan were being affectionate."
448400 ,,,,,,,,,,komako,,2,,,,,,,,"As Chi-chan's cute and affectionate moments weren't enough to satisfy her, Komako-chan started to want to have sex with me more and more."
448500 ,,,,,,,,,,komako,,2,,,,,,,,That's right! All the effort I put into making my old man's dick feel so good was worth it.
448600 ,,,,,,,,,,komako,,2,,,,,,,,"And then, Komako-chan, who had gotten completely hooked on middle-thrust orgasms, her stomach was―"
448700 ,,,,,,,コマコ,コマコ,211_KE01_k_002.wav,komako,,22,,,,,,,,......
448800 ,,,,,,,,,,komako,,22,,,,,,,,"It doesn't stand out much when worn over clothes, but it's puffed up and rounded."
448900 ,,,,,,,,,,komako,,22,,,,,,,,There is a baby of me and Komako-chan inside my stomach.
449000 ,,,,,,,,,,komako,,22,,,,,,,,"Lately, I've started lactating, so if I leave it as is, my clothes get wet and my chest feels tight, so after school, I've been having my boyfriend milk me."
449100 ,,,,,,,主人公,＜名＞,,komako,,22,,,,,,,,I hope Komako-chan and the old man's baby are born soon. I'm looking forward to it!
449200 ,,,,,,,コマコ,コマコ,211_KE01_k_003.wav,komako,,14,,,,,,,,......
449300 ,,,,,,,,,,komako,,14,,,,,,,,"While saying that, just like always, she tightly hugs Komako-chan and nuzzles her cheek."
449400 ,,,,,,,,,,komako,,14,,,,,,,,"Normally, she would say something like, ''We'll raise it together, you and me,'' while petting my head, it's Komako-chan though...."
449500 ,,,,,,,,,,komako,,14,,,,,,,,"Today, he/she is still sulking and won't say anything."
449600 ,,,,,,,主人公,＜名＞,,komako,,14,,,,,,,,What's wrong...?
449700 ,,,,,,,,,,komako,,14,,,,,,,,"When I asked nervously, Komako-chan finally glanced at me."
449800 ,,,,,,,コマコ,コマコ,211_KE01_k_004.wav,komako,,34,,,,,,,,"Today, I was supposed to swim, but I couldn't swim with everyone."
449900 ,,,,,,,主人公,＜名＞,,komako,,34,,,,,,,,What? What's wrong? A cold?
450000 ,,,,,,,コマコ,コマコ,211_KE01_k_005.wav,komako,,14,,,,,,,,"No, before swimming, when I showed my stomach to Chi-chan and Tenka-chan... they said it was too eye-catching."
450100 ,,,,,,,,,,komako,,14,,,,,,,,Komako-chan puffing out her cheeks.
450200 ,,,,,,,コマコ,コマコ,211_KE01_k_006.wav,komako,,34,,,,,,,,"So, I quit swimming. Hmm..., I was really looking forward to playing with everyone."
450300 ,,,,,,,主人公,＜名＞,,komako,,34,,,,,,,,"Oh, I see. That was too bad..."
450400 ,,,,,,,,,,komako,,34,,,,,,,,"Oh, I see. Yeah, I guess with a big belly, you can't swim, huh."
450500 ,,,,,,,主人公,＜名＞,,komako,,34,,,,,,,,"Well, but, see, it's almost time for it to be born, so if that happens, you can come play again. Uncle will take care of the baby for you."
450600 ,,,,,,,コマコ,コマコ,211_KE01_k_007.wav,komako,,2,,,,,,,,.........uh-huh.
450700 ,,,,,,,主人公,＜名＞,,komako,,2,,,,,,,,"For now, let's squeeze the boobs again today. Your chest must be swollen and painful, right?"
450800 ,,,,,,,コマコ,コマコ,211_KE01_k_008.wav,komako,,22,,,,,,,,"...............uh, yeah."
451000 ,,<!scene_h_begin>,10,,2410000,,,,,,,,,,,,,,,
451100 ,*mem,,,,2410000,,,,,,,,,,,,,,,
451200 ,,,10,,2410000,,,,,,,,,,,,,,,"Komako-chan still seemed a little in a bad mood, but she started taking off her clothes."
451300 ,,,,,2410000,,,,,,,,,,,,,,,"It's not very noticeable over clothes, but it really stands out when you're in a swimsuit."
451400 ,,,,,2410000,,,,,,,,,,,,,,,"......what, a swimsuit?"
451500 ,,,,,2410000,,コマコ,コマコ,211_KE01_k_009.wav,komako,,0,,,,,,,,"I was planning to swim, so I went wearing a swimsuit."
451600 ,,,,,2410000,,,,,,,,,,,,,,,"As if reading the doubts in her heart, Komako-chan murmured softly."
451700 ,,,,,2410000,,,,,,,,,,,,,,,"Hmm, I'm sure they were really looking forward to the pool. When they're born, I'll definitely take them there."
451800 ,,,,,2410000,,主人公,＜名＞,,,,,,,,,,,,"Oh, I see. But yeah, this belly does stand out a bit, doesn't it?"
451900 ,,,,,2410000,,コマコ,コマコ,211_KE01_k_010.wav,komako,,0,,,,,,,,right?
452000 ,,,,,2410000,,,,,,,,,,,,,,,"While speaking, gently stroke Komako-chan's belly. Then, inside, the baby kicked its hand with a *thud*."
452100 ,,,,,2410000,,主人公,＜名＞,,,,,,,,,,,,"Ah, it moved! The baby just moved!"
452200 ,,,,,2410000,,コマコ,コマコ,211_KE01_k_011.wav,komako,,0,,,,,,,,"It's not like it's my first time, so you don't have to get so excited about it, okay?"
452300 ,,,,,2410000,,,,,,,,,,,,,,,"Normally, she would always be happy to join in with me, but today's Komako-chan seems quite off."
452400 ,,,,,2410000,,主人公,＜名＞,,,,,,,,,,,,"Sorry... but, well, it's still the baby of my favorite Komako-chan, after all."
452500 ,,,,,2410000,,,,,,,,,,,,,,,Gently place your ear against Komako-chan's belly and speak to the baby.
452600 ,,,,,2410000,,主人公,＜名＞,,,,,,,,,,,,"Baby, be a good girl for just a little longer. Mommy's going to pump her breast now, okay?"
452700 ,,,,,2410000,,コマコ,コマコ,211_KE01_k_012.wav,komako,,0,,,,,,,,......
452800 ,,,,,2410000,,,,,,,,,,,,,,,Reaching out to Komako-chan's still grumpy breasts and starting to gently stroke them.
452900 ,,,,,2410000,,,,,,,,,,,,,,,The already rock-hard breasts immediately peaked with a stiffened nipple.
453000 ,,,,,2410010,,コマコ,コマコ,211_KE01_k_013.wav,komako,,0,,,,,,,,Nnnn...
453200 ,,,,,2410010,,,,,,,,,,,,,,,"And then, the milk starts to seep out little by little."
453300 ,,,,,2410010,,,,,,,,,,,,,,,"The fabric around the nipple was wet, and the area became a deeper shade of color."
453400 ,,,,,2410010,,主人公,＜名＞,,,,,,,,,,,,"Oh, it's already out. You must have been holding it in a lot today, weren't you? Didn't it hurt?"
453500 ,,,,,2410010,,コマコ,コマコ,211_KE01_k_014.wav,komako,,0,,,,,,,,"It's gotta be hard, isn't it? ... You don't have to say it every time."
453600 ,,,,,2410010,,,,,,,,,,,,,,,"Her cheeks flushed, Komako-chan turned her face away with a mix of embarrassment and something else―maybe annoyance?"
453700 ,,,,,2410010,,,,,,,,,,,,,,,"But lately, I've gotten used to this kind of attitude, so there's no need to worry."
453800 ,,,,,2410010,,,,,,,,,,,,,,,"For now, I'll do what I can as a father."
453900 ,,,,,2410010,,主人公,＜名＞,,,,,,,,,,,,Don't worry. I'll make you feel good right now.
454000 ,,,,,2410010,,,,,,,,,,,,,,,"The stretched, hardened breasts were gently kneaded and loosened. A warm liquid slowly soaked my hands."
454100 ,,,,,2410010,,,,,,,,,,,,,,,"My stomach is going pukun, pukun."
454200 ,,,,,2410010,,主人公,＜名＞,,,,,,,,,,,,Can you tell if the milk is coming out? The baby seems happy.
454300 ,,,,,2410010,,コマコ,コマコ,211_KE01_k_015.wav,komako,,0,,,,,,,,".........uh, yeah."
454400 ,,,,,2410010,,主人公,＜名＞,,,,,,,,,,,,"Your chest is growing a little bigger, and it seems like you're almost ready to become a mom now. You're amazing, Komako."
454500 ,,,,,2410010,,コマコ,コマコ,211_KE01_k_016.wav,komako,,0,,,,,,,,"Uh... uh, uh, y-yeah."
454600 ,,,,,2410010,,,,,,,,,,,,,,,"As I pinch her nipples to prepare for milking, her expression gradually softened while she talked to me."
454700 ,,,,,2410010,,,,,,,,,,,,,,,The feeling of comfort and love for the baby started to win over anger. That's how it feels.
454800 ,,,,,2410020,,主人公,＜名＞,,,,,,,,,,,,"Then, today too... let's eat!"
455000 ,,,,,2410020,,,,,,,,,,,,,,,"With a happy sound, I slid the shoulder strap of my swimsuit aside to expose my breasts and then took Coma-chan's nipple into my mouth."
455100 ,,,,,2410020,,,,,,,,,,,,,,,"It smells like the taste of some milk candy, so sweet. It's Mom's taste."
455200 ,,,,,2410020,,,,,,,,,,,,,,,I got excited as hell thinking that Komako-chan's still childlike chest in her swimsuit tasted like Mom's.
455300 ,,,,,2410020,,,,,,,,,,,,,,,"Usually, I get excited during milking, but with the swimsuit effect today, it's intense. My dick is already rock hard in response."
455400 ,,,,,2410030,,コマコ,コマコ,211_KE01_k_017.wav,komako,,0,,,,,,,,"Nn... Uncle's tongue is warm... nn..., you're sucking so hard like a baby..."
455500 ,,,,,2410030,,,,,,,,,,,,,,,Komako-chan is still looking a bit shy while petting my head.
455600 ,,,,,2410030,,,,,,,,,,,,,,,It seems like their mood has improved a bit.
455700 ,,,,,2410030,,主人公,＜名＞,,,,,,,,,,,,"Because, Komako-chan's boobs are delicious. With this, the baby will surely be delighted!"
455800 ,,,,,2410030,,コマコ,コマコ,211_KE01_k_018.wav,komako,,0,,,,,,,,"Ahhh......nnnnnnghhh......is that so......?　nnnnghhh, nnnnnghhhh......"
455900 ,,,,,2410030,,主人公,＜名＞,,,,,,,,,,,,"Mmm... Uncle, I get so absorbed in drinking that... chuck!"
456000 ,,,,,2410030,,コマコ,コマコ,211_KE01_k_019.wav,komako,,0,,,,,,,,"Ugh, you're really like a baby now. Bad old man... nnnnnghhhh!"
456100 ,,,,,2410030,,,,,,,,,,,,,,,"The sweet milk-flavored nipple rolls around on my tongue, getting harder and harder."
456200 ,,,,,2410030,,,,,,,,,,,,,,,"Gently pinch with the lips and softly bite, then suckle with a *chup-chup* sound."
456300 ,,,,,2410030,,,,,,,,,,,,,,,"Then, sweet breast milk would keep coming into my mouth with a *phew* sound."
456400 ,,,,,2410030,,コマコ,コマコ,211_KE01_k_020.wav,komako,,0,,,,,,,,"Nn, nnnnn......a......my chest, it might be getting hard again..."
456500 ,,,,,2410030,,,,,,,,,,,,,,,"When I inhale, does it make my milk come out? Komako-chan squirmed her hips."
456600 ,,,,,2410030,,主人公,＜名＞,,,,,,,,,,,,Got it. I'll make it easy for you now.
456700 ,,,,,2410030,,,,,,,,,,,,,,,"It's not just about sucking, but also kneading the breasts with your hands, and squeezing the area near the nipples tightly."
456800 ,,,,,2410030,,,,,,,,,,,,,,,The force of the milk shooting out with a ''phewuuuuttt'' grew stronger.
456900 ,,,,,2410030,,コマコ,コマコ,211_KE01_k_021.wav,komako,,0,,,,,,,,"Nnnnnnnnngh...... hhhhhh...... it's amazing, my boobs are leaking......"
457000 ,,,,,2410030,,主人公,＜名＞,,,,,,,,,,,,"Yeah, weren't you uncomfortable being so tense during class?"
457100 ,,,,,2410030,,コマコ,コマコ,211_KE01_k_022.wav,komako,,0,,,,,,,,"It was a little painful, so... *ngh*, I squeezed it out during break in the girls' bathroom..."
457200 ,,,,,2410030,,,,,,,,,,,,,,,"Ohhhh, Komako-chan's self-milking! And in her swimsuit plus school uniform! I wanted to see that!"
457300 ,,,,,2410030,,,,,,,,,,,,,,,"Oh, but just imagining it made my cock get harder and harder."
457400 ,,,,,2410030,,,,,,,,,,,,,,,"Uh, since having a baby, sex has been forbidden forever... I guess I have to hold it in again today too, huh?"
457500 ,,,,,2410030,,主人公,＜名＞,,,,,,,,,,,,"Oh, I see. That must have been tough. If Uncle had been able to go to school, he could have helped out, I'm sorry."
457600 ,,,,,2410030,,コマコ,コマコ,211_KE01_k_023.wav,komako,,0,,,,,,,,"Nnngg...... since Uncle isn't a teacher, there's no way around it..."
457700 ,,,,,2410030,,,,,,,,,,,,,,,"But if I said I wanted to have sex, I'd get scolded, so I desperately held back and only thought about how to make Komako-chan comfortable."
457800 ,,,,,2410030,,,,,,,,,,,,,,,"And as for the fact that I've been holding back on sex, it's nice that you let me do things like this milking, and you're also kind in other ways too."
458000 ,,,,,2410030,,コマコ,コマコ,211_KE01_k_024.wav,komako,,0,,,,,,,,"Haaaaah... hnnnngh... and, if I get sucked like this in school, it's embarrassing..."
458100 ,,,,,2410030,,,,,,,,,,,,,,,"Komako-chan rubbed her inner thighs together in a fidgety, desirous way."
458200 ,,,,,2410030,,,,,,,,,,,,,,,"The nipples are fully erect and hard, shooting out milk like a cumshot with a *pyt pyt* sound."
458300 ,,,,,2410030,,主人公,＜名＞,,,,,,,,,,,,Are you touching me that way on purpose?
458400 ,,,,,2410030,,コマコ,コマコ,211_KE01_k_025.wav,komako,,0,,,,,,,,"Nnnnngh... you're doing it. You said you wanted a baby, but still no. Babies don't suck like that."
458500 ,,,,,2410030,,主人公,＜名＞,,,,,,,,,,,,What kind of way of drinking is that?
458600 ,,,,,2410030,,コマコ,コマコ,211_KE01_k_026.wav,komako,,0,,,,,,,,''Haaaaaa
458700 ,,,,,2410030,,,,,,,,,,,,,,,"Since the baby was born, Komako-chan seemed to have become even more sensitive, with her nipples being sucked and licked, and she seemed to be really enjoying it."
458800 ,,,,,2410030,,,,,,,,,,,,,,,"Especially when kneading the breasts while licking the tip back and forth, she squirmed with a suggestive reaction, her thighs pressing together tightly."
458900 ,,,,,2410030,,コマコ,コマコ,211_KE01_k_027.wav,komako,,0,,,,,,,,"Hey, that... the boobs, you're squeezing them... so, don't lick like that, chiro-chiro, okay? ...nnnghhh..."
459000 ,,,,,2410030,,主人公,＜名＞,,,,,,,,,,,,"When you do it like that, you can make it come out even more, just like peeing."
459100 ,,,,,2410030,,,,,,,,,,,,,,,Spewing nonsense while this time sucking strongly.
459200 ,,,,,2410030,,,,,,,,,,,,,,,"Then again, with a *phew!* *phew!* the breasts energetically started gushing out."
459300 ,,,,,2410030,,コマコ,コマコ,211_KE01_k_028.wav,komako,,0,,,,,,,,"Don't mix peeing and breasts together... come on, Uncle, you're so lacking in delicacy... nnnnnghhhhh!"
459400 ,,,,,2410030,,主人公,＜名＞,,,,,,,,,,,,"Sorry, sorry. As an apology, I'll squeeze your breasts properly for you."
459500 ,,,,,2410030,,コマコ,コマコ,211_KE01_k_029.wav,komako,,0,,,,,,,,"Ahhhhnn....... so, don't do it too much... ahhhhhhh, ahhhhnn...."
459600 ,,,,,2410030,,,,,,,,,,,,,,,"Squeeze the area around the areola tightly like milking a cow, twisting and rolling your fingertips while kneading the entire breast."
459700 ,,,,,2410030,,,,,,,,,,,,,,,"And then, the tip was placed in the mouth and sucked up."
459800 ,,,,,2410030,,,,,,,,,,,,,,,Komako-chan shakes her whole body as she literally milking.
459900 ,,,,,2410030,,コマコ,コマコ,211_KE01_k_030.wav,komako,,0,,,,,,,,"''Hyaaaahhh, boobs, they're amazing... if you do that, I'll spill over so much, nnnnnghhhh, nnnnnghh"
460000 ,,,,,2410030,,,,,,,,,,,,,,,"I can feel the baby kicking around inside my belly, like pokon pokon, and it seems like they're happy too."
460100 ,,,,,2410030,,コマコ,コマコ,211_KE01_k_031.wav,komako,,0,,,,,,,,''Haaaaaa
460200 ,,,,,2410030,,,,,,,,,,,,,,,The gap in the tightly fitting swimsuit quivers slightly.
460300 ,,,,,2410030,,,,,,,,,,,,,,,It looks like Komako-chan is about to cum.
460400 ,,,,,2410030,,,,,,,,,,,,,,,"I kept milking her mercilessly, and then I sucked her nipple particularly hard."
460500 ,,,,,2410030,,コマコ,コマコ,211_KE01_k_032.wav,komako,,0,,,,,,,,''Nnnnnnn
460600 ,,,,,2410030,,,,,,,,,,,,,,,Komako-chan stiffens her entire body with a ''bikun!''
460800 ,,,,,2410040,,,,,,,,,,,,,,,"With a huge *pwhoosh*, her breasts gushed out spectacularly."
460900 ,,,,,2410040,,コマコ,コマコ,211_KE01_k_033.wav,komako,,0,,,,,,,,"Fua......ahhh......nnghh, I'm cumming, I'm cumming nooooo!"
461000 ,,,,,2410040,,,,,,,,,,,,,,,"Phew... phew... just like she's really ejaculating, Coma-chan's milk shoots out in sync with her orgasm."
461100 ,,,,,2410040,,,,,,,,,,,,,,,It looked like a fountain.
461200 ,,,,,2410040,,主人公,＜名＞,,,,,,,,,,,,"Okay, come all over me, and have a good time."
461300 ,,,,,2410040,,コマコ,コマコ,211_KE01_k_034.wav,komako,,0,,,,,,,,"Ah, nnnngh, ahhh... y-y-you're bad, I'm cumming, I'm cumming, so don't rub my nipples like that, nnnnnghhhhh!"
461400 ,,,,,2410040,,,,,,,,,,,,,,,Squeeze and stroke the nipples of the excited Komako-chan like a penis.
461500 ,,,,,2410040,,,,,,,,,,,,,,,"As a result, the force of the breast milk spraying out became even stronger with a ''phew!'' sound."
461600 ,,,,,2410040,,,,,,,,,,,,,,,Komako-chan's face was droopy as she shook her knees tremulously.
461700 ,,,,,2410040,,コマコ,コマコ,211_KE01_k_035.wav,komako,,0,,,,,,,,''Fuh-ahhhh!! Again... again... I'm cumming from the boobs againggg...... I'm cummmmmmm
461800 ,,,,,2410040,,,,,,,,,,,,,,,*puuuuuuu
461900 ,,,,,2410040,,,,,,,,,,,,,,,The tightly stuffed breasts of Komako-chan kept leaking until they softened.
462000 ,,,,,2410040,,,,,,,,,,,,,,,"It already feels good just from the milk coming out, and Komako-chan's face is all droopy."
462100 ,,,,,2410040,,コマコ,コマコ,211_KE01_k_036.wav,komako,,0,,,,,,,,"Fuah......a, a, n......it's no good anymore......"
462300 ,,,,,2410050,,,,,,,,,,,,,,,"Finally, Komako-chan, whose breasts had stopped, slumped her shoulders in exhaustion."
462400 ,,,,,2410050,,コマコ,コマコ,211_KE01_k_037.wav,komako,,0,,,,,,,,Ugh... I *did* decide today was absolutely no boob-induced orgasm... but...
462500 ,,,,,2410050,,,,,,,,,,,,,,,Komako-chan glared at me shyly.
462600 ,,,,,2410050,,主人公,＜名＞,,,,,,,,,,,,"Well, but even Komako-chan doesn't hate how it feels, right? And the baby was happy about it too."
462700 ,,,,,2410050,,,,,,,,,,,,,,,"Saying so, I gently stroked Komako-chan's stomach."
462800 ,,,,,2410050,,コマコ,コマコ,211_KE01_k_038.wav,komako,,0,,,,,,,,"Well, that's true, but..."
462900 ,,,,,2410050,,,,,,,,,,,,,,,"Komako-chan looks like she's slouching shyly, but her face is still a little round and chubby."
463000 ,,,,,2410050,,,,,,,,,,,,,,,"The nipples were still standing stiffly, wet with milk and white...... it was so erotic."
463100 ,,,,,2410050,,,,,,,,,,,,,,,"Moreover, the plump, swollen belly is covered by a school swimsuit. The contrast makes my cock throb with anticipation."
463200 ,,,,,2410050,,主人公,＜名＞,,,,,,,,,,,,"Hey, Komako-chan."
463300 ,,,,,2410050,,,,,,,,,,,,,,,"After all, my body, which had been abstaining for so long, was too much of an eyesore in its current state, and I couldn't help but rub my groin against Komako-chan's thigh."
463400 ,,,,,2410050,,,,,,,,,,,,,,,"At least, I was hoping you could do it with your hands, or something like that."
463500 ,,,,,2410050,,コマコ,コマコ,211_KE01_k_039.wav,komako,,0,,,,,,,,No to being naughty. There's a baby around.
463600 ,,,,,2410050,,,,,,,,,,,,,,,"But, I was bluntly told that by Komako-chan."
463700 ,,,,,2410050,,,,,,,,,,,,,,,"Ugh, if you say that, I just end up wanting to do it even more. Or rather, I still don't want to do it with my hands or mouth."
463800 ,,,,,2410050,,,,,,,,,,,,,,,I want to have sex with Komako-chan!
463900 ,,,,,2410050,,主人公,＜名＞,,,,,,,,,,,,"But but, once a baby is born, I'll be able to swim again. And it's about the time when it wouldn't be strange for one to be born anyway..."
464000 ,,,,,2410050,,コマコ,コマコ,211_KE01_k_040.wav,komako,,0,,,,,,,,"But, you haven't been born yet..."
464100 ,,,,,2410050,,主人公,＜名＞,,,,,,,,,,,,"Maybe you won't be born because we're not having sex, huh? Hey, old man, you've heard that before, right?"
464200 ,,,,,2410050,,,,,,,,,,,,,,,"Since forcing her is absolutely out of the question, I'll try to convince Komako by showing off my half-baked knowledge."
464300 ,,,,,2410050,,主人公,＜名＞,,,,,,,,,,,,"When a baby doesn't come out easily, they say there's a 'welcome stick,' and if you poke it with your dick, it comes out, they say!"
464400 ,,,,,2410050,,コマコ,コマコ,211_KE01_k_041.wav,komako,,0,,,,,,,,Really?... Won't the baby be scared?
464500 ,,,,,2410050,,,,,,,,,,,,,,,"Komako-chan looked at me with a skeptical expression. I nodded roughly, breathing heavily."
464600 ,,,,,2410050,,主人公,＜名＞,,,,,,,,,,,,"You're right. You know, I've been saying I was doing it for the baby all this time, so I must have overslept the baby."
464700 ,,,,,2410050,,コマコ,コマコ,211_KE01_k_042.wav,komako,,0,,,,,,,,Is that so...?
464800 ,,,,,2410050,,主人公,＜名＞,,,,,,,,,,,,"Yeah, so let's wake up the sleeping baby with a boner. Then it'll be born soon! Really!"
464900 ,,,,,2410050,,,,,,,,,,,,,,,"While desperately pleading with Komako-chan, looking into her eyes."
465000 ,,,,,2410050,,コマコ,コマコ,211_KE01_k_043.wav,komako,,0,,,,,,,,Hmm~...
465100 ,,,,,2410050,,,,,,,,,,,,,,,"Komako-chan was resting her hand on her cheek and thinking, but eventually nodded with a ''ko-kun.''"
465200 ,,,,,2410050,,コマコ,コマコ,211_KE01_k_044.wav,komako,,0,,,,,,,,"Got it. Old man, you've always kept your promises, and lately you haven't lied either... it's fine."
465300 ,,,,,2410050,,主人公,＜名＞,,,,,,,,,,,,Yattaa! Arigatou!
465400 ,,,,,2410050,,コマコ,コマコ,211_KE01_k_045.wav,komako,,0,,,,,,,,"But to avoid scaring the baby too much, don't overdo it, okay?"
465500 ,,,,,2410050,,主人公,＜名＞,,,,,,,,,,,,"Yeah, I got it."
465600 ,,,,,2410050,,コマコ,コマコ,211_KE01_k_046.wav,komako,,0,,,,,,,,Then... shall we go?
465800 ,,<!scene_h_begin>,9,,2411000,,,,,,,,,,,,,,,Komako-chan shifted her swimsuit herself and spread her pussy open for me.
465900 ,,,,,2411000,,,,,,,,,,,,,,,"Just now, after squirting cum, I slowly pressed my glans against the slippery, wet spot and began to enter."
466000 ,,,,,2411000,,コマコ,コマコ,211_KE01_k_047.wav,komako,,0,,,,,,,,"Uh, ahhh...... f-fut...... i...... nnnngg, did my dick get this thick...?"
466100 ,,,,,2411000,,,,,,,,,,,,,,,"It's been a while since I've had a dick, and Komako-chan let out a pained moan."
466200 ,,,,,2411000,,,,,,,,,,,,,,,"Maybe it's because I haven't been doing it for a while lately, or maybe it's because I have a baby, but my pussy feels tighter than before."
466300 ,,,,,2411000,,,,,,,,,,,,,,,It looked like it would be crushed tightly if pushed all the way in.
466400 ,,,,,2411000,,主人公,＜名＞,,,,,,,,,,,,"Yeah, it's really tight. Doesn't it hurt?"
466500 ,,,,,2411000,,コマコ,コマコ,211_KE01_k_048.wav,komako,,0,,,,,,,,"Nnngg...... it doesn't hurt, but it's a little hard...... maybe? Hahaha, my stomach is full with Uncle's dick..."
466600 ,,,,,2411000,,,,,,,,,,,,,,,Komako-chan rubbing her stomach while breathing heavily.
466700 ,,,,,2411000,,,,,,,,,,,,,,,"That kind of appearance is so sexy and cute that you can't help but want to thrust into it over and over, but you hold back with all your might."
466800 ,,,,,2411000,,主人公,＜名＞,,,,,,,,,,,,"We need to wake up the baby gently, so let's take our time."
466900 ,,,,,2411000,,コマコ,コマコ,211_KE01_k_049.wav,komako,,0,,,,,,,,"Uh, uh."
467000 ,,,,,2411000,,,,,,,,,,,,,,,"Fortunately, even though it was narrow, Komako-chan's place, which felt full of tits, was slippery, so the in-and-out of my dick was smooth."
467100 ,,,,,2411000,,,,,,,,,,,,,,,Slowly moving my hips while recalling the pleasant parts of Komako-chan.
467200 ,,,,,2411000,,コマコ,コマコ,211_KE01_k_050.wav,komako,,0,,,,,,,,"Nnngg, nnnn... the dick is rubbing so much... nnngg... my pussy is spreading open..."
467300 ,,,,,2411000,,主人公,＜名＞,,,,,,,,,,,,"Yeah, if you keep your pussy spread open like that, I think the baby will pass through more easily."
467400 ,,,,,2411000,,コマコ,コマコ,211_KE01_k_051.wav,komako,,0,,,,,,,,"Fwaahhh, nnngg...... oh, right, nnngg, the baby comes out from here, doesn't it......"
467500 ,,,,,2411000,,主人公,＜名＞,,,,,,,,,,,,"Yeah, Uncle, make sure you open the path for the baby with your dick, so Komako-chan can give birth comfortably."
467600 ,,,,,2411000,,,,,,,,,,,,,,,"Wiggle your hips in a circular motion, then start stirring it around."
467700 ,,,,,2411000,,,,,,,,,,,,,,,"Slowly widen the inside of the vagina with the penis, moving it in and out gently and loosening it up."
467800 ,,,,,2411000,,,,,,,,,,,,,,,"Right now, when I thought about a baby being born from Komako-chan's small pussy, where my dick is currently inside, I got really excited."
468000 ,,,,,2411010,,コマコ,コマコ,211_KE01_k_052.wav,komako,,0,,,,,,,,"Nnngh... fwaah... right now, my stomach just twitched... maybe the baby woke up..."
468100 ,,,,,2411010,,,,,,,,,,,,,,,"That way, as I stimulated various parts of Komako-chan's vagina with my cock, her stomach twitched."
468200 ,,,,,2411010,,,,,,,,,,,,,,,The vibrations from the uterus can even be felt at the tip of the penis.
468300 ,,,,,2411010,,主人公,＜名＞,,,,,,,,,,,,"Ah, it's true! I could feel it clearly in Uncle's dick too!"
468400 ,,,,,2411010,,コマコ,コマコ,211_KE01_k_053.wav,komako,,0,,,,,,,,"Nnngh, nnngh... if my pussy gets rubbed, my stomach gets all fluttery, I guess. Nnnghhh..."
468500 ,,,,,2411010,,,,,,,,,,,,,,,Komako-chan tilts her head with her usual ''I'm holding back a good feeling'' expression.
468600 ,,,,,2411010,,,,,,,,,,,,,,,"I was getting so excited that I thought our baby with Komako-chan was blessing this act, and I stroked my stomach."
468700 ,,,,,2411010,,主人公,＜名＞,,,,,,,,,,,,It looks like the baby is moving along with the motion of the penis. Do you think it shows that mom and dad are getting along well?
468800 ,,,,,2411010,,コマコ,コマコ,211_KE01_k_054.wav,komako,,0,,,,,,,,"Kuuu......nngg, b-besides, we're not that close......and, uncle isn't my dad, right? My dad's the one for chi-chan......nngg!"
468900 ,,,,,2411010,,主人公,＜名＞,,,,,,,,,,,,Don't be so mean! It's our first baby with Komako-chan and the uncle...
469000 ,,,,,2411010,,,,,,,,,,,,,,,"The tip of the penis pokes at the cervix, making the womb twitch sharply, *tsun*, *tsun*."
469100 ,,,,,2411010,,,,,,,,,,,,,,,"Then, a lively response came back as a vibration, like ''piku piku.''"
469200 ,,,,,2411010,,,,,,,,,,,,,,,"So happy that my stomach is being stroked, I can't help but thrust all the way into the deepest part."
469300 ,,,,,2411010,,コマコ,コマコ,211_KE01_k_055.wav,komako,,0,,,,,,,,Nnnnngh...... The baby's thrashing around so much...... What's suddenly going on......?
469400 ,,,,,2411010,,主人公,＜名＞,,,,,,,,,,,,"Surely, you know that your current little dick is your dad too. Hey, Komako-chan and my baby. Hurry up and be born!"
469500 ,,,,,2411010,,,,,,,,,,,,,,,"While thrusting in and out of Komako-chan's pussy, call out to her stomach."
469600 ,,,,,2411010,,,,,,,,,,,,,,,Komako-chan also gently rubbed her stomach while making a slightly confused face.
469700 ,,,,,2411010,,コマコ,コマコ,211_KE01_k_056.wav,komako,,0,,,,,,,,Nnngg...... idiot...... now...... the baby in my stomach already remembers my dad too...
469800 ,,,,,2411010,,主人公,＜名＞,,,,,,,,,,,,"Yeah, that's definitely it. Because if you greet with your dick, they'll respond. Look! Look!"
469900 ,,,,,2411010,,,,,,,,,,,,,,,"With a rhythmic *zupp* *zupp* sound, he thrusts his cock in and out, moving his hips in a way that makes Komako-chan's belly vibrate deeply."
470000 ,,,,,2411010,,,,,,,,,,,,,,,"Then, the baby kicked Komakochan's belly energetically enough to be clearly visible with a *pokon pokon* sound."
470100 ,,,,,2411010,,コマコ,コマコ,211_KE01_k_057.wav,komako,,0,,,,,,,,"Ah, uhhh......it's true......can't be helped, if the baby says so, then Uncle will be the father......uhhh, okay."
470200 ,,,,,2411010,,主人公,＜名＞,,,,,,,,,,,,"Really? Then, Uncle... no, Dad, I'll do my best from now on!"
470300 ,,,,,2411010,,,,,,,,,,,,,,,"Grab Komako-chan's waist and start moving with a *zunzunzun* sound, gradually increasing the intensity of the motion."
470400 ,,,,,2411020,,コマコ,コマコ,211_KE01_k_058.wav,komako,,0,,,,,,,,"Ah, n-nnn, if you do that much...... n-nnnnnn!"
470500 ,,,,,2411020,,主人公,＜名＞,,,,,,,,,,,,"You're okay. The baby seems energetic. Besides, if Komako gets really satisfied, her vagina will become softer, making it easier for the baby to come out."
470600 ,,,,,2411020,,コマコ,コマコ,211_KE01_k_059.wav,komako,,0,,,,,,,,"Nnnnngh...... ah, w-well, is that so......"
470800 ,,,,,2411020,,,,,,,,,,,,,,,"I felt like my words made Komako-chan's body go limp, and her pussy seemed to soften and cling to me."
470900 ,,,,,2411020,,コマコ,コマコ,211_KE01_k_060.wav,komako,,0,,,,,,,,"Fwaaaahhh......nnngg, if it feels good for me because it's for the baby's sake......nnngg, I'll do my best uuuu......haaaaaahhh!!"
471000 ,,,,,2411020,,主人公,＜名＞,,,,,,,,,,,,"Yeah, yeah, have a lot of fun. Daddy will do his best too."
471100 ,,,,,2411020,,コマコ,コマコ,211_KE01_k_061.wav,komako,,0,,,,,,,,"Ahhhhh, nnnn, fwaaaahhhh, u, unnnn... try harder, daddy... nnnnnnnnn, h, ahhh!"
471200 ,,,,,2411020,,,,,,,,,,,,,,,"When Komako-chan started moaning and being honest about her pleasure, there was no choice but to get excited when she called me ''Daddy.''"
471300 ,,,,,2411020,,,,,,,,,,,,,,,The dick is as hard as it can possibly get and is spreading Komako-chan's pussy open with a grinding motion.
471400 ,,,,,2411020,,,,,,,,,,,,,,,"From gentle movements that consider the baby, it gradually shifts to intense sex focused on pleasure."
471500 ,,,,,2411020,,コマコ,コマコ,211_KE01_k_062.wav,komako,,0,,,,,,,,"Ahhh, haaaahhh......nnnnngh, the penis feels so good......uhhh, when I feel good, nnngh, does the baby feel good too?"
471600 ,,,,,2411020,,主人公,＜名＞,,,,,,,,,,,,"Yeah, that's right, you can tell I'm happy, right?"
471700 ,,,,,2411020,,コマコ,コマコ,211_KE01_k_063.wav,komako,,0,,,,,,,,"Uh, uhhhh... ahhh, nnnghhh, Daddy's dick is hitting deep inside meee... the baby's happyyyy!"
471800 ,,,,,2411020,,,,,,,,,,,,,,,Komako-chan was also starting to use her hips and greedily indulge in pleasure.
471900 ,,,,,2411020,,,,,,,,,,,,,,,The shifted school swimsuit's crotch area is completely soaked and discolored by love juice.
472000 ,,,,,2411020,,,,,,,,,,,,,,,"Every time my cock slides in and out of that fresh, innocent pink pussy, obscene slurping sounds come out."
472100 ,,,,,2411020,,コマコ,コマコ,211_KE01_k_064.wav,komako,,0,,,,,,,,"Haaaaahhhh, haaaaaahhhh... nnnngh, it feels so good... nnnngh, how long do I have to... nnnngh?"
472200 ,,,,,2411020,,主人公,＜名＞,,,,,,,,,,,,"Well, if Komako gets pregnant, maybe a baby will be born too, right?"
472300 ,,,,,2411020,,コマコ,コマコ,211_KE01_k_065.wav,komako,,0,,,,,,,,"Nnngg......fahhhhh, s, so, I see......nnngg, got it. Then......let me cum, daddy......nnngggg!"
472400 ,,,,,2411020,,,,,,,,,,,,,,,Komako-chan wraps her legs around me and starts begging.
472500 ,,,,,2411020,,,,,,,,,,,,,,,My increasingly hard-working dick was rubbing up against Komako-chan's sensitive parts so thoroughly.
472600 ,,,,,2411020,,,,,,,,,,,,,,,"With his cock, he repeatedly thrusts in and out, polishing the inside of her pussy like he's cleaning it up, slurping and sucking from the entrance all the way to the very depths."
472700 ,,,,,2411020,,,,,,,,,,,,,,,"Since it's for the baby, Komako-chan, who doesn't hold back her pride and naturally gives in to pleasure, is really cute. She's adorable."
472800 ,,,,,2411020,,主人公,＜名＞,,,,,,,,,,,,"Yeah, cum a lot and feel good. To do that, shake your ass a lot from Komako-chan too."
472900 ,,,,,2411020,,コマコ,コマコ,211_KE01_k_066.wav,komako,,0,,,,,,,,"Nnngg, I seeeee...... ahhh, nnngggg, somehow, my boobs are hot......?"
473000 ,,,,,2411020,,,,,,,,,,,,,,,"Komako-chan, with her ass shaking vigorously, opened her eyes wide as she took in my cock."
473200 ,,,,,2411030,,コマコ,コマコ,211_KE01_k_067.wav,komako,,0,,,,,,,,"Ahhh, it's coming out! The boobs are coming out!"
473300 ,,,,,2411030,,,,,,,,,,,,,,,Pshyaaah! Another jet of milk shot out from Komako-chan's nipple.
473400 ,,,,,2411030,,主人公,＜名＞,,,,,,,,,,,,"Wah, wahhh, it's not being squeezed though..."
473500 ,,,,,2411030,,コマコ,コマコ,211_KE01_k_068.wav,komako,,0,,,,,,,,"Nnnnngh...... It feels so good, nnngh, maybe I'll come...... because deep inside my stomach...... fwaaaahhh, I'm coming again!"
473600 ,,,,,2411030,,,,,,,,,,,,,,,"As I thrust deep into her vagina with a *zupo zupo* motion, her milk started squirting out again with a *pyt pyt* sound."
473700 ,,,,,2411030,,,,,,,,,,,,,,,"Oh, I see, it feels so good that even without touching it, it comes out. It's kinda super erotic, huh."
473800 ,,,,,2411030,,コマコ,コマコ,211_KE01_k_069.wav,komako,,0,,,,,,,,"Fwaaaahhh......nnnnnghhh, the old man's dick is getting rough againggg......nnnnnghhh!"
473900 ,,,,,2411030,,主人公,＜名＞,,,,,,,,,,,,I'm sorry. I'm sorry. I got excited looking at Komako-chan's boobs.
474000 ,,,,,2411030,,コマコ,コマコ,211_KE01_k_070.wav,komako,,0,,,,,,,,"Ahhh, nnnngh, moooouu, there's no choice... ahhhhngh!"
474100 ,,,,,2411030,,,,,,,,,,,,,,,"While saying that, Komako-chan stroked my head. But her hand tightly grabbed my head with a strong pleasure."
474200 ,,,,,2411030,,,,,,,,,,,,,,,"My waist was shaking uncontrollably, and my breasts burst out in front of me."
474300 ,,,,,2411030,,コマコ,コマコ,211_KE01_k_071.wav,komako,,0,,,,,,,,"Nnnnngh...... it's fine, just go hard, it's fine... because it's for the baby, you know? Can't be helped..."
474400 ,,,,,2411030,,主人公,＜名＞,,,,,,,,,,,,"Yeah, that's right. It can't be helped for the baby's sake."
474500 ,,,,,2411030,,コマコ,コマコ,211_KE01_k_072.wav,komako,,0,,,,,,,,"Nnngh, nnngh, that's right... even if it feels good and even if my milk comes out, it's all for the baby's sake!"
474600 ,,,,,2411030,,主人公,＜名＞,,,,,,,,,,,,"Yeah, yeah, even if Uncle's dick is thrusting hard *zupo zupo*, it's for the baby, so it can't be helped, right?"
474700 ,,,,,2411030,,,,,,,,,,,,,,,Making excuses to each other while sweating profusely and gyrating their hips together.
474800 ,,,,,2411030,,,,,,,,,,,,,,,"The baby has been kicking around nonstop since earlier. It seems like they're saying, ''I'll be born soon,'' as they keep kicking harder and harder."
474900 ,,,,,2411030,,,,,,,,,,,,,,,"That made his cock throb even more, heightening his excitement."
475000 ,,,,,2411030,,コマコ,コマコ,211_KE01_k_073.wav,komako,,0,,,,,,,,"So, let me come... nnnnnghhh, my breasts are leaking, it feels so good, I'm about to cummm!"
475100 ,,,,,2411030,,主人公,＜名＞,,,,,,,,,,,,"Uhhhh, Uncle's gonna cum soon too, so let's go together, okayyy?"
475200 ,,,,,2411030,,コマコ,コマコ,211_KE01_k_074.wav,komako,,0,,,,,,,,"Faaaaaaahhhh, I understand nowwwww......nnnnnnnghhhhh, baby, just wait a minute, Mommy's gonna cum soon, soooo......!"
475300 ,,,,,2411030,,,,,,,,,,,,,,,"Just as if she were making a final sprint, I mercilessly pounded Komako-chan's already drenched and melted-out pussy with my cock."
475400 ,,,,,2411030,,,,,,,,,,,,,,,"Komako-chan also wraps her legs around my waist, tightly squeezing my dick with a ''kyuukyuu'' sound, and begs for more in a lewd way all over her body."
475500 ,,,,,2411030,,,,,,,,,,,,,,,"The vaginal flesh, heated like magma, seemed to cling and wrap around the semen as if trying to squeeze it out."
475600 ,,,,,2411030,,,,,,,,,,,,,,,The urge to ejaculate is overwhelming.
475700 ,,,,,2411030,,主人公,＜名＞,,,,,,,,,,,,"Ahhhh!! I'm coming, Komako-chan, old man... no, Dad, I'm coming now!!"
475800 ,,,,,2411030,,コマコ,コマコ,211_KE01_k_075.wav,komako,,0,,,,,,,,"I also......nnnngh, I'm gonna cum too, I'm cumming uuuuuuuuuh!"
475900 ,,,,,2411030,,,,,,,,,,,,,,,"And then, the two of us climbed up together at the same time."
476000 ,$menu_begin,,,,,,,,,,,,,,,,,,,■Options
↓,"$menu_item 0,中に出す,sel_1a",,,,,,,,,,,,,,,,,
↓,"$menu_item 1,外に出す,sel_1b",,,,,,,,,,,,,,,,,
↓,$menu_end,,,,,,,,,,,,,,,,,,,
476100 ,*sel_1a,,,,,,,,,,,,,,,,,,,put inside
476300 ,,<!ef_shasei_l>,,,2411040,,,,,,,,,,,,,,,"Bururuuruuruuuuuu, byukuuuuuuu"
476400 ,,,,,2411040,,コマコ,コマコ,211_KE01_k_076.wav,komako,,0,,,,,,,,"Faaaaaaahhhh, ahhhh, nnghhh, is it coming out? It's coming out insideeeeee?!"
476500 ,,<!ef_shasei>,,,2411040,,,,,,,,,,,,,,,"There was no room to pull out in that state, so I came inside you completely."
476600 ,,,,,2411040,,コマコ,コマコ,211_KE01_k_077.wav,komako,,0,,,,,,,,"Nnnnnnngh! It's so hot coming in! Nooo, I'm gonna cummm! Right as I'm cumming, it's so hot, it's burningnnn! Nnnngh!"
476700 ,,,,,2411040,,,,,,,,,,,,,,,"But Komako-chan also seemed to have no room left, and as she was convulsing in orgasm, she was being filled with semen, twitching."
476800 ,,,,,2411040,,,,,,,,,,,,,,,The breasts spurt out in time with the *pushyupushy* sound of going again.
476900 ,,,,,2411040,,コマコ,コマコ,211_KE01_k_078.wav,komako,,0,,,,,,,,"Hiaa...... ahhhh, it's coming outtt, my boobs are coming outtt, nngh, nooo, really noooo......"
477000 ,,,,,2411040,,主人公,＜名＞,,,,,,,,,,,,Uwaa...... Komako-chan's boobs are jiggling jiggly...... they look like a matching set......
477100 ,,<!ef_shasei_l>,,,2411040,,,,,,,,,,,,,,,"They were ejaculating and squirting milk in sync, as if in unison, shooting out white turbid fluid together."
477200 ,,,,,2411040,,,,,,,,,,,,,,,The sticky semen that couldn't be fully received from Komako-chan's pussy overflowed.
477300 ,,,,,2411040,,,,,,,,,,,,,,,The breasts are completely white with spurting milk.
477400 ,,,,,2411040,,,,,,,,,,,,,,,"Inside and out, Komako-chan was drenched in a slippery white liquid as she came hard."
477600 ,,,,,2411050,,コマコ,コマコ,211_KE01_k_079.wav,komako,,0,,,,,,,,Haa... haa... haa... haa...
477700 ,,,,,2411050,,,,,,,,,,,,,,,"After Komako-chan's breasts stopped and even after I came, we still held each other and lingered in the afterglow."
477800 ,,,,,2411050,,コマコ,コマコ,211_KE01_k_080.wav,komako,,0,,,,,,,,"Now... with a baby already, if you cum inside me, wouldn't that be bad..."
477900 ,,,,,2411050,,主人公,＜名＞,,,,,,,,,,,,"Uh, sorry. It felt too good, and I lost the stamina to last..."
478000 ,,,,,2411050,,,,,,,,,,,,,,,With a strength that was neither a tap nor a stroke―something in between―Koma-chan placed her hand on my head.
478100 ,,,,,2411050,,コマコ,コマコ,211_KE01_k_081.wav,komako,,0,,,,,,,,"...Well, I also felt good about it, so it's fine. And I know that uncle can't hold back anyway."
478200 ,,,,,2411050,,,,,,,,,,,,,,,Komako-chan exhaled with a ''huff'' and took her hands off my head.
478300 ,,,,,2411050,,主人公,＜名＞,,,,,,,,,,,,I'm really sorry...... Won't you hate me?
478400 ,,,,,2411050,,,,,,,,,,,,,,,"You forgave me, but you asked like that because you were anxious."
478500 ,,,,,2411050,,,,,,,,,,,,,,,But Komako-chan gently smiled again and patted my head.
478600 ,,,,,2411050,,コマコ,コマコ,211_KE01_k_082.wav,komako,,0,,,,,,,,"Okay... it's fine. Because, you know, Uncle is the baby's father, right? I can't... hate him."
478700 ,,,,,2411050,,,,,,,,,,,,,,,That voice was so gentle that I found myself wanting to cling to her a little longer. I gently pressed my head against Komako-chan's stomach.
478800 ,,,,,2411050,,主人公,＜名＞,,,,,,,,,,,,"So, do you like Uncle?"
478900 ,,,,,2411050,,コマコ,コマコ,211_KE01_k_083.wav,komako,,0,,,,,,,,"Yeah, that's right... uh, uhhh?"
479000 ,,,,,2411050,,,,,,,,,,,,,,,"Suddenly, Komako-chan shivered and trembled in her body."
479100 ,$go join_1,,,,,,,,,,,,,,,,,,,■Convergence
479200 ,*sel_1b,,,,,,,,,,,,,,,,,,,take out
479400 ,,<!ef_shasei_l>,,,2411051,,,,,,,,,,,,,,,vururur
479500 ,,,,,2411051,,コマコ,コマコ,211_KE01_k_084.wav,komako,,0,,,,,,,,Fwaaaahhh... it's hottt...
479600 ,,<!ef_shasei>,,,2411051,,,,,,,,,,,,,,,"At the very last moment, with my last shred of rationality, I pulled my dick out of Komako-chan."
479700 ,,,,,2411051,,,,,,,,,,,,,,,"Well, you can't just splash the baby with it, can you?"
479800 ,,<!ef_shasei_l>,,,2411051,,,,,,,,,,,,,,,bubbyubbyubbyubbyuuuuuuuu!
479900 ,,,,,2411051,,コマコ,コマコ,211_KE01_k_085.wav,komako,,0,,,,,,,,"Nnngh, nnnghhh......so much......ahh, my whole body is getting all slippery......"
480000 ,,,,,2411051,,,,,,,,,,,,,,,"Instead of that, like that, a huge amount of semen poured onto Komako-chan's stomach and breasts."
480100 ,,,,,2411051,,,,,,,,,,,,,,,"I've been holding back all this time, you know? It's not like I didn't take it out."
480200 ,,,,,2411051,,コマコ,コマコ,211_KE01_k_086.wav,komako,,0,,,,,,,,"Oh nooo, my boobs are leaking too!"
480300 ,,,,,2411051,,,,,,,,,,,,,,,The semen splashed on her made Komako's breasts shoot out milk again with a *pyt*.
480400 ,,,,,2411051,,コマコ,コマコ,211_KE01_k_087.wav,komako,,0,,,,,,,,Haa haa haa haa haa haa... n... so slippery...
480500 ,,,,,2411051,,,,,,,,,,,,,,,"With a boob and semen cocktail, Komako-chan, decorated in pure white, murmured with a drowsy face."
480600 ,,,,,2411051,,コマコ,コマコ,211_KE01_k_088.wav,komako,,0,,,,,,,,I wonder if the baby will be born now...
480700 ,,,,,2411051,,主人公,＜名＞,,,,,,,,,,,,"Uh, um... ah, well, Komako-chan. It was about what happened earlier..."
480800 ,,,,,2411051,,コマコ,コマコ,211_KE01_k_089.wav,komako,,0,,,,,,,,What's that?
480900 ,,,,,2411051,,主人公,＜名＞,,,,,,,,,,,,"Uh, well, you called me 'Dad,' right? That means, you know, that..."
481000 ,,,,,2411051,,,,,,,,,,,,,,,"She fidgeted, and before I could tell if it was a tap or a stroke, Komako-chan placed her hand on my head with a strength that was hard to pin down."
481100 ,,,,,2411051,,,,,,,,,,,,,,,Komako-chan smiles with a very kind and beautiful face.
481200 ,,,,,2411051,,コマコ,コマコ,211_KE01_k_090.wav,komako,,0,,,,,,,,Because... the baby's dad is an uncle. And... I can't hate the uncle anymore.
481300 ,,,,,2411051,,主人公,＜名＞,,,,,,,,,,,,"Wait, so that means you like me?"
481400 ,,,,,2411051,,,,,,,,,,,,,,,"When I asked, Komako-chan stroked my head and opened her lips."
481500 ,,,,,2411051,,コマコ,コマコ,211_KE01_k_091.wav,komako,,0,,,,,,,,"Yeah, that's right... u, uhh?"
481600 ,,,,,2411051,,,,,,,,,,,,,,,"Suddenly, Komako-chan shivered and shook her body."
481800 ,*join_1,,,,,,,,,,,,,,,,,,,■Confluence
481900 ,$event_return,,,,,,,,,,,,,,,,,,,
482100 ,,<!scene_h_end>,3,31,,,主人公,＜名＞,,,,,,,,,,,,"Koma, Koma-chan, what's wrong with youuuu?"
482200 ,,,,,,,,,,,,,,,,,,,,"Suddenly, Komako-chan started clutching her stomach in pain."
482300 ,,,,,,,コマコ,コマコ,211_KE01_k_092.wav,"komako,swim",,14,,,,,,,",My stomach hurts..."
482400 ,,,,,,,,,,komako,,14,,,,,,,,"And then, water starts overflowing little by little from between his legs."
482500 ,,,,,,,,,,komako,,14,,,,,,,,"At first, I thought it was urine, but this colorless and transparent one... could it be that Momomo's water has broken!?"
482600 ,,,,,,,主人公,＜名＞,,komako,,14,,,,,,,,"D-do-d-do what should I do, Komako-chan, a baby is being born! An ambulance? A fire truck?"
482700 ,,,,,,,,,,komako,,14,,,,,,,,The panicking me had my head slapped hard by Komako-chan.
482800 ,,,,,,,コマコ,コマコ,211_KE01_k_093.wav,komako,,10,,,,,,,,"Uh, uuuuuuuhhhh, c-calm down. Call an ambulance.... uuuuuuuhhhh, pull yourself together, Dad!"
482900 ,,,,,,,主人公,＜名＞,,komako,,10,,,,,,,,Got it!
483000 ,,,,,,,,,,komako,,10,,,,,,,,"Since I was called ''father,'' there's no choice but to do my best."
483100 ,,,,,,,,,,komako,,10,,,,,,,,"Straightening my back with a snap, I picked up my cell phone."
483200 ,,,,,,,,,,komako,,10,,,,,,,,Komako-chan clung tightly to my arm while struggling.
483300 ,,,,,,,コマコ,コマコ,211_KE01_k_094.wav,"komakoL,swim",,22,,,,,,,",'Um... I'll leave it to you... I like you, okay?'"
483400 ,,,,,,,,,,komakoL,,22,,,,,,,,I unconsciously widened my eyes at such words heard between the dials.
483500 ,,,,,,,,,,komakoL,,22,,,,,,,,"I wanted to ask again, but Komako looked like she was in pain, and the call to the emergency center got through."
483600 ,,,,,,,,,,komakoL,,22,,,,,,,,But that's fine. Probably not a misunderstanding or anything.
483700 ,,,,,,,,,,komakoL,,22,,,,,,,,Komako-chan told me clearly. She likes me. She likes me.
483800 ,,,,,,,,,,komakoL,,22,,,,,,,,"If that's the case, I'll do my best for Komako-chan."
483900 ,,,,,,,,,,komakoL,,22,,,,,,,,"From now on, always, always ―"
484000 ,$exit komako_n,,,,,,,,,,,,,,,,,,,■END
,